instance_name,method,test_sample_id,obj,obj_pi,rel_regret
j30_1,STNU,0,inf,inf,0
j30_1,STNU,1,inf,inf,0
j30_1,STNU,2,inf,inf,0
j30_1,STNU,3,inf,inf,0
j30_1,STNU,4,inf,inf,0
j30_1,STNU,5,inf,inf,0
j30_1,STNU,6,inf,inf,0
j30_1,STNU,7,inf,inf,0
j30_1,STNU,8,inf,inf,0
j30_1,STNU,9,inf,inf,0
j30_1,STNU,10,inf,inf,0
j30_1,STNU,11,inf,inf,0
j30_1,STNU,12,inf,inf,0
j30_1,STNU,13,inf,inf,0
j30_1,STNU,14,inf,inf,0
j30_1,STNU,15,inf,inf,0
j30_1,STNU,16,inf,inf,0
j30_1,STNU,17,inf,inf,0
j30_1,STNU,18,inf,inf,0
j30_1,STNU,19,inf,inf,0
j30_1,STNU,20,inf,inf,0
j30_1,STNU,21,inf,inf,0
j30_1,STNU,22,inf,inf,0
j30_1,STNU,23,inf,inf,0
j30_1,STNU,24,inf,inf,0
j30_1,STNU,25,inf,inf,0
j30_1,STNU,26,inf,inf,0
j30_1,STNU,27,inf,inf,0
j30_1,STNU,28,inf,inf,0
j30_1,STNU,29,inf,inf,0
j30_1,STNU,30,inf,inf,0
j30_1,STNU,31,inf,inf,0
j30_1,STNU,32,inf,inf,0
j30_1,STNU,33,inf,inf,0
j30_1,STNU,34,inf,inf,0
j30_1,STNU,35,inf,inf,0
j30_1,STNU,36,inf,inf,0
j30_1,STNU,37,inf,inf,0
j30_1,STNU,38,inf,inf,0
j30_1,STNU,39,inf,inf,0
j30_1,STNU,40,inf,inf,0
j30_1,STNU,41,inf,inf,0
j30_1,STNU,42,inf,inf,0
j30_1,STNU,43,inf,inf,0
j30_1,STNU,44,inf,inf,0
j30_1,STNU,45,inf,inf,0
j30_1,STNU,46,inf,inf,0
j30_1,STNU,47,inf,inf,0
j30_1,STNU,48,inf,inf,0
j30_1,STNU,49,inf,inf,0
j30_2,STNU,0,inf,inf,0
j30_2,STNU,1,inf,inf,0
j30_2,STNU,2,inf,inf,0
j30_2,STNU,3,inf,94,100
j30_2,STNU,4,inf,inf,0
j30_2,STNU,5,inf,inf,0
j30_2,STNU,6,inf,inf,0
j30_2,STNU,7,inf,inf,0
j30_2,STNU,8,inf,inf,0
j30_2,STNU,9,inf,inf,0
j30_2,STNU,10,inf,inf,0
j30_2,STNU,11,inf,105,100
j30_2,STNU,12,inf,inf,0
j30_2,STNU,13,inf,inf,0
j30_2,STNU,14,inf,inf,0
j30_2,STNU,15,inf,inf,0
j30_2,STNU,16,inf,inf,0
j30_2,STNU,17,inf,inf,0
j30_2,STNU,18,inf,inf,0
j30_2,STNU,19,inf,inf,0
j30_2,STNU,20,inf,inf,0
j30_2,STNU,21,inf,inf,0
j30_2,STNU,22,inf,inf,0
j30_2,STNU,23,inf,inf,0
j30_2,STNU,24,inf,inf,0
j30_2,STNU,25,inf,inf,0
j30_2,STNU,26,inf,inf,0
j30_2,STNU,27,inf,inf,0
j30_2,STNU,28,inf,86,100
j30_2,STNU,29,inf,90,100
j30_2,STNU,30,inf,inf,0
j30_2,STNU,31,inf,inf,0
j30_2,STNU,32,inf,inf,0
j30_2,STNU,33,inf,inf,0
j30_2,STNU,34,inf,inf,0
j30_2,STNU,35,inf,inf,0
j30_2,STNU,36,inf,inf,0
j30_2,STNU,37,inf,94,100
j30_2,STNU,38,inf,inf,0
j30_2,STNU,39,inf,inf,0
j30_2,STNU,40,inf,inf,0
j30_2,STNU,41,inf,84,100
j30_2,STNU,42,inf,inf,0
j30_2,STNU,43,inf,83,100
j30_2,STNU,44,inf,inf,0
j30_2,STNU,45,inf,inf,0
j30_2,STNU,46,inf,inf,0
j30_2,STNU,47,inf,inf,0
j30_2,STNU,48,inf,inf,0
j30_2,STNU,49,inf,inf,0
j30_3,STNU,0,inf,inf,0
j30_3,STNU,1,inf,inf,0
j30_3,STNU,2,inf,inf,0
j30_3,STNU,3,inf,inf,0
j30_3,STNU,4,inf,inf,0
j30_3,STNU,5,inf,inf,0
j30_3,STNU,6,inf,inf,0
j30_3,STNU,7,inf,inf,0
j30_3,STNU,8,inf,inf,0
j30_3,STNU,9,inf,inf,0
j30_3,STNU,10,inf,inf,0
j30_3,STNU,11,inf,inf,0
j30_3,STNU,12,inf,inf,0
j30_3,STNU,13,inf,inf,0
j30_3,STNU,14,inf,inf,0
j30_3,STNU,15,inf,inf,0
j30_3,STNU,16,inf,inf,0
j30_3,STNU,17,inf,inf,0
j30_3,STNU,18,inf,inf,0
j30_3,STNU,19,inf,inf,0
j30_3,STNU,20,inf,inf,0
j30_3,STNU,21,inf,inf,0
j30_3,STNU,22,inf,inf,0
j30_3,STNU,23,inf,inf,0
j30_3,STNU,24,inf,inf,0
j30_3,STNU,25,inf,inf,0
j30_3,STNU,26,inf,inf,0
j30_3,STNU,27,inf,inf,0
j30_3,STNU,28,inf,inf,0
j30_3,STNU,29,inf,inf,0
j30_3,STNU,30,inf,inf,0
j30_3,STNU,31,inf,inf,0
j30_3,STNU,32,inf,inf,0
j30_3,STNU,33,inf,inf,0
j30_3,STNU,34,inf,inf,0
j30_3,STNU,35,inf,inf,0
j30_3,STNU,36,inf,inf,0
j30_3,STNU,37,inf,inf,0
j30_3,STNU,38,inf,inf,0
j30_3,STNU,39,inf,inf,0
j30_3,STNU,40,inf,inf,0
j30_3,STNU,41,inf,inf,0
j30_3,STNU,42,inf,inf,0
j30_3,STNU,43,inf,inf,0
j30_3,STNU,44,inf,inf,0
j30_3,STNU,45,inf,inf,0
j30_3,STNU,46,inf,inf,0
j30_3,STNU,47,inf,inf,0
j30_3,STNU,48,inf,inf,0
j30_3,STNU,49,inf,inf,0
j30_4,STNU,0,inf,81,100
j30_4,STNU,1,inf,90,100
j30_4,STNU,2,inf,89,100
j30_4,STNU,3,inf,91,100
j30_4,STNU,4,inf,86,100
j30_4,STNU,5,inf,89,100
j30_4,STNU,6,inf,78,100
j30_4,STNU,7,inf,80,100
j30_4,STNU,8,inf,98,100
j30_4,STNU,9,inf,88,100
j30_4,STNU,10,inf,88,100
j30_4,STNU,11,inf,89,100
j30_4,STNU,12,inf,91,100
j30_4,STNU,13,inf,84,100
j30_4,STNU,14,inf,87,100
j30_4,STNU,15,inf,85,100
j30_4,STNU,16,inf,94,100
j30_4,STNU,17,inf,90,100
j30_4,STNU,18,inf,88,100
j30_4,STNU,19,inf,95,100
j30_4,STNU,20,inf,82,100
j30_4,STNU,21,inf,90,100
j30_4,STNU,22,inf,91,100
j30_4,STNU,23,inf,84,100
j30_4,STNU,24,inf,86,100
j30_4,STNU,25,inf,90,100
j30_4,STNU,26,inf,100,100
j30_4,STNU,27,inf,93,100
j30_4,STNU,28,inf,93,100
j30_4,STNU,29,inf,79,100
j30_4,STNU,30,inf,93,100
j30_4,STNU,31,inf,84,100
j30_4,STNU,32,inf,86,100
j30_4,STNU,33,inf,88,100
j30_4,STNU,34,inf,91,100
j30_4,STNU,35,inf,98,100
j30_4,STNU,36,inf,97,100
j30_4,STNU,37,inf,96,100
j30_4,STNU,38,inf,84,100
j30_4,STNU,39,inf,93,100
j30_4,STNU,40,inf,93,100
j30_4,STNU,41,inf,93,100
j30_4,STNU,42,inf,93,100
j30_4,STNU,43,inf,87,100
j30_4,STNU,44,inf,93,100
j30_4,STNU,45,inf,91,100
j30_4,STNU,46,inf,89,100
j30_4,STNU,47,inf,87,100
j30_4,STNU,48,inf,90,100
j30_4,STNU,49,inf,93,100
j30_5,STNU,0,inf,inf,0
j30_5,STNU,1,inf,inf,0
j30_5,STNU,2,inf,inf,0
j30_5,STNU,3,inf,inf,0
j30_5,STNU,4,inf,89,100
j30_5,STNU,5,inf,inf,0
j30_5,STNU,6,inf,90,100
j30_5,STNU,7,inf,88,100
j30_5,STNU,8,inf,90,100
j30_5,STNU,9,inf,89,100
j30_5,STNU,10,inf,93,100
j30_5,STNU,11,inf,inf,0
j30_5,STNU,12,inf,92,100
j30_5,STNU,13,inf,inf,0
j30_5,STNU,14,inf,inf,0
j30_5,STNU,15,inf,inf,0
j30_5,STNU,16,inf,inf,0
j30_5,STNU,17,inf,inf,0
j30_5,STNU,18,inf,inf,0
j30_5,STNU,19,inf,inf,0
j30_5,STNU,20,inf,inf,0
j30_5,STNU,21,inf,inf,0
j30_5,STNU,22,inf,97,100
j30_5,STNU,23,inf,inf,0
j30_5,STNU,24,inf,inf,0
j30_5,STNU,25,inf,90,100
j30_5,STNU,26,inf,inf,0
j30_5,STNU,27,inf,inf,0
j30_5,STNU,28,inf,inf,0
j30_5,STNU,29,inf,97,100
j30_5,STNU,30,inf,94,100
j30_5,STNU,31,inf,88,100
j30_5,STNU,32,inf,inf,0
j30_5,STNU,33,inf,inf,0
j30_5,STNU,34,inf,inf,0
j30_5,STNU,35,inf,inf,0
j30_5,STNU,36,inf,86,100
j30_5,STNU,37,inf,inf,0
j30_5,STNU,38,inf,91,100
j30_5,STNU,39,inf,inf,0
j30_5,STNU,40,inf,inf,0
j30_5,STNU,41,inf,inf,0
j30_5,STNU,42,inf,inf,0
j30_5,STNU,43,inf,inf,0
j30_5,STNU,44,inf,inf,0
j30_5,STNU,45,inf,inf,0
j30_5,STNU,46,inf,inf,0
j30_5,STNU,47,inf,inf,0
j30_5,STNU,48,inf,inf,0
j30_5,STNU,49,inf,inf,0
j30_6,STNU,0,inf,inf,0
j30_6,STNU,1,inf,inf,0
j30_6,STNU,2,inf,inf,0
j30_6,STNU,3,inf,inf,0
j30_6,STNU,4,inf,inf,0
j30_6,STNU,5,inf,inf,0
j30_6,STNU,6,inf,inf,0
j30_6,STNU,7,inf,inf,0
j30_6,STNU,8,inf,inf,0
j30_6,STNU,9,inf,inf,0
j30_6,STNU,10,inf,inf,0
j30_6,STNU,11,inf,inf,0
j30_6,STNU,12,inf,inf,0
j30_6,STNU,13,inf,inf,0
j30_6,STNU,14,inf,inf,0
j30_6,STNU,15,inf,inf,0
j30_6,STNU,16,inf,inf,0
j30_6,STNU,17,inf,inf,0
j30_6,STNU,18,inf,inf,0
j30_6,STNU,19,inf,inf,0
j30_6,STNU,20,inf,inf,0
j30_6,STNU,21,inf,inf,0
j30_6,STNU,22,inf,inf,0
j30_6,STNU,23,inf,inf,0
j30_6,STNU,24,inf,inf,0
j30_6,STNU,25,inf,inf,0
j30_6,STNU,26,inf,inf,0
j30_6,STNU,27,inf,inf,0
j30_6,STNU,28,inf,inf,0
j30_6,STNU,29,inf,inf,0
j30_6,STNU,30,inf,inf,0
j30_6,STNU,31,inf,inf,0
j30_6,STNU,32,inf,inf,0
j30_6,STNU,33,inf,inf,0
j30_6,STNU,34,inf,inf,0
j30_6,STNU,35,inf,inf,0
j30_6,STNU,36,inf,inf,0
j30_6,STNU,37,inf,inf,0
j30_6,STNU,38,inf,inf,0
j30_6,STNU,39,inf,inf,0
j30_6,STNU,40,inf,inf,0
j30_6,STNU,41,inf,inf,0
j30_6,STNU,42,inf,inf,0
j30_6,STNU,43,inf,inf,0
j30_6,STNU,44,inf,inf,0
j30_6,STNU,45,inf,inf,0
j30_6,STNU,46,inf,inf,0
j30_6,STNU,47,inf,inf,0
j30_6,STNU,48,inf,inf,0
j30_6,STNU,49,inf,inf,0
j30_7,STNU,0,inf,71,100
j30_7,STNU,1,inf,inf,0
j30_7,STNU,2,inf,inf,0
j30_7,STNU,3,inf,inf,0
j30_7,STNU,4,inf,inf,0
j30_7,STNU,5,inf,73,100
j30_7,STNU,6,inf,inf,0
j30_7,STNU,7,inf,inf,0
j30_7,STNU,8,inf,inf,0
j30_7,STNU,9,inf,71,100
j30_7,STNU,10,inf,inf,0
j30_7,STNU,11,inf,inf,0
j30_7,STNU,12,inf,71,100
j30_7,STNU,13,inf,inf,0
j30_7,STNU,14,inf,inf,0
j30_7,STNU,15,inf,inf,0
j30_7,STNU,16,inf,72,100
j30_7,STNU,17,inf,72,100
j30_7,STNU,18,inf,70,100
j30_7,STNU,19,inf,70,100
j30_7,STNU,20,inf,inf,0
j30_7,STNU,21,inf,72,100
j30_7,STNU,22,inf,inf,0
j30_7,STNU,23,inf,inf,0
j30_7,STNU,24,inf,70,100
j30_7,STNU,25,inf,inf,0
j30_7,STNU,26,inf,inf,0
j30_7,STNU,27,inf,71,100
j30_7,STNU,28,inf,inf,0
j30_7,STNU,29,inf,72,100
j30_7,STNU,30,inf,71,100
j30_7,STNU,31,inf,72,100
j30_7,STNU,32,inf,70,100
j30_7,STNU,33,inf,inf,0
j30_7,STNU,34,inf,inf,0
j30_7,STNU,35,inf,inf,0
j30_7,STNU,36,inf,inf,0
j30_7,STNU,37,inf,72,100
j30_7,STNU,38,inf,inf,0
j30_7,STNU,39,inf,inf,0
j30_7,STNU,40,inf,73,100
j30_7,STNU,41,inf,inf,0
j30_7,STNU,42,inf,71,100
j30_7,STNU,43,inf,70,100
j30_7,STNU,44,inf,inf,0
j30_7,STNU,45,inf,inf,0
j30_7,STNU,46,inf,inf,0
j30_7,STNU,47,inf,inf,0
j30_7,STNU,48,inf,73,100
j30_7,STNU,49,inf,inf,0
j30_8,STNU,0,inf,inf,0
j30_8,STNU,1,inf,inf,0
j30_8,STNU,2,inf,inf,0
j30_8,STNU,3,inf,inf,0
j30_8,STNU,4,inf,inf,0
j30_8,STNU,5,inf,inf,0
j30_8,STNU,6,inf,inf,0
j30_8,STNU,7,inf,inf,0
j30_8,STNU,8,inf,inf,0
j30_8,STNU,9,inf,inf,0
j30_8,STNU,10,inf,inf,0
j30_8,STNU,11,inf,inf,0
j30_8,STNU,12,inf,inf,0
j30_8,STNU,13,inf,inf,0
j30_8,STNU,14,inf,inf,0
j30_8,STNU,15,inf,inf,0
j30_8,STNU,16,inf,inf,0
j30_8,STNU,17,inf,inf,0
j30_8,STNU,18,inf,inf,0
j30_8,STNU,19,inf,inf,0
j30_8,STNU,20,inf,inf,0
j30_8,STNU,21,inf,inf,0
j30_8,STNU,22,inf,inf,0
j30_8,STNU,23,inf,inf,0
j30_8,STNU,24,inf,inf,0
j30_8,STNU,25,inf,inf,0
j30_8,STNU,26,inf,inf,0
j30_8,STNU,27,inf,inf,0
j30_8,STNU,28,inf,inf,0
j30_8,STNU,29,inf,inf,0
j30_8,STNU,30,inf,inf,0
j30_8,STNU,31,inf,inf,0
j30_8,STNU,32,inf,inf,0
j30_8,STNU,33,inf,inf,0
j30_8,STNU,34,inf,inf,0
j30_8,STNU,35,inf,inf,0
j30_8,STNU,36,inf,inf,0
j30_8,STNU,37,inf,inf,0
j30_8,STNU,38,inf,inf,0
j30_8,STNU,39,inf,inf,0
j30_8,STNU,40,inf,inf,0
j30_8,STNU,41,inf,inf,0
j30_8,STNU,42,inf,inf,0
j30_8,STNU,43,inf,inf,0
j30_8,STNU,44,inf,inf,0
j30_8,STNU,45,inf,inf,0
j30_8,STNU,46,inf,inf,0
j30_8,STNU,47,inf,inf,0
j30_8,STNU,48,inf,inf,0
j30_8,STNU,49,inf,inf,0
j30_9,STNU,0,inf,92,100
j30_9,STNU,1,inf,109,100
j30_9,STNU,2,inf,90,100
j30_9,STNU,3,inf,96,100
j30_9,STNU,4,inf,inf,0
j30_9,STNU,5,inf,94,100
j30_9,STNU,6,inf,100,100
j30_9,STNU,7,inf,109,100
j30_9,STNU,8,inf,99,100
j30_9,STNU,9,inf,99,100
j30_9,STNU,10,inf,110,100
j30_9,STNU,11,inf,93,100
j30_9,STNU,12,inf,inf,0
j30_9,STNU,13,inf,106,100
j30_9,STNU,14,inf,inf,0
j30_9,STNU,15,inf,88,100
j30_9,STNU,16,inf,109,100
j30_9,STNU,17,inf,99,100
j30_9,STNU,18,inf,114,100
j30_9,STNU,19,inf,inf,0
j30_9,STNU,20,inf,109,100
j30_9,STNU,21,inf,99,100
j30_9,STNU,22,inf,118,100
j30_9,STNU,23,inf,104,100
j30_9,STNU,24,inf,94,100
j30_9,STNU,25,inf,104,100
j30_9,STNU,26,inf,97,100
j30_9,STNU,27,inf,106,100
j30_9,STNU,28,inf,107,100
j30_9,STNU,29,inf,112,100
j30_9,STNU,30,inf,97,100
j30_9,STNU,31,inf,98,100
j30_9,STNU,32,inf,107,100
j30_9,STNU,33,inf,102,100
j30_9,STNU,34,inf,106,100
j30_9,STNU,35,inf,inf,0
j30_9,STNU,36,inf,90,100
j30_9,STNU,37,inf,93,100
j30_9,STNU,38,inf,94,100
j30_9,STNU,39,inf,105,100
j30_9,STNU,40,inf,inf,0
j30_9,STNU,41,inf,97,100
j30_9,STNU,42,inf,91,100
j30_9,STNU,43,inf,94,100
j30_9,STNU,44,inf,107,100
j30_9,STNU,45,inf,98,100
j30_9,STNU,46,inf,95,100
j30_9,STNU,47,inf,inf,0
j30_9,STNU,48,inf,111,100
j30_9,STNU,49,inf,104,100
j30_10,STNU,0,inf,inf,0
j30_10,STNU,1,inf,inf,0
j30_10,STNU,2,inf,inf,0
j30_10,STNU,3,inf,inf,0
j30_10,STNU,4,inf,inf,0
j30_10,STNU,5,inf,inf,0
j30_10,STNU,6,inf,inf,0
j30_10,STNU,7,inf,inf,0
j30_10,STNU,8,inf,inf,0
j30_10,STNU,9,inf,inf,0
j30_10,STNU,10,inf,inf,0
j30_10,STNU,11,inf,inf,0
j30_10,STNU,12,inf,inf,0
j30_10,STNU,13,inf,inf,0
j30_10,STNU,14,inf,inf,0
j30_10,STNU,15,inf,inf,0
j30_10,STNU,16,inf,inf,0
j30_10,STNU,17,inf,inf,0
j30_10,STNU,18,inf,inf,0
j30_10,STNU,19,inf,inf,0
j30_10,STNU,20,inf,inf,0
j30_10,STNU,21,inf,inf,0
j30_10,STNU,22,inf,inf,0
j30_10,STNU,23,inf,inf,0
j30_10,STNU,24,inf,inf,0
j30_10,STNU,25,inf,inf,0
j30_10,STNU,26,inf,inf,0
j30_10,STNU,27,inf,inf,0
j30_10,STNU,28,inf,inf,0
j30_10,STNU,29,inf,inf,0
j30_10,STNU,30,inf,inf,0
j30_10,STNU,31,inf,inf,0
j30_10,STNU,32,inf,inf,0
j30_10,STNU,33,inf,inf,0
j30_10,STNU,34,inf,inf,0
j30_10,STNU,35,inf,inf,0
j30_10,STNU,36,inf,inf,0
j30_10,STNU,37,inf,inf,0
j30_10,STNU,38,inf,inf,0
j30_10,STNU,39,inf,inf,0
j30_10,STNU,40,inf,inf,0
j30_10,STNU,41,inf,inf,0
j30_10,STNU,42,inf,inf,0
j30_10,STNU,43,inf,inf,0
j30_10,STNU,44,inf,inf,0
j30_10,STNU,45,inf,inf,0
j30_10,STNU,46,inf,inf,0
j30_10,STNU,47,inf,inf,0
j30_10,STNU,48,inf,inf,0
j30_10,STNU,49,inf,inf,0
j30_11,STNU,0,inf,62,100
j30_11,STNU,1,inf,62,100
j30_11,STNU,2,inf,63,100
j30_11,STNU,3,inf,62,100
j30_11,STNU,4,inf,62,100
j30_11,STNU,5,inf,62,100
j30_11,STNU,6,inf,62,100
j30_11,STNU,7,inf,62,100
j30_11,STNU,8,inf,62,100
j30_11,STNU,9,inf,62,100
j30_11,STNU,10,inf,63,100
j30_11,STNU,11,inf,62,100
j30_11,STNU,12,inf,62,100
j30_11,STNU,13,inf,62,100
j30_11,STNU,14,inf,62,100
j30_11,STNU,15,inf,63,100
j30_11,STNU,16,inf,63,100
j30_11,STNU,17,inf,62,100
j30_11,STNU,18,inf,62,100
j30_11,STNU,19,inf,62,100
j30_11,STNU,20,inf,63,100
j30_11,STNU,21,inf,63,100
j30_11,STNU,22,inf,62,100
j30_11,STNU,23,inf,62,100
j30_11,STNU,24,inf,62,100
j30_11,STNU,25,inf,62,100
j30_11,STNU,26,inf,62,100
j30_11,STNU,27,inf,62,100
j30_11,STNU,28,inf,62,100
j30_11,STNU,29,inf,62,100
j30_11,STNU,30,inf,62,100
j30_11,STNU,31,inf,62,100
j30_11,STNU,32,inf,62,100
j30_11,STNU,33,inf,62,100
j30_11,STNU,34,inf,62,100
j30_11,STNU,35,inf,63,100
j30_11,STNU,36,inf,63,100
j30_11,STNU,37,inf,62,100
j30_11,STNU,38,inf,63,100
j30_11,STNU,39,inf,62,100
j30_11,STNU,40,inf,62,100
j30_11,STNU,41,inf,62,100
j30_11,STNU,42,inf,62,100
j30_11,STNU,43,inf,62,100
j30_11,STNU,44,inf,62,100
j30_11,STNU,45,inf,62,100
j30_11,STNU,46,inf,62,100
j30_11,STNU,47,inf,62,100
j30_11,STNU,48,inf,63,100
j30_11,STNU,49,inf,62,100
j30_12,STNU,0,inf,44,100
j30_12,STNU,1,inf,43,100
j30_12,STNU,2,inf,44,100
j30_12,STNU,3,inf,42,100
j30_12,STNU,4,inf,44,100
j30_12,STNU,5,inf,41,100
j30_12,STNU,6,inf,44,100
j30_12,STNU,7,inf,44,100
j30_12,STNU,8,inf,42,100
j30_12,STNU,9,inf,41,100
j30_12,STNU,10,inf,41,100
j30_12,STNU,11,inf,42,100
j30_12,STNU,12,inf,44,100
j30_12,STNU,13,inf,47,100
j30_12,STNU,14,inf,43,100
j30_12,STNU,15,inf,41,100
j30_12,STNU,16,inf,44,100
j30_12,STNU,17,inf,44,100
j30_12,STNU,18,inf,45,100
j30_12,STNU,19,inf,40,100
j30_12,STNU,20,inf,44,100
j30_12,STNU,21,inf,40,100
j30_12,STNU,22,inf,42,100
j30_12,STNU,23,inf,43,100
j30_12,STNU,24,inf,41,100
j30_12,STNU,25,inf,42,100
j30_12,STNU,26,inf,43,100
j30_12,STNU,27,inf,42,100
j30_12,STNU,28,inf,42,100
j30_12,STNU,29,inf,42,100
j30_12,STNU,30,inf,41,100
j30_12,STNU,31,inf,45,100
j30_12,STNU,32,inf,40,100
j30_12,STNU,33,inf,45,100
j30_12,STNU,34,inf,43,100
j30_12,STNU,35,inf,41,100
j30_12,STNU,36,inf,43,100
j30_12,STNU,37,inf,41,100
j30_12,STNU,38,inf,43,100
j30_12,STNU,39,inf,43,100
j30_12,STNU,40,inf,44,100
j30_12,STNU,41,inf,45,100
j30_12,STNU,42,inf,42,100
j30_12,STNU,43,inf,43,100
j30_12,STNU,44,inf,39,100
j30_12,STNU,45,inf,41,100
j30_12,STNU,46,inf,45,100
j30_12,STNU,47,inf,42,100
j30_12,STNU,48,inf,42,100
j30_12,STNU,49,inf,46,100
j30_13,STNU,0,inf,58,100
j30_13,STNU,1,inf,60,100
j30_13,STNU,2,inf,54,100
j30_13,STNU,3,inf,60,100
j30_13,STNU,4,inf,56,100
j30_13,STNU,5,inf,57,100
j30_13,STNU,6,inf,54,100
j30_13,STNU,7,inf,58,100
j30_13,STNU,8,inf,53,100
j30_13,STNU,9,inf,56,100
j30_13,STNU,10,inf,61,100
j30_13,STNU,11,inf,49,100
j30_13,STNU,12,inf,54,100
j30_13,STNU,13,inf,58,100
j30_13,STNU,14,inf,57,100
j30_13,STNU,15,inf,63,100
j30_13,STNU,16,inf,58,100
j30_13,STNU,17,inf,58,100
j30_13,STNU,18,inf,54,100
j30_13,STNU,19,inf,56,100
j30_13,STNU,20,inf,56,100
j30_13,STNU,21,inf,55,100
j30_13,STNU,22,inf,57,100
j30_13,STNU,23,inf,52,100
j30_13,STNU,24,inf,54,100
j30_13,STNU,25,inf,56,100
j30_13,STNU,26,inf,54,100
j30_13,STNU,27,inf,51,100
j30_13,STNU,28,inf,59,100
j30_13,STNU,29,inf,60,100
j30_13,STNU,30,inf,56,100
j30_13,STNU,31,inf,53,100
j30_13,STNU,32,inf,63,100
j30_13,STNU,33,inf,59,100
j30_13,STNU,34,inf,56,100
j30_13,STNU,35,inf,62,100
j30_13,STNU,36,inf,54,100
j30_13,STNU,37,inf,59,100
j30_13,STNU,38,inf,64,100
j30_13,STNU,39,inf,58,100
j30_13,STNU,40,inf,54,100
j30_13,STNU,41,inf,60,100
j30_13,STNU,42,inf,50,100
j30_13,STNU,43,inf,59,100
j30_13,STNU,44,inf,54,100
j30_13,STNU,45,inf,62,100
j30_13,STNU,46,inf,49,100
j30_13,STNU,47,inf,55,100
j30_13,STNU,48,inf,54,100
j30_13,STNU,49,inf,55,100
j30_14,STNU,0,69.0,69,0.0
j30_14,STNU,1,69.0,69,0.0
j30_14,STNU,2,69.0,69,0.0
j30_14,STNU,3,69.0,69,0.0
j30_14,STNU,4,69.0,69,0.0
j30_14,STNU,5,69.0,69,0.0
j30_14,STNU,6,69.0,69,0.0
j30_14,STNU,7,69.0,69,0.0
j30_14,STNU,8,69.0,69,0.0
j30_14,STNU,9,69.0,69,0.0
j30_14,STNU,10,69.0,69,0.0
j30_14,STNU,11,70.0,70,0.0
j30_14,STNU,12,69.0,69,0.0
j30_14,STNU,13,69.0,69,0.0
j30_14,STNU,14,69.0,69,0.0
j30_14,STNU,15,69.0,69,0.0
j30_14,STNU,16,69.0,69,0.0
j30_14,STNU,17,70.0,70,0.0
j30_14,STNU,18,69.0,69,0.0
j30_14,STNU,19,69.0,69,0.0
j30_14,STNU,20,69.0,69,0.0
j30_14,STNU,21,69.0,69,0.0
j30_14,STNU,22,70.0,70,0.0
j30_14,STNU,23,69.0,69,0.0
j30_14,STNU,24,inf,NotImplemented,NotImplemented
j30_14,STNU,25,inf,NotImplemented,NotImplemented
j30_14,STNU,26,inf,NotImplemented,NotImplemented
j30_14,STNU,27,69.0,69,0.0
j30_14,STNU,28,70.0,70,0.0
j30_14,STNU,29,69.0,69,0.0
j30_14,STNU,30,70.0,70,0.0
j30_14,STNU,31,70.0,70,0.0
j30_14,STNU,32,inf,NotImplemented,NotImplemented
j30_14,STNU,33,69.0,69,0.0
j30_14,STNU,34,70.0,70,0.0
j30_14,STNU,35,69.0,69,0.0
j30_14,STNU,36,69.0,69,0.0
j30_14,STNU,37,69.0,69,0.0
j30_14,STNU,38,inf,NotImplemented,NotImplemented
j30_14,STNU,39,70.0,70,0.0
j30_14,STNU,40,69.0,69,0.0
j30_14,STNU,41,69.0,69,0.0
j30_14,STNU,42,69.0,69,0.0
j30_14,STNU,43,69.0,69,0.0
j30_14,STNU,44,69.0,69,0.0
j30_14,STNU,45,69.0,69,0.0
j30_14,STNU,46,69.0,69,0.0
j30_14,STNU,47,69.0,69,0.0
j30_14,STNU,48,69.0,69,0.0
j30_14,STNU,49,inf,NotImplemented,NotImplemented
j30_14,STNU,0,inf,69,100
j30_14,STNU,1,inf,69,100
j30_14,STNU,2,inf,69,100
j30_14,STNU,3,inf,69,100
j30_14,STNU,4,inf,69,100
j30_14,STNU,5,inf,69,100
j30_14,STNU,6,inf,69,100
j30_14,STNU,7,inf,69,100
j30_14,STNU,8,inf,69,100
j30_14,STNU,9,inf,69,100
j30_14,STNU,10,inf,69,100
j30_14,STNU,11,inf,70,100
j30_14,STNU,12,inf,69,100
j30_14,STNU,13,inf,69,100
j30_14,STNU,14,inf,69,100
j30_14,STNU,15,inf,70,100
j30_14,STNU,16,inf,69,100
j30_14,STNU,17,inf,69,100
j30_14,STNU,18,inf,69,100
j30_14,STNU,19,inf,69,100
j30_14,STNU,20,inf,69,100
j30_14,STNU,21,inf,69,100
j30_14,STNU,22,inf,69,100
j30_14,STNU,23,inf,69,100
j30_14,STNU,24,inf,69,100
j30_14,STNU,25,inf,69,100
j30_14,STNU,26,inf,70,100
j30_14,STNU,27,inf,69,100
j30_14,STNU,28,inf,69,100
j30_14,STNU,29,inf,69,100
j30_14,STNU,30,inf,69,100
j30_14,STNU,31,inf,70,100
j30_14,STNU,32,inf,69,100
j30_14,STNU,33,inf,70,100
j30_14,STNU,34,inf,69,100
j30_14,STNU,35,inf,69,100
j30_14,STNU,36,inf,69,100
j30_14,STNU,37,inf,69,100
j30_14,STNU,38,inf,69,100
j30_14,STNU,39,inf,69,100
j30_14,STNU,40,inf,69,100
j30_14,STNU,41,inf,69,100
j30_14,STNU,42,inf,69,100
j30_14,STNU,43,inf,69,100
j30_14,STNU,44,inf,69,100
j30_14,STNU,45,inf,69,100
j30_14,STNU,46,inf,70,100
j30_14,STNU,47,inf,69,100
j30_14,STNU,48,inf,69,100
j30_14,STNU,49,inf,69,100
j30_15,STNU,0,64.0,62,3.225806451612903
j30_15,STNU,1,63.0,62,1.6129032258064515
j30_15,STNU,2,65.0,64,1.5625
j30_15,STNU,3,61.0,58,5.172413793103448
j30_15,STNU,4,63.0,62,1.6129032258064515
j30_15,STNU,5,62.0,62,0.0
j30_15,STNU,6,61.0,61,0.0
j30_15,STNU,7,60.0,60,0.0
j30_15,STNU,8,65.0,65,0.0
j30_15,STNU,9,60.0,60,0.0
j30_15,STNU,10,60.0,60,0.0
j30_15,STNU,11,65.0,63,3.1746031746031744
j30_15,STNU,12,60.0,60,0.0
j30_15,STNU,13,66.0,66,0.0
j30_15,STNU,14,62.0,60,3.3333333333333335
j30_15,STNU,15,60.0,57,5.2631578947368425
j30_15,STNU,16,63.0,61,3.278688524590164
j30_15,STNU,17,66.0,62,6.451612903225806
j30_15,STNU,18,61.0,59,3.389830508474576
j30_15,STNU,19,61.0,61,0.0
j30_15,STNU,20,61.0,58,5.172413793103448
j30_15,STNU,21,60.0,59,1.694915254237288
j30_15,STNU,22,59.0,59,0.0
j30_15,STNU,23,61.0,61,0.0
j30_15,STNU,24,62.0,58,6.896551724137931
j30_15,STNU,25,66.0,66,0.0
j30_15,STNU,26,63.0,61,3.278688524590164
j30_15,STNU,27,66.0,64,3.125
j30_15,STNU,28,59.0,59,0.0
j30_15,STNU,29,60.0,60,0.0
j30_15,STNU,30,61.0,59,3.389830508474576
j30_15,STNU,31,62.0,60,3.3333333333333335
j30_15,STNU,32,64.0,63,1.5873015873015872
j30_15,STNU,33,60.0,57,5.2631578947368425
j30_15,STNU,34,60.0,59,1.694915254237288
j30_15,STNU,35,60.0,60,0.0
j30_15,STNU,36,66.0,65,1.5384615384615385
j30_15,STNU,37,60.0,58,3.4482758620689653
j30_15,STNU,38,64.0,64,0.0
j30_15,STNU,39,64.0,62,3.225806451612903
j30_15,STNU,40,60.0,59,1.694915254237288
j30_15,STNU,41,62.0,60,3.3333333333333335
j30_15,STNU,42,61.0,60,1.6666666666666667
j30_15,STNU,43,63.0,62,1.6129032258064515
j30_15,STNU,44,65.0,63,3.1746031746031744
j30_15,STNU,45,60.0,60,0.0
j30_15,STNU,46,63.0,62,1.6129032258064515
j30_15,STNU,47,58.0,58,0.0
j30_15,STNU,48,67.0,63,6.349206349206349
j30_15,STNU,49,64.0,62,3.225806451612903
j30_16,STNU,0,inf,48,100
j30_16,STNU,1,inf,49,100
j30_16,STNU,2,inf,51,100
j30_16,STNU,3,inf,47,100
j30_16,STNU,4,inf,51,100
j30_16,STNU,5,inf,47,100
j30_16,STNU,6,inf,44,100
j30_16,STNU,7,inf,43,100
j30_16,STNU,8,inf,49,100
j30_16,STNU,9,inf,46,100
j30_16,STNU,10,inf,48,100
j30_16,STNU,11,inf,49,100
j30_16,STNU,12,inf,50,100
j30_16,STNU,13,inf,48,100
j30_16,STNU,14,inf,48,100
j30_16,STNU,15,inf,50,100
j30_16,STNU,16,inf,49,100
j30_16,STNU,17,inf,48,100
j30_16,STNU,18,inf,48,100
j30_16,STNU,19,inf,49,100
j30_16,STNU,20,inf,47,100
j30_16,STNU,21,inf,50,100
j30_16,STNU,22,inf,46,100
j30_16,STNU,23,inf,45,100
j30_16,STNU,24,inf,47,100
j30_16,STNU,25,inf,46,100
j30_16,STNU,26,inf,49,100
j30_16,STNU,27,inf,48,100
j30_16,STNU,28,inf,47,100
j30_16,STNU,29,inf,48,100
j30_16,STNU,30,inf,46,100
j30_16,STNU,31,inf,47,100
j30_16,STNU,32,inf,52,100
j30_16,STNU,33,inf,45,100
j30_16,STNU,34,inf,44,100
j30_16,STNU,35,inf,47,100
j30_16,STNU,36,inf,47,100
j30_16,STNU,37,inf,49,100
j30_16,STNU,38,inf,47,100
j30_16,STNU,39,inf,48,100
j30_16,STNU,40,inf,47,100
j30_16,STNU,41,inf,52,100
j30_16,STNU,42,inf,45,100
j30_16,STNU,43,inf,45,100
j30_16,STNU,44,inf,49,100
j30_16,STNU,45,inf,49,100
j30_16,STNU,46,inf,45,100
j30_16,STNU,47,inf,47,100
j30_16,STNU,48,inf,46,100
j30_16,STNU,49,inf,48,100
j30_17,STNU,0,inf,53,100
j30_17,STNU,1,inf,44,100
j30_17,STNU,2,inf,46,100
j30_17,STNU,3,inf,53,100
j30_17,STNU,4,inf,55,100
j30_17,STNU,5,inf,45,100
j30_17,STNU,6,inf,47,100
j30_17,STNU,7,inf,53,100
j30_17,STNU,8,inf,44,100
j30_17,STNU,9,inf,46,100
j30_17,STNU,10,inf,50,100
j30_17,STNU,11,inf,55,100
j30_17,STNU,12,inf,46,100
j30_17,STNU,13,inf,47,100
j30_17,STNU,14,inf,46,100
j30_17,STNU,15,inf,46,100
j30_17,STNU,16,inf,46,100
j30_17,STNU,17,inf,53,100
j30_17,STNU,18,inf,52,100
j30_17,STNU,19,inf,48,100
j30_17,STNU,20,inf,52,100
j30_17,STNU,21,inf,49,100
j30_17,STNU,22,inf,56,100
j30_17,STNU,23,inf,44,100
j30_17,STNU,24,inf,44,100
j30_17,STNU,25,inf,46,100
j30_17,STNU,26,inf,58,100
j30_17,STNU,27,inf,47,100
j30_17,STNU,28,inf,52,100
j30_17,STNU,29,inf,45,100
j30_17,STNU,30,inf,45,100
j30_17,STNU,31,inf,54,100
j30_17,STNU,32,inf,44,100
j30_17,STNU,33,inf,45,100
j30_17,STNU,34,inf,44,100
j30_17,STNU,35,inf,59,100
j30_17,STNU,36,inf,46,100
j30_17,STNU,37,inf,44,100
j30_17,STNU,38,inf,49,100
j30_17,STNU,39,inf,55,100
j30_17,STNU,40,inf,51,100
j30_17,STNU,41,inf,51,100
j30_17,STNU,42,inf,52,100
j30_17,STNU,43,inf,47,100
j30_17,STNU,44,inf,54,100
j30_17,STNU,45,inf,60,100
j30_17,STNU,46,inf,52,100
j30_17,STNU,47,inf,48,100
j30_17,STNU,48,inf,45,100
j30_17,STNU,49,inf,46,100
j30_18,STNU,0,inf,inf,0
j30_18,STNU,1,inf,inf,0
j30_18,STNU,2,inf,inf,0
j30_18,STNU,3,inf,inf,0
j30_18,STNU,4,inf,inf,0
j30_18,STNU,5,inf,inf,0
j30_18,STNU,6,inf,inf,0
j30_18,STNU,7,inf,inf,0
j30_18,STNU,8,inf,inf,0
j30_18,STNU,9,inf,inf,0
j30_18,STNU,10,inf,inf,0
j30_18,STNU,11,inf,inf,0
j30_18,STNU,12,inf,inf,0
j30_18,STNU,13,inf,inf,0
j30_18,STNU,14,inf,inf,0
j30_18,STNU,15,inf,inf,0
j30_18,STNU,16,inf,inf,0
j30_18,STNU,17,inf,inf,0
j30_18,STNU,18,inf,inf,0
j30_18,STNU,19,inf,inf,0
j30_18,STNU,20,inf,inf,0
j30_18,STNU,21,inf,inf,0
j30_18,STNU,22,inf,inf,0
j30_18,STNU,23,inf,inf,0
j30_18,STNU,24,inf,inf,0
j30_18,STNU,25,inf,inf,0
j30_18,STNU,26,inf,inf,0
j30_18,STNU,27,inf,inf,0
j30_18,STNU,28,inf,inf,0
j30_18,STNU,29,inf,inf,0
j30_18,STNU,30,inf,inf,0
j30_18,STNU,31,inf,inf,0
j30_18,STNU,32,inf,inf,0
j30_18,STNU,33,inf,inf,0
j30_18,STNU,34,inf,inf,0
j30_18,STNU,35,inf,inf,0
j30_18,STNU,36,inf,inf,0
j30_18,STNU,37,inf,inf,0
j30_18,STNU,38,inf,inf,0
j30_18,STNU,39,inf,inf,0
j30_18,STNU,40,inf,inf,0
j30_18,STNU,41,inf,inf,0
j30_18,STNU,42,inf,inf,0
j30_18,STNU,43,inf,inf,0
j30_18,STNU,44,inf,inf,0
j30_18,STNU,45,inf,inf,0
j30_18,STNU,46,inf,inf,0
j30_18,STNU,47,inf,inf,0
j30_18,STNU,48,inf,inf,0
j30_18,STNU,49,inf,inf,0
j30_19,STNU,0,inf,inf,0
j30_19,STNU,1,inf,inf,0
j30_19,STNU,2,inf,inf,0
j30_19,STNU,3,inf,inf,0
j30_19,STNU,4,inf,inf,0
j30_19,STNU,5,inf,inf,0
j30_19,STNU,6,inf,inf,0
j30_19,STNU,7,inf,inf,0
j30_19,STNU,8,inf,inf,0
j30_19,STNU,9,inf,inf,0
j30_19,STNU,10,inf,inf,0
j30_19,STNU,11,inf,inf,0
j30_19,STNU,12,inf,inf,0
j30_19,STNU,13,inf,inf,0
j30_19,STNU,14,inf,inf,0
j30_19,STNU,15,inf,inf,0
j30_19,STNU,16,inf,inf,0
j30_19,STNU,17,inf,inf,0
j30_19,STNU,18,inf,inf,0
j30_19,STNU,19,inf,inf,0
j30_19,STNU,20,inf,inf,0
j30_19,STNU,21,inf,inf,0
j30_19,STNU,22,inf,inf,0
j30_19,STNU,23,inf,inf,0
j30_19,STNU,24,inf,inf,0
j30_19,STNU,25,inf,inf,0
j30_19,STNU,26,inf,inf,0
j30_19,STNU,27,inf,inf,0
j30_19,STNU,28,inf,inf,0
j30_19,STNU,29,inf,inf,0
j30_19,STNU,30,inf,inf,0
j30_19,STNU,31,inf,inf,0
j30_19,STNU,32,inf,inf,0
j30_19,STNU,33,inf,inf,0
j30_19,STNU,34,inf,inf,0
j30_19,STNU,35,inf,inf,0
j30_19,STNU,36,inf,inf,0
j30_19,STNU,37,inf,inf,0
j30_19,STNU,38,inf,inf,0
j30_19,STNU,39,inf,inf,0
j30_19,STNU,40,inf,inf,0
j30_19,STNU,41,inf,inf,0
j30_19,STNU,42,inf,inf,0
j30_19,STNU,43,inf,inf,0
j30_19,STNU,44,inf,inf,0
j30_19,STNU,45,inf,inf,0
j30_19,STNU,46,inf,inf,0
j30_19,STNU,47,inf,inf,0
j30_19,STNU,48,inf,inf,0
j30_19,STNU,49,inf,inf,0
j30_20,STNU,0,33.0,31,6.451612903225806
j30_20,STNU,1,33.0,31,6.451612903225806
j30_20,STNU,2,31.0,29,6.896551724137931
j30_20,STNU,3,31.0,29,6.896551724137931
j30_20,STNU,4,31.0,29,6.896551724137931
j30_20,STNU,5,31.0,29,6.896551724137931
j30_20,STNU,6,32.0,31,3.225806451612903
j30_20,STNU,7,31.0,29,6.896551724137931
j30_20,STNU,8,31.0,29,6.896551724137931
j30_20,STNU,9,32.0,29,10.344827586206897
j30_20,STNU,10,32.0,30,6.666666666666667
j30_20,STNU,11,32.0,30,6.666666666666667
j30_20,STNU,12,32.0,29,10.344827586206897
j30_20,STNU,13,32.0,30,6.666666666666667
j30_20,STNU,14,32.0,30,6.666666666666667
j30_20,STNU,15,33.0,31,6.451612903225806
j30_20,STNU,16,32.0,31,3.225806451612903
j30_20,STNU,17,32.0,30,6.666666666666667
j30_20,STNU,18,31.0,30,3.3333333333333335
j30_20,STNU,19,33.0,30,10.0
j30_20,STNU,20,31.0,30,3.3333333333333335
j30_20,STNU,21,32.0,29,10.344827586206897
j30_20,STNU,22,32.0,30,6.666666666666667
j30_20,STNU,23,33.0,31,6.451612903225806
j30_20,STNU,24,31.0,29,6.896551724137931
j30_20,STNU,25,31.0,30,3.3333333333333335
j30_20,STNU,26,31.0,29,6.896551724137931
j30_20,STNU,27,32.0,31,3.225806451612903
j30_20,STNU,28,32.0,29,10.344827586206897
j30_20,STNU,29,32.0,30,6.666666666666667
j30_20,STNU,30,37.0,32,15.625
j30_20,STNU,31,34.0,33,3.0303030303030303
j30_20,STNU,32,32.0,29,10.344827586206897
j30_20,STNU,33,31.0,29,6.896551724137931
j30_20,STNU,34,32.0,31,3.225806451612903
j30_20,STNU,35,31.0,30,3.3333333333333335
j30_20,STNU,36,32.0,30,6.666666666666667
j30_20,STNU,37,31.0,29,6.896551724137931
j30_20,STNU,38,31.0,30,3.3333333333333335
j30_20,STNU,39,33.0,31,6.451612903225806
j30_20,STNU,40,31.0,29,6.896551724137931
j30_20,STNU,41,32.0,31,3.225806451612903
j30_20,STNU,42,32.0,31,3.225806451612903
j30_20,STNU,43,34.0,30,13.333333333333334
j30_20,STNU,44,32.0,30,6.666666666666667
j30_20,STNU,45,32.0,31,3.225806451612903
j30_20,STNU,46,33.0,31,6.451612903225806
j30_20,STNU,47,32.0,30,6.666666666666667
j30_20,STNU,48,30.0,29,3.4482758620689653
j30_20,STNU,49,33.0,30,10.0
j30_21,STNU,0,inf,48,100
j30_21,STNU,1,inf,48,100
j30_21,STNU,2,inf,48,100
j30_21,STNU,3,inf,49,100
j30_21,STNU,4,inf,48,100
j30_21,STNU,5,inf,49,100
j30_21,STNU,6,inf,50,100
j30_21,STNU,7,inf,51,100
j30_21,STNU,8,inf,49,100
j30_21,STNU,9,inf,49,100
j30_21,STNU,10,inf,51,100
j30_21,STNU,11,inf,48,100
j30_21,STNU,12,inf,48,100
j30_21,STNU,13,inf,48,100
j30_21,STNU,14,inf,50,100
j30_21,STNU,15,inf,48,100
j30_21,STNU,16,inf,48,100
j30_21,STNU,17,inf,49,100
j30_21,STNU,18,inf,50,100
j30_21,STNU,19,inf,48,100
j30_21,STNU,20,inf,52,100
j30_21,STNU,21,inf,51,100
j30_21,STNU,22,inf,48,100
j30_21,STNU,23,inf,50,100
j30_21,STNU,24,inf,49,100
j30_21,STNU,25,inf,48,100
j30_21,STNU,26,inf,48,100
j30_21,STNU,27,inf,48,100
j30_21,STNU,28,inf,50,100
j30_21,STNU,29,inf,49,100
j30_21,STNU,30,inf,49,100
j30_21,STNU,31,inf,49,100
j30_21,STNU,32,inf,48,100
j30_21,STNU,33,inf,48,100
j30_21,STNU,34,inf,53,100
j30_21,STNU,35,inf,48,100
j30_21,STNU,36,inf,52,100
j30_21,STNU,37,inf,48,100
j30_21,STNU,38,inf,49,100
j30_21,STNU,39,inf,49,100
j30_21,STNU,40,inf,49,100
j30_21,STNU,41,inf,48,100
j30_21,STNU,42,inf,48,100
j30_21,STNU,43,inf,52,100
j30_21,STNU,44,inf,48,100
j30_21,STNU,45,inf,48,100
j30_21,STNU,46,inf,48,100
j30_21,STNU,47,inf,49,100
j30_21,STNU,48,inf,48,100
j30_21,STNU,49,inf,48,100
j30_22,STNU,0,inf,78,100
j30_22,STNU,1,inf,78,100
j30_22,STNU,2,inf,78,100
j30_22,STNU,3,inf,78,100
j30_22,STNU,4,inf,78,100
j30_22,STNU,5,inf,78,100
j30_22,STNU,6,inf,78,100
j30_22,STNU,7,inf,78,100
j30_22,STNU,8,inf,78,100
j30_22,STNU,9,inf,78,100
j30_22,STNU,10,inf,78,100
j30_22,STNU,11,inf,78,100
j30_22,STNU,12,inf,78,100
j30_22,STNU,13,inf,78,100
j30_22,STNU,14,inf,78,100
j30_22,STNU,15,inf,78,100
j30_22,STNU,16,inf,79,100
j30_22,STNU,17,inf,78,100
j30_22,STNU,18,inf,78,100
j30_22,STNU,19,inf,78,100
j30_22,STNU,20,inf,78,100
j30_22,STNU,21,inf,78,100
j30_22,STNU,22,inf,79,100
j30_22,STNU,23,inf,78,100
j30_22,STNU,24,inf,78,100
j30_22,STNU,25,inf,78,100
j30_22,STNU,26,inf,78,100
j30_22,STNU,27,inf,78,100
j30_22,STNU,28,inf,78,100
j30_22,STNU,29,inf,78,100
j30_22,STNU,30,inf,79,100
j30_22,STNU,31,inf,78,100
j30_22,STNU,32,inf,78,100
j30_22,STNU,33,inf,79,100
j30_22,STNU,34,inf,78,100
j30_22,STNU,35,inf,79,100
j30_22,STNU,36,inf,78,100
j30_22,STNU,37,inf,78,100
j30_22,STNU,38,inf,78,100
j30_22,STNU,39,inf,78,100
j30_22,STNU,40,inf,78,100
j30_22,STNU,41,inf,78,100
j30_22,STNU,42,inf,78,100
j30_22,STNU,43,inf,78,100
j30_22,STNU,44,inf,78,100
j30_22,STNU,45,inf,78,100
j30_22,STNU,46,inf,78,100
j30_22,STNU,47,inf,78,100
j30_22,STNU,48,inf,79,100
j30_22,STNU,49,inf,78,100
j30_23,STNU,0,inf,46,100
j30_23,STNU,1,inf,50,100
j30_23,STNU,2,inf,46,100
j30_23,STNU,3,inf,47,100
j30_23,STNU,4,inf,45,100
j30_23,STNU,5,inf,45,100
j30_23,STNU,6,inf,45,100
j30_23,STNU,7,inf,49,100
j30_23,STNU,8,inf,45,100
j30_23,STNU,9,inf,45,100
j30_23,STNU,10,inf,45,100
j30_23,STNU,11,inf,45,100
j30_23,STNU,12,inf,49,100
j30_23,STNU,13,inf,46,100
j30_23,STNU,14,inf,44,100
j30_23,STNU,15,inf,45,100
j30_23,STNU,16,inf,45,100
j30_23,STNU,17,inf,46,100
j30_23,STNU,18,inf,45,100
j30_23,STNU,19,inf,44,100
j30_23,STNU,20,inf,46,100
j30_23,STNU,21,inf,50,100
j30_23,STNU,22,inf,46,100
j30_23,STNU,23,inf,45,100
j30_23,STNU,24,inf,47,100
j30_23,STNU,25,inf,45,100
j30_23,STNU,26,inf,45,100
j30_23,STNU,27,inf,45,100
j30_23,STNU,28,inf,46,100
j30_23,STNU,29,inf,45,100
j30_23,STNU,30,inf,48,100
j30_23,STNU,31,inf,45,100
j30_23,STNU,32,inf,46,100
j30_23,STNU,33,inf,45,100
j30_23,STNU,34,inf,45,100
j30_23,STNU,35,inf,47,100
j30_23,STNU,36,inf,49,100
j30_23,STNU,37,inf,47,100
j30_23,STNU,38,inf,46,100
j30_23,STNU,39,inf,46,100
j30_23,STNU,40,inf,46,100
j30_23,STNU,41,inf,48,100
j30_23,STNU,42,inf,49,100
j30_23,STNU,43,inf,46,100
j30_23,STNU,44,inf,45,100
j30_23,STNU,45,inf,47,100
j30_23,STNU,46,inf,47,100
j30_23,STNU,47,inf,48,100
j30_23,STNU,48,inf,45,100
j30_23,STNU,49,inf,44,100
j30_24,STNU,0,inf,36,100
j30_24,STNU,1,inf,35,100
j30_24,STNU,2,inf,35,100
j30_24,STNU,3,inf,36,100
j30_24,STNU,4,inf,35,100
j30_24,STNU,5,inf,35,100
j30_24,STNU,6,inf,36,100
j30_24,STNU,7,inf,35,100
j30_24,STNU,8,inf,35,100
j30_24,STNU,9,inf,36,100
j30_24,STNU,10,inf,36,100
j30_24,STNU,11,inf,35,100
j30_24,STNU,12,inf,40,100
j30_24,STNU,13,inf,37,100
j30_24,STNU,14,inf,35,100
j30_24,STNU,15,inf,35,100
j30_24,STNU,16,inf,36,100
j30_24,STNU,17,inf,38,100
j30_24,STNU,18,inf,35,100
j30_24,STNU,19,inf,39,100
j30_24,STNU,20,inf,37,100
j30_24,STNU,21,inf,35,100
j30_24,STNU,22,inf,35,100
j30_24,STNU,23,inf,35,100
j30_24,STNU,24,inf,35,100
j30_24,STNU,25,inf,35,100
j30_24,STNU,26,inf,35,100
j30_24,STNU,27,inf,35,100
j30_24,STNU,28,inf,38,100
j30_24,STNU,29,inf,35,100
j30_24,STNU,30,inf,36,100
j30_24,STNU,31,inf,38,100
j30_24,STNU,32,inf,36,100
j30_24,STNU,33,inf,36,100
j30_24,STNU,34,inf,38,100
j30_24,STNU,35,inf,35,100
j30_24,STNU,36,inf,35,100
j30_24,STNU,37,inf,36,100
j30_24,STNU,38,inf,39,100
j30_24,STNU,39,inf,35,100
j30_24,STNU,40,inf,36,100
j30_24,STNU,41,inf,39,100
j30_24,STNU,42,inf,35,100
j30_24,STNU,43,inf,35,100
j30_24,STNU,44,inf,36,100
j30_24,STNU,45,inf,38,100
j30_24,STNU,46,inf,35,100
j30_24,STNU,47,inf,39,100
j30_24,STNU,48,inf,36,100
j30_24,STNU,49,inf,35,100
j30_25,STNU,0,inf,78,100
j30_25,STNU,1,inf,80,100
j30_25,STNU,2,inf,79,100
j30_25,STNU,3,inf,78,100
j30_25,STNU,4,inf,79,100
j30_25,STNU,5,inf,78,100
j30_25,STNU,6,inf,78,100
j30_25,STNU,7,inf,78,100
j30_25,STNU,8,inf,78,100
j30_25,STNU,9,inf,78,100
j30_25,STNU,10,inf,78,100
j30_25,STNU,11,inf,78,100
j30_25,STNU,12,inf,79,100
j30_25,STNU,13,inf,80,100
j30_25,STNU,14,inf,78,100
j30_25,STNU,15,inf,78,100
j30_25,STNU,16,inf,78,100
j30_25,STNU,17,inf,78,100
j30_25,STNU,18,inf,78,100
j30_25,STNU,19,inf,80,100
j30_25,STNU,20,inf,78,100
j30_25,STNU,21,inf,80,100
j30_25,STNU,22,inf,79,100
j30_25,STNU,23,inf,78,100
j30_25,STNU,24,inf,78,100
j30_25,STNU,25,inf,78,100
j30_25,STNU,26,inf,80,100
j30_25,STNU,27,inf,80,100
j30_25,STNU,28,inf,78,100
j30_25,STNU,29,inf,78,100
j30_25,STNU,30,inf,78,100
j30_25,STNU,31,inf,78,100
j30_25,STNU,32,inf,80,100
j30_25,STNU,33,inf,78,100
j30_25,STNU,34,inf,78,100
j30_25,STNU,35,inf,78,100
j30_25,STNU,36,inf,78,100
j30_25,STNU,37,inf,80,100
j30_25,STNU,38,inf,78,100
j30_25,STNU,39,inf,79,100
j30_25,STNU,40,inf,78,100
j30_25,STNU,41,inf,78,100
j30_25,STNU,42,inf,78,100
j30_25,STNU,43,inf,78,100
j30_25,STNU,44,inf,78,100
j30_25,STNU,45,inf,80,100
j30_25,STNU,46,inf,78,100
j30_25,STNU,47,inf,78,100
j30_25,STNU,48,inf,78,100
j30_25,STNU,49,inf,78,100
j30_26,STNU,0,inf,51,100
j30_26,STNU,1,inf,52,100
j30_26,STNU,2,inf,51,100
j30_26,STNU,3,inf,52,100
j30_26,STNU,4,inf,52,100
j30_26,STNU,5,inf,51,100
j30_26,STNU,6,inf,51,100
j30_26,STNU,7,inf,51,100
j30_26,STNU,8,inf,51,100
j30_26,STNU,9,inf,51,100
j30_26,STNU,10,inf,51,100
j30_26,STNU,11,inf,51,100
j30_26,STNU,12,inf,51,100
j30_26,STNU,13,inf,51,100
j30_26,STNU,14,inf,51,100
j30_26,STNU,15,inf,51,100
j30_26,STNU,16,inf,52,100
j30_26,STNU,17,inf,51,100
j30_26,STNU,18,inf,52,100
j30_26,STNU,19,inf,52,100
j30_26,STNU,20,inf,51,100
j30_26,STNU,21,inf,51,100
j30_26,STNU,22,inf,51,100
j30_26,STNU,23,inf,51,100
j30_26,STNU,24,inf,51,100
j30_26,STNU,25,inf,51,100
j30_26,STNU,26,inf,51,100
j30_26,STNU,27,inf,51,100
j30_26,STNU,28,inf,51,100
j30_26,STNU,29,inf,51,100
j30_26,STNU,30,inf,52,100
j30_26,STNU,31,inf,52,100
j30_26,STNU,32,inf,51,100
j30_26,STNU,33,inf,52,100
j30_26,STNU,34,inf,51,100
j30_26,STNU,35,inf,51,100
j30_26,STNU,36,inf,51,100
j30_26,STNU,37,inf,52,100
j30_26,STNU,38,inf,51,100
j30_26,STNU,39,inf,51,100
j30_26,STNU,40,inf,52,100
j30_26,STNU,41,inf,51,100
j30_26,STNU,42,inf,51,100
j30_26,STNU,43,inf,51,100
j30_26,STNU,44,inf,51,100
j30_26,STNU,45,inf,52,100
j30_26,STNU,46,inf,51,100
j30_26,STNU,47,inf,52,100
j30_26,STNU,48,inf,51,100
j30_26,STNU,49,inf,51,100
j30_27,STNU,0,inf,60,100
j30_27,STNU,1,inf,60,100
j30_27,STNU,2,inf,60,100
j30_27,STNU,3,inf,60,100
j30_27,STNU,4,inf,60,100
j30_27,STNU,5,inf,60,100
j30_27,STNU,6,inf,60,100
j30_27,STNU,7,inf,60,100
j30_27,STNU,8,inf,60,100
j30_27,STNU,9,inf,60,100
j30_27,STNU,10,inf,60,100
j30_27,STNU,11,inf,60,100
j30_27,STNU,12,inf,60,100
j30_27,STNU,13,inf,60,100
j30_27,STNU,14,inf,60,100
j30_27,STNU,15,inf,60,100
j30_27,STNU,16,inf,60,100
j30_27,STNU,17,inf,60,100
j30_27,STNU,18,inf,60,100
j30_27,STNU,19,inf,60,100
j30_27,STNU,20,inf,60,100
j30_27,STNU,21,inf,60,100
j30_27,STNU,22,inf,60,100
j30_27,STNU,23,inf,60,100
j30_27,STNU,24,inf,60,100
j30_27,STNU,25,inf,60,100
j30_27,STNU,26,inf,60,100
j30_27,STNU,27,inf,60,100
j30_27,STNU,28,inf,60,100
j30_27,STNU,29,inf,60,100
j30_27,STNU,30,inf,60,100
j30_27,STNU,31,inf,60,100
j30_27,STNU,32,inf,60,100
j30_27,STNU,33,inf,60,100
j30_27,STNU,34,inf,60,100
j30_27,STNU,35,inf,60,100
j30_27,STNU,36,inf,60,100
j30_27,STNU,37,inf,60,100
j30_27,STNU,38,inf,60,100
j30_27,STNU,39,inf,60,100
j30_27,STNU,40,inf,60,100
j30_27,STNU,41,inf,60,100
j30_27,STNU,42,inf,60,100
j30_27,STNU,43,inf,60,100
j30_27,STNU,44,inf,60,100
j30_27,STNU,45,inf,60,100
j30_27,STNU,46,inf,60,100
j30_27,STNU,47,inf,60,100
j30_27,STNU,48,inf,60,100
j30_27,STNU,49,inf,60,100
j30_28,STNU,0,inf,87,100
j30_28,STNU,1,inf,87,100
j30_28,STNU,2,inf,87,100
j30_28,STNU,3,inf,87,100
j30_28,STNU,4,inf,87,100
j30_28,STNU,5,inf,87,100
j30_28,STNU,6,inf,89,100
j30_28,STNU,7,inf,87,100
j30_28,STNU,8,inf,87,100
j30_28,STNU,9,inf,87,100
j30_28,STNU,10,inf,87,100
j30_28,STNU,11,inf,87,100
j30_28,STNU,12,inf,87,100
j30_28,STNU,13,inf,87,100
j30_28,STNU,14,inf,87,100
j30_28,STNU,15,inf,89,100
j30_28,STNU,16,inf,89,100
j30_28,STNU,17,inf,87,100
j30_28,STNU,18,inf,88,100
j30_28,STNU,19,inf,87,100
j30_28,STNU,20,inf,87,100
j30_28,STNU,21,inf,87,100
j30_28,STNU,22,inf,87,100
j30_28,STNU,23,inf,87,100
j30_28,STNU,24,inf,87,100
j30_28,STNU,25,inf,87,100
j30_28,STNU,26,inf,87,100
j30_28,STNU,27,inf,89,100
j30_28,STNU,28,inf,89,100
j30_28,STNU,29,inf,87,100
j30_28,STNU,30,inf,87,100
j30_28,STNU,31,inf,87,100
j30_28,STNU,32,inf,87,100
j30_28,STNU,33,inf,87,100
j30_28,STNU,34,inf,87,100
j30_28,STNU,35,inf,88,100
j30_28,STNU,36,inf,87,100
j30_28,STNU,37,inf,88,100
j30_28,STNU,38,inf,87,100
j30_28,STNU,39,inf,87,100
j30_28,STNU,40,inf,87,100
j30_28,STNU,41,inf,88,100
j30_28,STNU,42,inf,88,100
j30_28,STNU,43,inf,87,100
j30_28,STNU,44,inf,87,100
j30_28,STNU,45,inf,87,100
j30_28,STNU,46,inf,87,100
j30_28,STNU,47,inf,88,100
j30_28,STNU,48,inf,89,100
j30_28,STNU,49,inf,89,100
j30_29,STNU,0,inf,62,100
j30_29,STNU,1,inf,62,100
j30_29,STNU,2,inf,62,100
j30_29,STNU,3,inf,62,100
j30_29,STNU,4,inf,62,100
j30_29,STNU,5,inf,62,100
j30_29,STNU,6,inf,62,100
j30_29,STNU,7,inf,62,100
j30_29,STNU,8,inf,62,100
j30_29,STNU,9,inf,62,100
j30_29,STNU,10,inf,62,100
j30_29,STNU,11,inf,63,100
j30_29,STNU,12,inf,62,100
j30_29,STNU,13,inf,62,100
j30_29,STNU,14,inf,62,100
j30_29,STNU,15,inf,62,100
j30_29,STNU,16,inf,62,100
j30_29,STNU,17,inf,63,100
j30_29,STNU,18,inf,63,100
j30_29,STNU,19,inf,62,100
j30_29,STNU,20,inf,63,100
j30_29,STNU,21,inf,62,100
j30_29,STNU,22,inf,63,100
j30_29,STNU,23,inf,62,100
j30_29,STNU,24,inf,62,100
j30_29,STNU,25,inf,62,100
j30_29,STNU,26,inf,62,100
j30_29,STNU,27,inf,62,100
j30_29,STNU,28,inf,62,100
j30_29,STNU,29,inf,62,100
j30_29,STNU,30,inf,62,100
j30_29,STNU,31,inf,62,100
j30_29,STNU,32,inf,62,100
j30_29,STNU,33,inf,62,100
j30_29,STNU,34,inf,62,100
j30_29,STNU,35,inf,62,100
j30_29,STNU,36,inf,62,100
j30_29,STNU,37,inf,63,100
j30_29,STNU,38,inf,62,100
j30_29,STNU,39,inf,62,100
j30_29,STNU,40,inf,63,100
j30_29,STNU,41,inf,62,100
j30_29,STNU,42,inf,62,100
j30_29,STNU,43,inf,62,100
j30_29,STNU,44,inf,62,100
j30_29,STNU,45,inf,62,100
j30_29,STNU,46,inf,63,100
j30_29,STNU,47,inf,62,100
j30_29,STNU,48,inf,62,100
j30_29,STNU,49,inf,62,100
j30_30,STNU,0,inf,66,100
j30_30,STNU,1,inf,66,100
j30_30,STNU,2,inf,66,100
j30_30,STNU,3,inf,66,100
j30_30,STNU,4,inf,66,100
j30_30,STNU,5,inf,66,100
j30_30,STNU,6,inf,66,100
j30_30,STNU,7,inf,66,100
j30_30,STNU,8,inf,66,100
j30_30,STNU,9,inf,66,100
j30_30,STNU,10,inf,66,100
j30_30,STNU,11,inf,66,100
j30_30,STNU,12,inf,66,100
j30_30,STNU,13,inf,66,100
j30_30,STNU,14,inf,66,100
j30_30,STNU,15,inf,66,100
j30_30,STNU,16,inf,66,100
j30_30,STNU,17,inf,66,100
j30_30,STNU,18,inf,66,100
j30_30,STNU,19,inf,66,100
j30_30,STNU,20,inf,66,100
j30_30,STNU,21,inf,66,100
j30_30,STNU,22,inf,66,100
j30_30,STNU,23,inf,66,100
j30_30,STNU,24,inf,66,100
j30_30,STNU,25,inf,66,100
j30_30,STNU,26,inf,66,100
j30_30,STNU,27,inf,66,100
j30_30,STNU,28,inf,66,100
j30_30,STNU,29,inf,66,100
j30_30,STNU,30,inf,66,100
j30_30,STNU,31,inf,66,100
j30_30,STNU,32,inf,66,100
j30_30,STNU,33,inf,66,100
j30_30,STNU,34,inf,66,100
j30_30,STNU,35,inf,66,100
j30_30,STNU,36,inf,66,100
j30_30,STNU,37,inf,66,100
j30_30,STNU,38,inf,66,100
j30_30,STNU,39,inf,66,100
j30_30,STNU,40,inf,66,100
j30_30,STNU,41,inf,66,100
j30_30,STNU,42,inf,66,100
j30_30,STNU,43,inf,66,100
j30_30,STNU,44,inf,66,100
j30_30,STNU,45,inf,66,100
j30_30,STNU,46,inf,66,100
j30_30,STNU,47,inf,66,100
j30_30,STNU,48,inf,66,100
j30_30,STNU,49,inf,66,100
j30_31,STNU,0,inf,inf,0
j30_31,STNU,1,inf,inf,0
j30_31,STNU,2,inf,inf,0
j30_31,STNU,3,inf,inf,0
j30_31,STNU,4,inf,inf,0
j30_31,STNU,5,inf,116,100
j30_31,STNU,6,inf,inf,0
j30_31,STNU,7,inf,inf,0
j30_31,STNU,8,inf,inf,0
j30_31,STNU,9,inf,inf,0
j30_31,STNU,10,inf,inf,0
j30_31,STNU,11,inf,inf,0
j30_31,STNU,12,inf,inf,0
j30_31,STNU,13,inf,inf,0
j30_31,STNU,14,inf,inf,0
j30_31,STNU,15,inf,inf,0
j30_31,STNU,16,inf,inf,0
j30_31,STNU,17,inf,98,100
j30_31,STNU,18,inf,inf,0
j30_31,STNU,19,inf,inf,0
j30_31,STNU,20,inf,inf,0
j30_31,STNU,21,inf,inf,0
j30_31,STNU,22,inf,101,100
j30_31,STNU,23,inf,inf,0
j30_31,STNU,24,inf,inf,0
j30_31,STNU,25,inf,inf,0
j30_31,STNU,26,inf,inf,0
j30_31,STNU,27,inf,inf,0
j30_31,STNU,28,inf,inf,0
j30_31,STNU,29,inf,103,100
j30_31,STNU,30,inf,inf,0
j30_31,STNU,31,inf,inf,0
j30_31,STNU,32,inf,inf,0
j30_31,STNU,33,inf,inf,0
j30_31,STNU,34,inf,inf,0
j30_31,STNU,35,inf,inf,0
j30_31,STNU,36,inf,inf,0
j30_31,STNU,37,inf,inf,0
j30_31,STNU,38,inf,inf,0
j30_31,STNU,39,inf,inf,0
j30_31,STNU,40,inf,inf,0
j30_31,STNU,41,inf,inf,0
j30_31,STNU,42,inf,inf,0
j30_31,STNU,43,inf,103,100
j30_31,STNU,44,inf,inf,0
j30_31,STNU,45,inf,inf,0
j30_31,STNU,46,inf,inf,0
j30_31,STNU,47,inf,inf,0
j30_31,STNU,48,inf,inf,0
j30_31,STNU,49,inf,105,100
j30_32,STNU,0,inf,108,100
j30_32,STNU,1,inf,inf,0
j30_32,STNU,2,inf,inf,0
j30_32,STNU,3,inf,100,100
j30_32,STNU,4,inf,93,100
j30_32,STNU,5,inf,98,100
j30_32,STNU,6,inf,inf,0
j30_32,STNU,7,inf,96,100
j30_32,STNU,8,inf,98,100
j30_32,STNU,9,inf,inf,0
j30_32,STNU,10,inf,94,100
j30_32,STNU,11,inf,99,100
j30_32,STNU,12,inf,100,100
j30_32,STNU,13,inf,inf,0
j30_32,STNU,14,inf,inf,0
j30_32,STNU,15,inf,101,100
j30_32,STNU,16,inf,94,100
j30_32,STNU,17,inf,91,100
j30_32,STNU,18,inf,95,100
j30_32,STNU,19,inf,94,100
j30_32,STNU,20,inf,104,100
j30_32,STNU,21,inf,100,100
j30_32,STNU,22,inf,105,100
j30_32,STNU,23,inf,inf,0
j30_32,STNU,24,inf,89,100
j30_32,STNU,25,inf,97,100
j30_32,STNU,26,inf,inf,0
j30_32,STNU,27,inf,101,100
j30_32,STNU,28,inf,95,100
j30_32,STNU,29,inf,inf,0
j30_32,STNU,30,inf,103,100
j30_32,STNU,31,inf,inf,0
j30_32,STNU,32,inf,90,100
j30_32,STNU,33,inf,93,100
j30_32,STNU,34,inf,92,100
j30_32,STNU,35,inf,inf,0
j30_32,STNU,36,inf,98,100
j30_32,STNU,37,inf,92,100
j30_32,STNU,38,inf,101,100
j30_32,STNU,39,inf,inf,0
j30_32,STNU,40,inf,89,100
j30_32,STNU,41,inf,92,100
j30_32,STNU,42,inf,95,100
j30_32,STNU,43,inf,91,100
j30_32,STNU,44,inf,96,100
j30_32,STNU,45,inf,96,100
j30_32,STNU,46,inf,inf,0
j30_32,STNU,47,inf,105,100
j30_32,STNU,48,inf,94,100
j30_32,STNU,49,inf,90,100
j30_33,STNU,0,inf,97,100
j30_33,STNU,1,inf,97,100
j30_33,STNU,2,inf,101,100
j30_33,STNU,3,inf,100,100
j30_33,STNU,4,inf,103,100
j30_33,STNU,5,inf,99,100
j30_33,STNU,6,inf,97,100
j30_33,STNU,7,inf,103,100
j30_33,STNU,8,inf,92,100
j30_33,STNU,9,inf,96,100
j30_33,STNU,10,inf,96,100
j30_33,STNU,11,inf,98,100
j30_33,STNU,12,inf,103,100
j30_33,STNU,13,inf,105,100
j30_33,STNU,14,inf,86,100
j30_33,STNU,15,inf,101,100
j30_33,STNU,16,inf,91,100
j30_33,STNU,17,inf,95,100
j30_33,STNU,18,inf,92,100
j30_33,STNU,19,inf,108,100
j30_33,STNU,20,inf,109,100
j30_33,STNU,21,inf,102,100
j30_33,STNU,22,inf,110,100
j30_33,STNU,23,inf,90,100
j30_33,STNU,24,inf,97,100
j30_33,STNU,25,inf,109,100
j30_33,STNU,26,inf,102,100
j30_33,STNU,27,inf,97,100
j30_33,STNU,28,inf,97,100
j30_33,STNU,29,inf,94,100
j30_33,STNU,30,inf,111,100
j30_33,STNU,31,inf,102,100
j30_33,STNU,32,inf,95,100
j30_33,STNU,33,inf,96,100
j30_33,STNU,34,inf,105,100
j30_33,STNU,35,inf,101,100
j30_33,STNU,36,inf,91,100
j30_33,STNU,37,inf,111,100
j30_33,STNU,38,inf,96,100
j30_33,STNU,39,inf,102,100
j30_33,STNU,40,inf,100,100
j30_33,STNU,41,inf,98,100
j30_33,STNU,42,inf,105,100
j30_33,STNU,43,inf,102,100
j30_33,STNU,44,inf,100,100
j30_33,STNU,45,inf,90,100
j30_33,STNU,46,inf,95,100
j30_33,STNU,47,inf,100,100
j30_33,STNU,48,inf,98,100
j30_33,STNU,49,inf,94,100
j30_34,STNU,0,inf,inf,0
j30_34,STNU,1,inf,inf,0
j30_34,STNU,2,inf,inf,0
j30_34,STNU,3,inf,123,100
j30_34,STNU,4,inf,inf,0
j30_34,STNU,5,inf,inf,0
j30_34,STNU,6,inf,inf,0
j30_34,STNU,7,inf,inf,0
j30_34,STNU,8,inf,inf,0
j30_34,STNU,9,inf,inf,0
j30_34,STNU,10,inf,inf,0
j30_34,STNU,11,inf,inf,0
j30_34,STNU,12,inf,inf,0
j30_34,STNU,13,inf,136,100
j30_34,STNU,14,inf,inf,0
j30_34,STNU,15,inf,inf,0
j30_34,STNU,16,inf,inf,0
j30_34,STNU,17,inf,inf,0
j30_34,STNU,18,inf,inf,0
j30_34,STNU,19,inf,inf,0
j30_34,STNU,20,inf,inf,0
j30_34,STNU,21,inf,inf,0
j30_34,STNU,22,inf,inf,0
j30_34,STNU,23,inf,inf,0
j30_34,STNU,24,inf,inf,0
j30_34,STNU,25,inf,inf,0
j30_34,STNU,26,inf,inf,0
j30_34,STNU,27,inf,inf,0
j30_34,STNU,28,inf,inf,0
j30_34,STNU,29,inf,138,100
j30_34,STNU,30,inf,inf,0
j30_34,STNU,31,inf,137,100
j30_34,STNU,32,inf,inf,0
j30_34,STNU,33,inf,inf,0
j30_34,STNU,34,inf,inf,0
j30_34,STNU,35,inf,inf,0
j30_34,STNU,36,inf,inf,0
j30_34,STNU,37,inf,141,100
j30_34,STNU,38,inf,141,100
j30_34,STNU,39,inf,inf,0
j30_34,STNU,40,inf,inf,0
j30_34,STNU,41,inf,inf,0
j30_34,STNU,42,inf,inf,0
j30_34,STNU,43,inf,137,100
j30_34,STNU,44,inf,inf,0
j30_34,STNU,45,inf,inf,0
j30_34,STNU,46,inf,145,100
j30_34,STNU,47,inf,inf,0
j30_34,STNU,48,inf,inf,0
j30_34,STNU,49,inf,139,100
j30_35,STNU,0,inf,107,100
j30_35,STNU,1,inf,117,100
j30_35,STNU,2,inf,126,100
j30_35,STNU,3,inf,109,100
j30_35,STNU,4,inf,114,100
j30_35,STNU,5,inf,111,100
j30_35,STNU,6,inf,123,100
j30_35,STNU,7,inf,114,100
j30_35,STNU,8,inf,130,100
j30_35,STNU,9,inf,108,100
j30_35,STNU,10,inf,114,100
j30_35,STNU,11,inf,108,100
j30_35,STNU,12,inf,117,100
j30_35,STNU,13,inf,113,100
j30_35,STNU,14,inf,114,100
j30_35,STNU,15,inf,120,100
j30_35,STNU,16,inf,115,100
j30_35,STNU,17,inf,110,100
j30_35,STNU,18,inf,128,100
j30_35,STNU,19,inf,127,100
j30_35,STNU,20,inf,111,100
j30_35,STNU,21,inf,123,100
j30_35,STNU,22,inf,122,100
j30_35,STNU,23,inf,115,100
j30_35,STNU,24,inf,123,100
j30_35,STNU,25,inf,117,100
j30_35,STNU,26,inf,107,100
j30_35,STNU,27,inf,115,100
j30_35,STNU,28,inf,108,100
j30_35,STNU,29,inf,115,100
j30_35,STNU,30,inf,117,100
j30_35,STNU,31,inf,115,100
j30_35,STNU,32,inf,126,100
j30_35,STNU,33,inf,114,100
j30_35,STNU,34,inf,111,100
j30_35,STNU,35,inf,115,100
j30_35,STNU,36,inf,112,100
j30_35,STNU,37,inf,128,100
j30_35,STNU,38,inf,118,100
j30_35,STNU,39,inf,117,100
j30_35,STNU,40,inf,120,100
j30_35,STNU,41,inf,128,100
j30_35,STNU,42,inf,116,100
j30_35,STNU,43,inf,113,100
j30_35,STNU,44,inf,108,100
j30_35,STNU,45,inf,114,100
j30_35,STNU,46,inf,112,100
j30_35,STNU,47,inf,126,100
j30_35,STNU,48,inf,129,100
j30_35,STNU,49,inf,125,100
j30_36,STNU,0,inf,inf,0
j30_36,STNU,1,inf,82,100
j30_36,STNU,2,inf,66,100
j30_36,STNU,3,inf,71,100
j30_36,STNU,4,inf,inf,0
j30_36,STNU,5,inf,inf,0
j30_36,STNU,6,inf,inf,0
j30_36,STNU,7,inf,64,100
j30_36,STNU,8,inf,inf,0
j30_36,STNU,9,inf,73,100
j30_36,STNU,10,inf,inf,0
j30_36,STNU,11,inf,inf,0
j30_36,STNU,12,inf,inf,0
j30_36,STNU,13,inf,inf,0
j30_36,STNU,14,inf,inf,0
j30_36,STNU,15,inf,74,100
j30_36,STNU,16,inf,74,100
j30_36,STNU,17,inf,inf,0
j30_36,STNU,18,inf,inf,0
j30_36,STNU,19,inf,inf,0
j30_36,STNU,20,inf,inf,0
j30_36,STNU,21,inf,70,100
j30_36,STNU,22,inf,68,100
j30_36,STNU,23,inf,inf,0
j30_36,STNU,24,inf,75,100
j30_36,STNU,25,inf,77,100
j30_36,STNU,26,inf,77,100
j30_36,STNU,27,inf,inf,0
j30_36,STNU,28,inf,75,100
j30_36,STNU,29,inf,inf,0
j30_36,STNU,30,inf,inf,0
j30_36,STNU,31,inf,75,100
j30_36,STNU,32,inf,inf,0
j30_36,STNU,33,inf,inf,0
j30_36,STNU,34,inf,inf,0
j30_36,STNU,35,inf,inf,0
j30_36,STNU,36,inf,inf,0
j30_36,STNU,37,inf,inf,0
j30_36,STNU,38,inf,inf,0
j30_36,STNU,39,inf,82,100
j30_36,STNU,40,inf,inf,0
j30_36,STNU,41,inf,80,100
j30_36,STNU,42,inf,85,100
j30_36,STNU,43,inf,inf,0
j30_36,STNU,44,inf,inf,0
j30_36,STNU,45,inf,inf,0
j30_36,STNU,46,inf,inf,0
j30_36,STNU,47,inf,inf,0
j30_36,STNU,48,inf,77,100
j30_36,STNU,49,inf,74,100
j30_37,STNU,0,inf,106,100
j30_37,STNU,1,inf,97,100
j30_37,STNU,2,inf,98,100
j30_37,STNU,3,inf,97,100
j30_37,STNU,4,inf,118,100
j30_37,STNU,5,inf,113,100
j30_37,STNU,6,inf,112,100
j30_37,STNU,7,inf,102,100
j30_37,STNU,8,inf,101,100
j30_37,STNU,9,inf,104,100
j30_37,STNU,10,inf,107,100
j30_37,STNU,11,inf,96,100
j30_37,STNU,12,inf,95,100
j30_37,STNU,13,inf,98,100
j30_37,STNU,14,inf,104,100
j30_37,STNU,15,inf,93,100
j30_37,STNU,16,inf,87,100
j30_37,STNU,17,inf,94,100
j30_37,STNU,18,inf,102,100
j30_37,STNU,19,inf,109,100
j30_37,STNU,20,inf,111,100
j30_37,STNU,21,inf,95,100
j30_37,STNU,22,inf,94,100
j30_37,STNU,23,inf,91,100
j30_37,STNU,24,inf,106,100
j30_37,STNU,25,inf,101,100
j30_37,STNU,26,inf,101,100
j30_37,STNU,27,inf,103,100
j30_37,STNU,28,inf,100,100
j30_37,STNU,29,inf,111,100
j30_37,STNU,30,inf,110,100
j30_37,STNU,31,inf,103,100
j30_37,STNU,32,inf,110,100
j30_37,STNU,33,inf,106,100
j30_37,STNU,34,inf,103,100
j30_37,STNU,35,inf,101,100
j30_37,STNU,36,inf,109,100
j30_37,STNU,37,inf,96,100
j30_37,STNU,38,inf,105,100
j30_37,STNU,39,inf,113,100
j30_37,STNU,40,inf,100,100
j30_37,STNU,41,inf,111,100
j30_37,STNU,42,inf,95,100
j30_37,STNU,43,inf,105,100
j30_37,STNU,44,inf,100,100
j30_37,STNU,45,inf,104,100
j30_37,STNU,46,inf,100,100
j30_37,STNU,47,inf,100,100
j30_37,STNU,48,inf,108,100
j30_37,STNU,49,inf,104,100
j30_38,STNU,0,inf,77,100
j30_38,STNU,1,inf,77,100
j30_38,STNU,2,inf,83,100
j30_38,STNU,3,inf,80,100
j30_38,STNU,4,inf,79,100
j30_38,STNU,5,inf,76,100
j30_38,STNU,6,inf,84,100
j30_38,STNU,7,inf,77,100
j30_38,STNU,8,inf,78,100
j30_38,STNU,9,inf,75,100
j30_38,STNU,10,inf,71,100
j30_38,STNU,11,inf,77,100
j30_38,STNU,12,inf,80,100
j30_38,STNU,13,inf,67,100
j30_38,STNU,14,inf,76,100
j30_38,STNU,15,inf,76,100
j30_38,STNU,16,inf,89,100
j30_38,STNU,17,inf,80,100
j30_38,STNU,18,inf,73,100
j30_38,STNU,19,inf,80,100
j30_38,STNU,20,inf,83,100
j30_38,STNU,21,inf,83,100
j30_38,STNU,22,inf,82,100
j30_38,STNU,23,inf,70,100
j30_38,STNU,24,inf,80,100
j30_38,STNU,25,inf,86,100
j30_38,STNU,26,inf,80,100
j30_38,STNU,27,inf,77,100
j30_38,STNU,28,inf,74,100
j30_38,STNU,29,inf,83,100
j30_38,STNU,30,inf,77,100
j30_38,STNU,31,inf,75,100
j30_38,STNU,32,inf,73,100
j30_38,STNU,33,inf,76,100
j30_38,STNU,34,inf,80,100
j30_38,STNU,35,inf,74,100
j30_38,STNU,36,inf,78,100
j30_38,STNU,37,inf,77,100
j30_38,STNU,38,inf,78,100
j30_38,STNU,39,inf,79,100
j30_38,STNU,40,inf,77,100
j30_38,STNU,41,inf,75,100
j30_38,STNU,42,inf,82,100
j30_38,STNU,43,inf,86,100
j30_38,STNU,44,inf,68,100
j30_38,STNU,45,inf,76,100
j30_38,STNU,46,inf,76,100
j30_38,STNU,47,inf,73,100
j30_38,STNU,48,inf,76,100
j30_38,STNU,49,inf,77,100
j30_39,STNU,0,inf,inf,0
j30_39,STNU,1,inf,inf,0
j30_39,STNU,2,inf,inf,0
j30_39,STNU,3,inf,inf,0
j30_39,STNU,4,inf,inf,0
j30_39,STNU,5,inf,inf,0
j30_39,STNU,6,inf,inf,0
j30_39,STNU,7,inf,inf,0
j30_39,STNU,8,inf,inf,0
j30_39,STNU,9,inf,inf,0
j30_39,STNU,10,inf,inf,0
j30_39,STNU,11,inf,inf,0
j30_39,STNU,12,inf,inf,0
j30_39,STNU,13,inf,inf,0
j30_39,STNU,14,inf,inf,0
j30_39,STNU,15,inf,inf,0
j30_39,STNU,16,inf,inf,0
j30_39,STNU,17,inf,inf,0
j30_39,STNU,18,inf,inf,0
j30_39,STNU,19,inf,inf,0
j30_39,STNU,20,inf,inf,0
j30_39,STNU,21,inf,inf,0
j30_39,STNU,22,inf,inf,0
j30_39,STNU,23,inf,inf,0
j30_39,STNU,24,inf,inf,0
j30_39,STNU,25,inf,inf,0
j30_39,STNU,26,inf,inf,0
j30_39,STNU,27,inf,inf,0
j30_39,STNU,28,inf,inf,0
j30_39,STNU,29,inf,inf,0
j30_39,STNU,30,inf,inf,0
j30_39,STNU,31,inf,inf,0
j30_39,STNU,32,inf,inf,0
j30_39,STNU,33,inf,inf,0
j30_39,STNU,34,inf,inf,0
j30_39,STNU,35,inf,inf,0
j30_39,STNU,36,inf,inf,0
j30_39,STNU,37,inf,inf,0
j30_39,STNU,38,inf,inf,0
j30_39,STNU,39,inf,inf,0
j30_39,STNU,40,inf,inf,0
j30_39,STNU,41,inf,inf,0
j30_39,STNU,42,inf,inf,0
j30_39,STNU,43,inf,inf,0
j30_39,STNU,44,inf,inf,0
j30_39,STNU,45,inf,inf,0
j30_39,STNU,46,inf,inf,0
j30_39,STNU,47,inf,inf,0
j30_39,STNU,48,inf,inf,0
j30_39,STNU,49,inf,inf,0
j30_40,STNU,0,inf,101,100
j30_40,STNU,1,inf,97,100
j30_40,STNU,2,inf,109,100
j30_40,STNU,3,inf,96,100
j30_40,STNU,4,inf,101,100
j30_40,STNU,5,inf,107,100
j30_40,STNU,6,inf,100,100
j30_40,STNU,7,inf,97,100
j30_40,STNU,8,inf,94,100
j30_40,STNU,9,inf,98,100
j30_40,STNU,10,inf,102,100
j30_40,STNU,11,inf,98,100
j30_40,STNU,12,inf,97,100
j30_40,STNU,13,inf,95,100
j30_40,STNU,14,inf,90,100
j30_40,STNU,15,inf,95,100
j30_40,STNU,16,inf,97,100
j30_40,STNU,17,inf,99,100
j30_40,STNU,18,inf,97,100
j30_40,STNU,19,inf,103,100
j30_40,STNU,20,inf,106,100
j30_40,STNU,21,inf,97,100
j30_40,STNU,22,inf,95,100
j30_40,STNU,23,inf,109,100
j30_40,STNU,24,inf,91,100
j30_40,STNU,25,inf,100,100
j30_40,STNU,26,inf,100,100
j30_40,STNU,27,inf,100,100
j30_40,STNU,28,inf,107,100
j30_40,STNU,29,inf,90,100
j30_40,STNU,30,inf,99,100
j30_40,STNU,31,inf,104,100
j30_40,STNU,32,inf,99,100
j30_40,STNU,33,inf,107,100
j30_40,STNU,34,inf,97,100
j30_40,STNU,35,inf,94,100
j30_40,STNU,36,inf,89,100
j30_40,STNU,37,inf,98,100
j30_40,STNU,38,inf,104,100
j30_40,STNU,39,inf,95,100
j30_40,STNU,40,inf,97,100
j30_40,STNU,41,inf,92,100
j30_40,STNU,42,inf,93,100
j30_40,STNU,43,inf,101,100
j30_40,STNU,44,inf,109,100
j30_40,STNU,45,inf,102,100
j30_40,STNU,46,inf,96,100
j30_40,STNU,47,inf,99,100
j30_40,STNU,48,inf,95,100
j30_40,STNU,49,inf,94,100
j30_41,STNU,0,inf,45,100
j30_41,STNU,1,inf,42,100
j30_41,STNU,2,inf,43,100
j30_41,STNU,3,inf,43,100
j30_41,STNU,4,inf,42,100
j30_41,STNU,5,inf,44,100
j30_41,STNU,6,inf,45,100
j30_41,STNU,7,inf,43,100
j30_41,STNU,8,inf,41,100
j30_41,STNU,9,inf,41,100
j30_41,STNU,10,inf,41,100
j30_41,STNU,11,inf,40,100
j30_41,STNU,12,inf,46,100
j30_41,STNU,13,inf,42,100
j30_41,STNU,14,inf,45,100
j30_41,STNU,15,inf,42,100
j30_41,STNU,16,inf,43,100
j30_41,STNU,17,inf,43,100
j30_41,STNU,18,inf,41,100
j30_41,STNU,19,inf,47,100
j30_41,STNU,20,inf,42,100
j30_41,STNU,21,inf,42,100
j30_41,STNU,22,inf,45,100
j30_41,STNU,23,inf,40,100
j30_41,STNU,24,inf,44,100
j30_41,STNU,25,inf,43,100
j30_41,STNU,26,inf,45,100
j30_41,STNU,27,inf,43,100
j30_41,STNU,28,inf,42,100
j30_41,STNU,29,inf,41,100
j30_41,STNU,30,inf,46,100
j30_41,STNU,31,inf,42,100
j30_41,STNU,32,inf,43,100
j30_41,STNU,33,inf,43,100
j30_41,STNU,34,inf,43,100
j30_41,STNU,35,inf,44,100
j30_41,STNU,36,inf,43,100
j30_41,STNU,37,inf,46,100
j30_41,STNU,38,inf,43,100
j30_41,STNU,39,inf,42,100
j30_41,STNU,40,inf,44,100
j30_41,STNU,41,inf,43,100
j30_41,STNU,42,inf,44,100
j30_41,STNU,43,inf,43,100
j30_41,STNU,44,inf,43,100
j30_41,STNU,45,inf,43,100
j30_41,STNU,46,inf,43,100
j30_41,STNU,47,inf,42,100
j30_41,STNU,48,inf,46,100
j30_41,STNU,49,inf,42,100
j30_42,STNU,0,inf,62,100
j30_42,STNU,1,inf,63,100
j30_42,STNU,2,inf,63,100
j30_42,STNU,3,inf,62,100
j30_42,STNU,4,inf,62,100
j30_42,STNU,5,inf,63,100
j30_42,STNU,6,inf,64,100
j30_42,STNU,7,inf,62,100
j30_42,STNU,8,inf,61,100
j30_42,STNU,9,inf,61,100
j30_42,STNU,10,inf,63,100
j30_42,STNU,11,inf,66,100
j30_42,STNU,12,inf,61,100
j30_42,STNU,13,inf,65,100
j30_42,STNU,14,inf,61,100
j30_42,STNU,15,inf,62,100
j30_42,STNU,16,inf,61,100
j30_42,STNU,17,inf,64,100
j30_42,STNU,18,inf,60,100
j30_42,STNU,19,inf,64,100
j30_42,STNU,20,inf,65,100
j30_42,STNU,21,inf,65,100
j30_42,STNU,22,inf,63,100
j30_42,STNU,23,inf,63,100
j30_42,STNU,24,inf,61,100
j30_42,STNU,25,inf,65,100
j30_42,STNU,26,inf,61,100
j30_42,STNU,27,inf,62,100
j30_42,STNU,28,inf,62,100
j30_42,STNU,29,inf,62,100
j30_42,STNU,30,inf,62,100
j30_42,STNU,31,inf,64,100
j30_42,STNU,32,inf,63,100
j30_42,STNU,33,inf,61,100
j30_42,STNU,34,inf,63,100
j30_42,STNU,35,inf,63,100
j30_42,STNU,36,inf,66,100
j30_42,STNU,37,inf,63,100
j30_42,STNU,38,inf,63,100
j30_42,STNU,39,inf,62,100
j30_42,STNU,40,inf,62,100
j30_42,STNU,41,inf,64,100
j30_42,STNU,42,inf,62,100
j30_42,STNU,43,inf,60,100
j30_42,STNU,44,inf,64,100
j30_42,STNU,45,inf,63,100
j30_42,STNU,46,inf,65,100
j30_42,STNU,47,inf,61,100
j30_42,STNU,48,inf,64,100
j30_42,STNU,49,inf,63,100
j30_43,STNU,0,inf,66,100
j30_43,STNU,1,inf,65,100
j30_43,STNU,2,inf,64,100
j30_43,STNU,3,inf,66,100
j30_43,STNU,4,inf,66,100
j30_43,STNU,5,inf,64,100
j30_43,STNU,6,inf,65,100
j30_43,STNU,7,inf,64,100
j30_43,STNU,8,inf,64,100
j30_43,STNU,9,inf,64,100
j30_43,STNU,10,inf,64,100
j30_43,STNU,11,inf,64,100
j30_43,STNU,12,inf,66,100
j30_43,STNU,13,inf,66,100
j30_43,STNU,14,inf,64,100
j30_43,STNU,15,inf,65,100
j30_43,STNU,16,inf,64,100
j30_43,STNU,17,inf,66,100
j30_43,STNU,18,inf,64,100
j30_43,STNU,19,inf,64,100
j30_43,STNU,20,inf,66,100
j30_43,STNU,21,inf,65,100
j30_43,STNU,22,inf,66,100
j30_43,STNU,23,inf,66,100
j30_43,STNU,24,inf,66,100
j30_43,STNU,25,inf,64,100
j30_43,STNU,26,inf,66,100
j30_43,STNU,27,inf,66,100
j30_43,STNU,28,inf,66,100
j30_43,STNU,29,inf,64,100
j30_43,STNU,30,inf,66,100
j30_43,STNU,31,inf,64,100
j30_43,STNU,32,inf,65,100
j30_43,STNU,33,inf,66,100
j30_43,STNU,34,inf,66,100
j30_43,STNU,35,inf,64,100
j30_43,STNU,36,inf,66,100
j30_43,STNU,37,inf,64,100
j30_43,STNU,38,inf,64,100
j30_43,STNU,39,inf,66,100
j30_43,STNU,40,inf,64,100
j30_43,STNU,41,inf,64,100
j30_43,STNU,42,inf,66,100
j30_43,STNU,43,inf,64,100
j30_43,STNU,44,inf,65,100
j30_43,STNU,45,inf,66,100
j30_43,STNU,46,inf,65,100
j30_43,STNU,47,inf,65,100
j30_43,STNU,48,inf,66,100
j30_43,STNU,49,inf,66,100
j30_44,STNU,0,inf,99,100
j30_44,STNU,1,inf,99,100
j30_44,STNU,2,inf,93,100
j30_44,STNU,3,inf,104,100
j30_44,STNU,4,inf,97,100
j30_44,STNU,5,inf,91,100
j30_44,STNU,6,inf,96,100
j30_44,STNU,7,inf,106,100
j30_44,STNU,8,inf,97,100
j30_44,STNU,9,inf,111,100
j30_44,STNU,10,inf,103,100
j30_44,STNU,11,inf,92,100
j30_44,STNU,12,inf,101,100
j30_44,STNU,13,inf,97,100
j30_44,STNU,14,inf,96,100
j30_44,STNU,15,inf,97,100
j30_44,STNU,16,inf,98,100
j30_44,STNU,17,inf,96,100
j30_44,STNU,18,inf,106,100
j30_44,STNU,19,inf,95,100
j30_44,STNU,20,inf,104,100
j30_44,STNU,21,inf,98,100
j30_44,STNU,22,inf,95,100
j30_44,STNU,23,inf,96,100
j30_44,STNU,24,inf,106,100
j30_44,STNU,25,inf,96,100
j30_44,STNU,26,inf,108,100
j30_44,STNU,27,inf,103,100
j30_44,STNU,28,inf,100,100
j30_44,STNU,29,inf,93,100
j30_44,STNU,30,inf,99,100
j30_44,STNU,31,inf,104,100
j30_44,STNU,32,inf,107,100
j30_44,STNU,33,inf,106,100
j30_44,STNU,34,inf,99,100
j30_44,STNU,35,inf,106,100
j30_44,STNU,36,inf,98,100
j30_44,STNU,37,inf,94,100
j30_44,STNU,38,inf,102,100
j30_44,STNU,39,inf,97,100
j30_44,STNU,40,inf,93,100
j30_44,STNU,41,inf,111,100
j30_44,STNU,42,inf,102,100
j30_44,STNU,43,inf,103,100
j30_44,STNU,44,inf,104,100
j30_44,STNU,45,inf,98,100
j30_44,STNU,46,inf,106,100
j30_44,STNU,47,inf,90,100
j30_44,STNU,48,inf,103,100
j30_44,STNU,49,inf,110,100
j30_45,STNU,0,inf,55,100
j30_45,STNU,1,inf,49,100
j30_45,STNU,2,inf,50,100
j30_45,STNU,3,inf,55,100
j30_45,STNU,4,inf,55,100
j30_45,STNU,5,inf,49,100
j30_45,STNU,6,inf,50,100
j30_45,STNU,7,inf,52,100
j30_45,STNU,8,inf,49,100
j30_45,STNU,9,inf,52,100
j30_45,STNU,10,inf,51,100
j30_45,STNU,11,inf,53,100
j30_45,STNU,12,inf,50,100
j30_45,STNU,13,inf,52,100
j30_45,STNU,14,inf,54,100
j30_45,STNU,15,inf,53,100
j30_45,STNU,16,inf,53,100
j30_45,STNU,17,inf,52,100
j30_45,STNU,18,inf,52,100
j30_45,STNU,19,inf,50,100
j30_45,STNU,20,inf,51,100
j30_45,STNU,21,inf,51,100
j30_45,STNU,22,inf,53,100
j30_45,STNU,23,inf,50,100
j30_45,STNU,24,inf,52,100
j30_45,STNU,25,inf,50,100
j30_45,STNU,26,inf,49,100
j30_45,STNU,27,inf,49,100
j30_45,STNU,28,inf,51,100
j30_45,STNU,29,inf,50,100
j30_45,STNU,30,inf,52,100
j30_45,STNU,31,inf,51,100
j30_45,STNU,32,inf,52,100
j30_45,STNU,33,inf,51,100
j30_45,STNU,34,inf,52,100
j30_45,STNU,35,inf,50,100
j30_45,STNU,36,inf,52,100
j30_45,STNU,37,inf,50,100
j30_45,STNU,38,inf,52,100
j30_45,STNU,39,inf,51,100
j30_45,STNU,40,inf,51,100
j30_45,STNU,41,inf,49,100
j30_45,STNU,42,inf,51,100
j30_45,STNU,43,inf,49,100
j30_45,STNU,44,inf,53,100
j30_45,STNU,45,inf,51,100
j30_45,STNU,46,inf,51,100
j30_45,STNU,47,inf,51,100
j30_45,STNU,48,inf,52,100
j30_45,STNU,49,inf,55,100
j30_46,STNU,0,inf,43,100
j30_46,STNU,1,inf,42,100
j30_46,STNU,2,inf,48,100
j30_46,STNU,3,inf,42,100
j30_46,STNU,4,inf,43,100
j30_46,STNU,5,inf,44,100
j30_46,STNU,6,inf,44,100
j30_46,STNU,7,inf,42,100
j30_46,STNU,8,inf,44,100
j30_46,STNU,9,inf,42,100
j30_46,STNU,10,inf,42,100
j30_46,STNU,11,inf,45,100
j30_46,STNU,12,inf,43,100
j30_46,STNU,13,inf,42,100
j30_46,STNU,14,inf,47,100
j30_46,STNU,15,inf,45,100
j30_46,STNU,16,inf,45,100
j30_46,STNU,17,inf,44,100
j30_46,STNU,18,inf,48,100
j30_46,STNU,19,inf,45,100
j30_46,STNU,20,inf,42,100
j30_46,STNU,21,inf,43,100
j30_46,STNU,22,inf,45,100
j30_46,STNU,23,inf,44,100
j30_46,STNU,24,inf,46,100
j30_46,STNU,25,inf,44,100
j30_46,STNU,26,inf,43,100
j30_46,STNU,27,inf,44,100
j30_46,STNU,28,inf,42,100
j30_46,STNU,29,inf,44,100
j30_46,STNU,30,inf,44,100
j30_46,STNU,31,inf,44,100
j30_46,STNU,32,inf,46,100
j30_46,STNU,33,inf,43,100
j30_46,STNU,34,inf,44,100
j30_46,STNU,35,inf,45,100
j30_46,STNU,36,inf,45,100
j30_46,STNU,37,inf,42,100
j30_46,STNU,38,inf,47,100
j30_46,STNU,39,inf,42,100
j30_46,STNU,40,inf,44,100
j30_46,STNU,41,inf,46,100
j30_46,STNU,42,inf,43,100
j30_46,STNU,43,inf,43,100
j30_46,STNU,44,inf,45,100
j30_46,STNU,45,inf,42,100
j30_46,STNU,46,inf,43,100
j30_46,STNU,47,inf,42,100
j30_46,STNU,48,inf,43,100
j30_46,STNU,49,inf,42,100
j30_47,STNU,0,inf,43,100
j30_47,STNU,1,inf,44,100
j30_47,STNU,2,inf,44,100
j30_47,STNU,3,inf,43,100
j30_47,STNU,4,inf,43,100
j30_47,STNU,5,inf,42,100
j30_47,STNU,6,inf,43,100
j30_47,STNU,7,inf,43,100
j30_47,STNU,8,inf,43,100
j30_47,STNU,9,inf,43,100
j30_47,STNU,10,inf,43,100
j30_47,STNU,11,inf,43,100
j30_47,STNU,12,inf,45,100
j30_47,STNU,13,inf,44,100
j30_47,STNU,14,inf,43,100
j30_47,STNU,15,inf,44,100
j30_47,STNU,16,inf,43,100
j30_47,STNU,17,inf,45,100
j30_47,STNU,18,inf,44,100
j30_47,STNU,19,inf,44,100
j30_47,STNU,20,inf,44,100
j30_47,STNU,21,inf,43,100
j30_47,STNU,22,inf,44,100
j30_47,STNU,23,inf,43,100
j30_47,STNU,24,inf,43,100
j30_47,STNU,25,inf,44,100
j30_47,STNU,26,inf,47,100
j30_47,STNU,27,inf,44,100
j30_47,STNU,28,inf,45,100
j30_47,STNU,29,inf,45,100
j30_47,STNU,30,inf,43,100
j30_47,STNU,31,inf,45,100
j30_47,STNU,32,inf,46,100
j30_47,STNU,33,inf,43,100
j30_47,STNU,34,inf,44,100
j30_47,STNU,35,inf,42,100
j30_47,STNU,36,inf,45,100
j30_47,STNU,37,inf,45,100
j30_47,STNU,38,inf,43,100
j30_47,STNU,39,inf,43,100
j30_47,STNU,40,inf,45,100
j30_47,STNU,41,inf,43,100
j30_47,STNU,42,inf,44,100
j30_47,STNU,43,inf,43,100
j30_47,STNU,44,inf,44,100
j30_47,STNU,45,inf,45,100
j30_47,STNU,46,inf,43,100
j30_47,STNU,47,inf,42,100
j30_47,STNU,48,inf,44,100
j30_47,STNU,49,inf,44,100
j30_48,STNU,0,inf,54,100
j30_48,STNU,1,inf,56,100
j30_48,STNU,2,inf,54,100
j30_48,STNU,3,inf,54,100
j30_48,STNU,4,inf,55,100
j30_48,STNU,5,inf,56,100
j30_48,STNU,6,inf,56,100
j30_48,STNU,7,inf,55,100
j30_48,STNU,8,inf,54,100
j30_48,STNU,9,inf,54,100
j30_48,STNU,10,inf,54,100
j30_48,STNU,11,inf,54,100
j30_48,STNU,12,inf,55,100
j30_48,STNU,13,inf,54,100
j30_48,STNU,14,inf,54,100
j30_48,STNU,15,inf,54,100
j30_48,STNU,16,inf,56,100
j30_48,STNU,17,inf,54,100
j30_48,STNU,18,inf,54,100
j30_48,STNU,19,inf,54,100
j30_48,STNU,20,inf,56,100
j30_48,STNU,21,inf,55,100
j30_48,STNU,22,inf,56,100
j30_48,STNU,23,inf,56,100
j30_48,STNU,24,inf,54,100
j30_48,STNU,25,inf,54,100
j30_48,STNU,26,inf,54,100
j30_48,STNU,27,inf,54,100
j30_48,STNU,28,inf,56,100
j30_48,STNU,29,inf,54,100
j30_48,STNU,30,inf,54,100
j30_48,STNU,31,inf,54,100
j30_48,STNU,32,inf,55,100
j30_48,STNU,33,inf,54,100
j30_48,STNU,34,inf,54,100
j30_48,STNU,35,inf,54,100
j30_48,STNU,36,inf,54,100
j30_48,STNU,37,inf,54,100
j30_48,STNU,38,inf,55,100
j30_48,STNU,39,inf,54,100
j30_48,STNU,40,inf,54,100
j30_48,STNU,41,inf,54,100
j30_48,STNU,42,inf,54,100
j30_48,STNU,43,inf,54,100
j30_48,STNU,44,inf,54,100
j30_48,STNU,45,inf,56,100
j30_48,STNU,46,inf,54,100
j30_48,STNU,47,inf,54,100
j30_48,STNU,48,inf,55,100
j30_48,STNU,49,inf,56,100
j30_49,STNU,0,inf,inf,0
j30_49,STNU,1,inf,inf,0
j30_49,STNU,2,inf,inf,0
j30_49,STNU,3,inf,inf,0
j30_49,STNU,4,inf,inf,0
j30_49,STNU,5,inf,inf,0
j30_49,STNU,6,inf,inf,0
j30_49,STNU,7,inf,inf,0
j30_49,STNU,8,inf,inf,0
j30_49,STNU,9,inf,inf,0
j30_49,STNU,10,inf,inf,0
j30_49,STNU,11,inf,inf,0
j30_49,STNU,12,inf,inf,0
j30_49,STNU,13,inf,inf,0
j30_49,STNU,14,inf,inf,0
j30_49,STNU,15,inf,inf,0
j30_49,STNU,16,inf,inf,0
j30_49,STNU,17,inf,inf,0
j30_49,STNU,18,inf,inf,0
j30_49,STNU,19,inf,inf,0
j30_49,STNU,20,inf,inf,0
j30_49,STNU,21,inf,inf,0
j30_49,STNU,22,inf,inf,0
j30_49,STNU,23,inf,inf,0
j30_49,STNU,24,inf,inf,0
j30_49,STNU,25,inf,inf,0
j30_49,STNU,26,inf,inf,0
j30_49,STNU,27,inf,inf,0
j30_49,STNU,28,inf,inf,0
j30_49,STNU,29,inf,inf,0
j30_49,STNU,30,inf,inf,0
j30_49,STNU,31,inf,inf,0
j30_49,STNU,32,inf,inf,0
j30_49,STNU,33,inf,inf,0
j30_49,STNU,34,inf,inf,0
j30_49,STNU,35,inf,inf,0
j30_49,STNU,36,inf,inf,0
j30_49,STNU,37,inf,inf,0
j30_49,STNU,38,inf,inf,0
j30_49,STNU,39,inf,inf,0
j30_49,STNU,40,inf,inf,0
j30_49,STNU,41,inf,inf,0
j30_49,STNU,42,inf,inf,0
j30_49,STNU,43,inf,inf,0
j30_49,STNU,44,inf,inf,0
j30_49,STNU,45,inf,inf,0
j30_49,STNU,46,inf,inf,0
j30_49,STNU,47,inf,inf,0
j30_49,STNU,48,inf,inf,0
j30_49,STNU,49,inf,inf,0
j30_50,STNU,0,inf,inf,0
j30_50,STNU,1,inf,60,100
j30_50,STNU,2,inf,62,100
j30_50,STNU,3,inf,64,100
j30_50,STNU,4,inf,61,100
j30_50,STNU,5,inf,61,100
j30_50,STNU,6,inf,60,100
j30_50,STNU,7,inf,inf,0
j30_50,STNU,8,inf,64,100
j30_50,STNU,9,inf,inf,0
j30_50,STNU,10,inf,inf,0
j30_50,STNU,11,inf,58,100
j30_50,STNU,12,inf,62,100
j30_50,STNU,13,inf,68,100
j30_50,STNU,14,inf,56,100
j30_50,STNU,15,inf,inf,0
j30_50,STNU,16,inf,61,100
j30_50,STNU,17,inf,62,100
j30_50,STNU,18,inf,inf,0
j30_50,STNU,19,inf,57,100
j30_50,STNU,20,inf,63,100
j30_50,STNU,21,inf,inf,0
j30_50,STNU,22,inf,61,100
j30_50,STNU,23,inf,64,100
j30_50,STNU,24,inf,64,100
j30_50,STNU,25,inf,inf,0
j30_50,STNU,26,inf,63,100
j30_50,STNU,27,inf,62,100
j30_50,STNU,28,inf,inf,0
j30_50,STNU,29,inf,62,100
j30_50,STNU,30,inf,inf,0
j30_50,STNU,31,inf,60,100
j30_50,STNU,32,inf,inf,0
j30_50,STNU,33,inf,inf,0
j30_50,STNU,34,inf,59,100
j30_50,STNU,35,inf,inf,0
j30_50,STNU,36,inf,inf,0
j30_50,STNU,37,inf,inf,0
j30_50,STNU,38,inf,59,100
j30_50,STNU,39,inf,60,100
j30_50,STNU,40,inf,61,100
j30_50,STNU,41,inf,63,100
j30_50,STNU,42,inf,58,100
j30_50,STNU,43,inf,inf,0
j30_50,STNU,44,inf,inf,0
j30_50,STNU,45,inf,68,100
j30_50,STNU,46,inf,61,100
j30_50,STNU,47,inf,58,100
j30_50,STNU,48,inf,inf,0
j30_50,STNU,49,inf,inf,0
j30_51,STNU,0,inf,70,100
j30_51,STNU,1,inf,70,100
j30_51,STNU,2,inf,70,100
j30_51,STNU,3,inf,70,100
j30_51,STNU,4,inf,71,100
j30_51,STNU,5,inf,71,100
j30_51,STNU,6,inf,71,100
j30_51,STNU,7,inf,71,100
j30_51,STNU,8,inf,70,100
j30_51,STNU,9,inf,70,100
j30_51,STNU,10,inf,70,100
j30_51,STNU,11,inf,70,100
j30_51,STNU,12,inf,70,100
j30_51,STNU,13,inf,72,100
j30_51,STNU,14,inf,71,100
j30_51,STNU,15,inf,70,100
j30_51,STNU,16,inf,71,100
j30_51,STNU,17,inf,71,100
j30_51,STNU,18,inf,71,100
j30_51,STNU,19,inf,70,100
j30_51,STNU,20,inf,70,100
j30_51,STNU,21,inf,71,100
j30_51,STNU,22,inf,71,100
j30_51,STNU,23,inf,70,100
j30_51,STNU,24,inf,70,100
j30_51,STNU,25,inf,70,100
j30_51,STNU,26,inf,70,100
j30_51,STNU,27,inf,70,100
j30_51,STNU,28,inf,70,100
j30_51,STNU,29,inf,71,100
j30_51,STNU,30,inf,70,100
j30_51,STNU,31,inf,71,100
j30_51,STNU,32,inf,71,100
j30_51,STNU,33,inf,70,100
j30_51,STNU,34,inf,72,100
j30_51,STNU,35,inf,72,100
j30_51,STNU,36,inf,70,100
j30_51,STNU,37,inf,70,100
j30_51,STNU,38,inf,71,100
j30_51,STNU,39,inf,70,100
j30_51,STNU,40,inf,70,100
j30_51,STNU,41,inf,71,100
j30_51,STNU,42,inf,70,100
j30_51,STNU,43,inf,71,100
j30_51,STNU,44,inf,71,100
j30_51,STNU,45,inf,70,100
j30_51,STNU,46,inf,70,100
j30_51,STNU,47,inf,70,100
j30_51,STNU,48,inf,70,100
j30_51,STNU,49,inf,71,100
j30_52,STNU,0,inf,82,100
j30_52,STNU,1,inf,80,100
j30_52,STNU,2,inf,80,100
j30_52,STNU,3,inf,81,100
j30_52,STNU,4,inf,80,100
j30_52,STNU,5,inf,80,100
j30_52,STNU,6,inf,82,100
j30_52,STNU,7,inf,80,100
j30_52,STNU,8,inf,80,100
j30_52,STNU,9,inf,82,100
j30_52,STNU,10,inf,80,100
j30_52,STNU,11,inf,80,100
j30_52,STNU,12,inf,81,100
j30_52,STNU,13,inf,80,100
j30_52,STNU,14,inf,81,100
j30_52,STNU,15,inf,80,100
j30_52,STNU,16,inf,81,100
j30_52,STNU,17,inf,82,100
j30_52,STNU,18,inf,80,100
j30_52,STNU,19,inf,80,100
j30_52,STNU,20,inf,80,100
j30_52,STNU,21,inf,80,100
j30_52,STNU,22,inf,82,100
j30_52,STNU,23,inf,80,100
j30_52,STNU,24,inf,80,100
j30_52,STNU,25,inf,80,100
j30_52,STNU,26,inf,82,100
j30_52,STNU,27,inf,80,100
j30_52,STNU,28,inf,80,100
j30_52,STNU,29,inf,80,100
j30_52,STNU,30,inf,80,100
j30_52,STNU,31,inf,80,100
j30_52,STNU,32,inf,80,100
j30_52,STNU,33,inf,80,100
j30_52,STNU,34,inf,80,100
j30_52,STNU,35,inf,80,100
j30_52,STNU,36,inf,80,100
j30_52,STNU,37,inf,80,100
j30_52,STNU,38,inf,80,100
j30_52,STNU,39,inf,80,100
j30_52,STNU,40,inf,80,100
j30_52,STNU,41,inf,80,100
j30_52,STNU,42,inf,80,100
j30_52,STNU,43,inf,80,100
j30_52,STNU,44,inf,82,100
j30_52,STNU,45,inf,81,100
j30_52,STNU,46,inf,80,100
j30_52,STNU,47,inf,80,100
j30_52,STNU,48,inf,82,100
j30_52,STNU,49,inf,80,100
j30_53,STNU,0,inf,45,100
j30_53,STNU,1,inf,45,100
j30_53,STNU,2,inf,46,100
j30_53,STNU,3,inf,48,100
j30_53,STNU,4,inf,46,100
j30_53,STNU,5,inf,45,100
j30_53,STNU,6,inf,46,100
j30_53,STNU,7,inf,45,100
j30_53,STNU,8,inf,47,100
j30_53,STNU,9,inf,48,100
j30_53,STNU,10,inf,45,100
j30_53,STNU,11,inf,44,100
j30_53,STNU,12,inf,45,100
j30_53,STNU,13,inf,45,100
j30_53,STNU,14,inf,44,100
j30_53,STNU,15,inf,45,100
j30_53,STNU,16,inf,44,100
j30_53,STNU,17,inf,46,100
j30_53,STNU,18,inf,45,100
j30_53,STNU,19,inf,46,100
j30_53,STNU,20,inf,47,100
j30_53,STNU,21,inf,45,100
j30_53,STNU,22,inf,44,100
j30_53,STNU,23,inf,48,100
j30_53,STNU,24,inf,45,100
j30_53,STNU,25,inf,45,100
j30_53,STNU,26,inf,45,100
j30_53,STNU,27,inf,47,100
j30_53,STNU,28,inf,45,100
j30_53,STNU,29,inf,44,100
j30_53,STNU,30,inf,44,100
j30_53,STNU,31,inf,46,100
j30_53,STNU,32,inf,44,100
j30_53,STNU,33,inf,46,100
j30_53,STNU,34,inf,46,100
j30_53,STNU,35,inf,45,100
j30_53,STNU,36,inf,46,100
j30_53,STNU,37,inf,47,100
j30_53,STNU,38,inf,46,100
j30_53,STNU,39,inf,47,100
j30_53,STNU,40,inf,44,100
j30_53,STNU,41,inf,44,100
j30_53,STNU,42,inf,46,100
j30_53,STNU,43,inf,46,100
j30_53,STNU,44,inf,48,100
j30_53,STNU,45,inf,44,100
j30_53,STNU,46,inf,45,100
j30_53,STNU,47,inf,47,100
j30_53,STNU,48,inf,45,100
j30_53,STNU,49,inf,46,100
j30_54,STNU,0,37.0,35,5.714285714285714
j30_54,STNU,1,37.0,35,5.714285714285714
j30_54,STNU,2,37.0,35,5.714285714285714
j30_54,STNU,3,36.0,35,2.857142857142857
j30_54,STNU,4,37.0,35,5.714285714285714
j30_54,STNU,5,35.0,35,0.0
j30_54,STNU,6,37.0,35,5.714285714285714
j30_54,STNU,7,36.0,36,0.0
j30_54,STNU,8,36.0,36,0.0
j30_54,STNU,9,36.0,36,0.0
j30_54,STNU,10,37.0,36,2.7777777777777777
j30_54,STNU,11,38.0,35,8.571428571428571
j30_54,STNU,12,36.0,35,2.857142857142857
j30_54,STNU,13,37.0,35,5.714285714285714
j30_54,STNU,14,36.0,35,2.857142857142857
j30_54,STNU,15,38.0,36,5.555555555555555
j30_54,STNU,16,35.0,35,0.0
j30_54,STNU,17,38.0,35,8.571428571428571
j30_54,STNU,18,35.0,35,0.0
j30_54,STNU,19,37.0,35,5.714285714285714
j30_54,STNU,20,37.0,35,5.714285714285714
j30_54,STNU,21,38.0,35,8.571428571428571
j30_54,STNU,22,37.0,36,2.7777777777777777
j30_54,STNU,23,36.0,35,2.857142857142857
j30_54,STNU,24,36.0,35,2.857142857142857
j30_54,STNU,25,37.0,35,5.714285714285714
j30_54,STNU,26,37.0,35,5.714285714285714
j30_54,STNU,27,36.0,35,2.857142857142857
j30_54,STNU,28,37.0,35,5.714285714285714
j30_54,STNU,29,36.0,35,2.857142857142857
j30_54,STNU,30,36.0,36,0.0
j30_54,STNU,31,37.0,35,5.714285714285714
j30_54,STNU,32,36.0,35,2.857142857142857
j30_54,STNU,33,35.0,35,0.0
j30_54,STNU,34,37.0,35,5.714285714285714
j30_54,STNU,35,37.0,36,2.7777777777777777
j30_54,STNU,36,36.0,35,2.857142857142857
j30_54,STNU,37,36.0,35,2.857142857142857
j30_54,STNU,38,37.0,35,5.714285714285714
j30_54,STNU,39,37.0,35,5.714285714285714
j30_54,STNU,40,36.0,35,2.857142857142857
j30_54,STNU,41,39.0,35,11.428571428571429
j30_54,STNU,42,36.0,35,2.857142857142857
j30_54,STNU,43,35.0,35,0.0
j30_54,STNU,44,37.0,35,5.714285714285714
j30_54,STNU,45,38.0,35,8.571428571428571
j30_54,STNU,46,inf,NotImplemented,NotImplemented
j30_54,STNU,47,36.0,35,2.857142857142857
j30_54,STNU,48,37.0,35,5.714285714285714
j30_54,STNU,49,39.0,35,11.428571428571429
j30_55,STNU,0,inf,49,100
j30_55,STNU,1,inf,49,100
j30_55,STNU,2,inf,49,100
j30_55,STNU,3,inf,49,100
j30_55,STNU,4,inf,49,100
j30_55,STNU,5,inf,49,100
j30_55,STNU,6,inf,49,100
j30_55,STNU,7,inf,49,100
j30_55,STNU,8,inf,49,100
j30_55,STNU,9,inf,49,100
j30_55,STNU,10,inf,49,100
j30_55,STNU,11,inf,49,100
j30_55,STNU,12,inf,49,100
j30_55,STNU,13,inf,49,100
j30_55,STNU,14,inf,49,100
j30_55,STNU,15,inf,49,100
j30_55,STNU,16,inf,49,100
j30_55,STNU,17,inf,49,100
j30_55,STNU,18,inf,49,100
j30_55,STNU,19,inf,49,100
j30_55,STNU,20,inf,49,100
j30_55,STNU,21,inf,49,100
j30_55,STNU,22,inf,49,100
j30_55,STNU,23,inf,49,100
j30_55,STNU,24,inf,49,100
j30_55,STNU,25,inf,49,100
j30_55,STNU,26,inf,49,100
j30_55,STNU,27,inf,49,100
j30_55,STNU,28,inf,49,100
j30_55,STNU,29,inf,49,100
j30_55,STNU,30,inf,49,100
j30_55,STNU,31,inf,49,100
j30_55,STNU,32,inf,49,100
j30_55,STNU,33,inf,49,100
j30_55,STNU,34,inf,49,100
j30_55,STNU,35,inf,49,100
j30_55,STNU,36,inf,49,100
j30_55,STNU,37,inf,49,100
j30_55,STNU,38,inf,49,100
j30_55,STNU,39,inf,49,100
j30_55,STNU,40,inf,49,100
j30_55,STNU,41,inf,49,100
j30_55,STNU,42,inf,49,100
j30_55,STNU,43,inf,49,100
j30_55,STNU,44,inf,49,100
j30_55,STNU,45,inf,49,100
j30_55,STNU,46,inf,49,100
j30_55,STNU,47,inf,49,100
j30_55,STNU,48,inf,49,100
j30_55,STNU,49,inf,49,100
j30_56,STNU,0,inf,61,100
j30_56,STNU,1,inf,61,100
j30_56,STNU,2,inf,61,100
j30_56,STNU,3,inf,61,100
j30_56,STNU,4,inf,61,100
j30_56,STNU,5,inf,61,100
j30_56,STNU,6,inf,62,100
j30_56,STNU,7,inf,61,100
j30_56,STNU,8,inf,61,100
j30_56,STNU,9,inf,61,100
j30_56,STNU,10,inf,62,100
j30_56,STNU,11,inf,61,100
j30_56,STNU,12,inf,61,100
j30_56,STNU,13,inf,61,100
j30_56,STNU,14,inf,62,100
j30_56,STNU,15,inf,61,100
j30_56,STNU,16,inf,61,100
j30_56,STNU,17,inf,61,100
j30_56,STNU,18,inf,61,100
j30_56,STNU,19,inf,61,100
j30_56,STNU,20,inf,61,100
j30_56,STNU,21,inf,61,100
j30_56,STNU,22,inf,61,100
j30_56,STNU,23,inf,61,100
j30_56,STNU,24,inf,61,100
j30_56,STNU,25,inf,61,100
j30_56,STNU,26,inf,61,100
j30_56,STNU,27,inf,61,100
j30_56,STNU,28,inf,61,100
j30_56,STNU,29,inf,61,100
j30_56,STNU,30,inf,61,100
j30_56,STNU,31,inf,61,100
j30_56,STNU,32,inf,62,100
j30_56,STNU,33,inf,61,100
j30_56,STNU,34,inf,61,100
j30_56,STNU,35,inf,62,100
j30_56,STNU,36,inf,61,100
j30_56,STNU,37,inf,61,100
j30_56,STNU,38,inf,61,100
j30_56,STNU,39,inf,61,100
j30_56,STNU,40,inf,61,100
j30_56,STNU,41,inf,61,100
j30_56,STNU,42,inf,61,100
j30_56,STNU,43,inf,61,100
j30_56,STNU,44,inf,62,100
j30_56,STNU,45,inf,61,100
j30_56,STNU,46,inf,61,100
j30_56,STNU,47,inf,61,100
j30_56,STNU,48,inf,61,100
j30_56,STNU,49,inf,62,100
j30_57,STNU,0,inf,71,100
j30_57,STNU,1,inf,66,100
j30_57,STNU,2,inf,68,100
j30_57,STNU,3,inf,66,100
j30_57,STNU,4,inf,68,100
j30_57,STNU,5,inf,69,100
j30_57,STNU,6,inf,68,100
j30_57,STNU,7,inf,69,100
j30_57,STNU,8,inf,69,100
j30_57,STNU,9,inf,69,100
j30_57,STNU,10,inf,70,100
j30_57,STNU,11,inf,71,100
j30_57,STNU,12,inf,70,100
j30_57,STNU,13,inf,69,100
j30_57,STNU,14,inf,67,100
j30_57,STNU,15,inf,70,100
j30_57,STNU,16,inf,70,100
j30_57,STNU,17,inf,66,100
j30_57,STNU,18,inf,68,100
j30_57,STNU,19,inf,71,100
j30_57,STNU,20,inf,67,100
j30_57,STNU,21,inf,68,100
j30_57,STNU,22,inf,67,100
j30_57,STNU,23,inf,67,100
j30_57,STNU,24,inf,69,100
j30_57,STNU,25,inf,68,100
j30_57,STNU,26,inf,69,100
j30_57,STNU,27,inf,66,100
j30_57,STNU,28,inf,69,100
j30_57,STNU,29,inf,71,100
j30_57,STNU,30,inf,66,100
j30_57,STNU,31,inf,69,100
j30_57,STNU,32,inf,67,100
j30_57,STNU,33,inf,67,100
j30_57,STNU,34,inf,71,100
j30_57,STNU,35,inf,71,100
j30_57,STNU,36,inf,70,100
j30_57,STNU,37,inf,67,100
j30_57,STNU,38,inf,70,100
j30_57,STNU,39,inf,68,100
j30_57,STNU,40,inf,70,100
j30_57,STNU,41,inf,66,100
j30_57,STNU,42,inf,67,100
j30_57,STNU,43,inf,69,100
j30_57,STNU,44,inf,70,100
j30_57,STNU,45,inf,66,100
j30_57,STNU,46,inf,68,100
j30_57,STNU,47,inf,68,100
j30_57,STNU,48,inf,69,100
j30_57,STNU,49,inf,66,100
j30_58,STNU,0,inf,40,100
j30_58,STNU,1,inf,40,100
j30_58,STNU,2,inf,40,100
j30_58,STNU,3,inf,42,100
j30_58,STNU,4,inf,40,100
j30_58,STNU,5,inf,40,100
j30_58,STNU,6,inf,42,100
j30_58,STNU,7,inf,41,100
j30_58,STNU,8,inf,40,100
j30_58,STNU,9,inf,40,100
j30_58,STNU,10,inf,40,100
j30_58,STNU,11,inf,41,100
j30_58,STNU,12,inf,42,100
j30_58,STNU,13,inf,40,100
j30_58,STNU,14,inf,40,100
j30_58,STNU,15,inf,41,100
j30_58,STNU,16,inf,40,100
j30_58,STNU,17,inf,42,100
j30_58,STNU,18,inf,40,100
j30_58,STNU,19,inf,42,100
j30_58,STNU,20,inf,40,100
j30_58,STNU,21,inf,40,100
j30_58,STNU,22,inf,40,100
j30_58,STNU,23,inf,40,100
j30_58,STNU,24,inf,40,100
j30_58,STNU,25,inf,40,100
j30_58,STNU,26,inf,40,100
j30_58,STNU,27,inf,40,100
j30_58,STNU,28,inf,40,100
j30_58,STNU,29,inf,40,100
j30_58,STNU,30,inf,40,100
j30_58,STNU,31,inf,40,100
j30_58,STNU,32,inf,42,100
j30_58,STNU,33,inf,41,100
j30_58,STNU,34,inf,40,100
j30_58,STNU,35,inf,40,100
j30_58,STNU,36,inf,42,100
j30_58,STNU,37,inf,40,100
j30_58,STNU,38,inf,41,100
j30_58,STNU,39,inf,41,100
j30_58,STNU,40,inf,40,100
j30_58,STNU,41,inf,42,100
j30_58,STNU,42,inf,41,100
j30_58,STNU,43,inf,42,100
j30_58,STNU,44,inf,42,100
j30_58,STNU,45,inf,41,100
j30_58,STNU,46,inf,41,100
j30_58,STNU,47,inf,42,100
j30_58,STNU,48,inf,40,100
j30_58,STNU,49,inf,40,100
j30_59,STNU,0,inf,51,100
j30_59,STNU,1,inf,52,100
j30_59,STNU,2,inf,52,100
j30_59,STNU,3,inf,54,100
j30_59,STNU,4,inf,52,100
j30_59,STNU,5,inf,53,100
j30_59,STNU,6,inf,48,100
j30_59,STNU,7,inf,51,100
j30_59,STNU,8,inf,51,100
j30_59,STNU,9,inf,50,100
j30_59,STNU,10,inf,52,100
j30_59,STNU,11,inf,50,100
j30_59,STNU,12,inf,50,100
j30_59,STNU,13,inf,52,100
j30_59,STNU,14,inf,51,100
j30_59,STNU,15,inf,48,100
j30_59,STNU,16,inf,50,100
j30_59,STNU,17,inf,49,100
j30_59,STNU,18,inf,52,100
j30_59,STNU,19,inf,51,100
j30_59,STNU,20,inf,49,100
j30_59,STNU,21,inf,50,100
j30_59,STNU,22,inf,49,100
j30_59,STNU,23,inf,51,100
j30_59,STNU,24,inf,50,100
j30_59,STNU,25,inf,52,100
j30_59,STNU,26,inf,52,100
j30_59,STNU,27,inf,47,100
j30_59,STNU,28,inf,53,100
j30_59,STNU,29,inf,47,100
j30_59,STNU,30,inf,51,100
j30_59,STNU,31,inf,51,100
j30_59,STNU,32,inf,52,100
j30_59,STNU,33,inf,50,100
j30_59,STNU,34,inf,51,100
j30_59,STNU,35,inf,51,100
j30_59,STNU,36,inf,49,100
j30_59,STNU,37,inf,48,100
j30_59,STNU,38,inf,51,100
j30_59,STNU,39,inf,50,100
j30_59,STNU,40,inf,51,100
j30_59,STNU,41,inf,53,100
j30_59,STNU,42,inf,48,100
j30_59,STNU,43,inf,48,100
j30_59,STNU,44,inf,47,100
j30_59,STNU,45,inf,49,100
j30_59,STNU,46,inf,48,100
j30_59,STNU,47,inf,48,100
j30_59,STNU,48,inf,51,100
j30_59,STNU,49,inf,48,100
j30_60,STNU,0,inf,43,100
j30_60,STNU,1,inf,41,100
j30_60,STNU,2,inf,42,100
j30_60,STNU,3,inf,45,100
j30_60,STNU,4,inf,43,100
j30_60,STNU,5,inf,42,100
j30_60,STNU,6,inf,44,100
j30_60,STNU,7,inf,43,100
j30_60,STNU,8,inf,44,100
j30_60,STNU,9,inf,41,100
j30_60,STNU,10,inf,43,100
j30_60,STNU,11,inf,43,100
j30_60,STNU,12,inf,44,100
j30_60,STNU,13,inf,42,100
j30_60,STNU,14,inf,43,100
j30_60,STNU,15,inf,43,100
j30_60,STNU,16,inf,44,100
j30_60,STNU,17,inf,44,100
j30_60,STNU,18,inf,42,100
j30_60,STNU,19,inf,43,100
j30_60,STNU,20,inf,42,100
j30_60,STNU,21,inf,41,100
j30_60,STNU,22,inf,40,100
j30_60,STNU,23,inf,42,100
j30_60,STNU,24,inf,42,100
j30_60,STNU,25,inf,43,100
j30_60,STNU,26,inf,44,100
j30_60,STNU,27,inf,42,100
j30_60,STNU,28,inf,42,100
j30_60,STNU,29,inf,45,100
j30_60,STNU,30,inf,44,100
j30_60,STNU,31,inf,45,100
j30_60,STNU,32,inf,41,100
j30_60,STNU,33,inf,44,100
j30_60,STNU,34,inf,44,100
j30_60,STNU,35,inf,43,100
j30_60,STNU,36,inf,42,100
j30_60,STNU,37,inf,42,100
j30_60,STNU,38,inf,43,100
j30_60,STNU,39,inf,44,100
j30_60,STNU,40,inf,42,100
j30_60,STNU,41,inf,44,100
j30_60,STNU,42,inf,43,100
j30_60,STNU,43,inf,43,100
j30_60,STNU,44,inf,41,100
j30_60,STNU,45,inf,43,100
j30_60,STNU,46,inf,44,100
j30_60,STNU,47,inf,42,100
j30_60,STNU,48,inf,43,100
j30_60,STNU,49,inf,42,100
j30_61,STNU,0,inf,inf,0
j30_61,STNU,1,inf,inf,0
j30_61,STNU,2,inf,inf,0
j30_61,STNU,3,inf,inf,0
j30_61,STNU,4,inf,inf,0
j30_61,STNU,5,inf,inf,0
j30_61,STNU,6,inf,inf,0
j30_61,STNU,7,inf,inf,0
j30_61,STNU,8,inf,inf,0
j30_61,STNU,9,inf,inf,0
j30_61,STNU,10,inf,inf,0
j30_61,STNU,11,inf,inf,0
j30_61,STNU,12,inf,inf,0
j30_61,STNU,13,inf,inf,0
j30_61,STNU,14,inf,inf,0
j30_61,STNU,15,inf,inf,0
j30_61,STNU,16,inf,inf,0
j30_61,STNU,17,inf,inf,0
j30_61,STNU,18,inf,inf,0
j30_61,STNU,19,inf,inf,0
j30_61,STNU,20,inf,inf,0
j30_61,STNU,21,inf,inf,0
j30_61,STNU,22,inf,inf,0
j30_61,STNU,23,inf,inf,0
j30_61,STNU,24,inf,inf,0
j30_61,STNU,25,inf,inf,0
j30_61,STNU,26,inf,inf,0
j30_61,STNU,27,inf,inf,0
j30_61,STNU,28,inf,inf,0
j30_61,STNU,29,inf,inf,0
j30_61,STNU,30,inf,inf,0
j30_61,STNU,31,inf,inf,0
j30_61,STNU,32,inf,inf,0
j30_61,STNU,33,inf,inf,0
j30_61,STNU,34,inf,inf,0
j30_61,STNU,35,inf,inf,0
j30_61,STNU,36,inf,inf,0
j30_61,STNU,37,inf,inf,0
j30_61,STNU,38,inf,inf,0
j30_61,STNU,39,inf,inf,0
j30_61,STNU,40,inf,inf,0
j30_61,STNU,41,inf,inf,0
j30_61,STNU,42,inf,inf,0
j30_61,STNU,43,inf,inf,0
j30_61,STNU,44,inf,inf,0
j30_61,STNU,45,inf,inf,0
j30_61,STNU,46,inf,inf,0
j30_61,STNU,47,inf,inf,0
j30_61,STNU,48,inf,inf,0
j30_61,STNU,49,inf,inf,0
j30_62,STNU,0,inf,154,100
j30_62,STNU,1,inf,inf,0
j30_62,STNU,2,inf,inf,0
j30_62,STNU,3,inf,inf,0
j30_62,STNU,4,inf,159,100
j30_62,STNU,5,inf,inf,0
j30_62,STNU,6,inf,inf,0
j30_62,STNU,7,inf,inf,0
j30_62,STNU,8,inf,175,100
j30_62,STNU,9,inf,inf,0
j30_62,STNU,10,inf,inf,0
j30_62,STNU,11,inf,inf,0
j30_62,STNU,12,inf,164,100
j30_62,STNU,13,inf,168,100
j30_62,STNU,14,inf,167,100
j30_62,STNU,15,inf,146,100
j30_62,STNU,16,inf,inf,0
j30_62,STNU,17,inf,inf,0
j30_62,STNU,18,inf,179,100
j30_62,STNU,19,inf,inf,0
j30_62,STNU,20,inf,inf,0
j30_62,STNU,21,inf,inf,0
j30_62,STNU,22,inf,inf,0
j30_62,STNU,23,inf,164,100
j30_62,STNU,24,inf,167,100
j30_62,STNU,25,inf,inf,0
j30_62,STNU,26,inf,inf,0
j30_62,STNU,27,inf,inf,0
j30_62,STNU,28,inf,inf,0
j30_62,STNU,29,inf,inf,0
j30_62,STNU,30,inf,inf,0
j30_62,STNU,31,inf,inf,0
j30_62,STNU,32,inf,inf,0
j30_62,STNU,33,inf,inf,0
j30_62,STNU,34,inf,inf,0
j30_62,STNU,35,inf,inf,0
j30_62,STNU,36,inf,inf,0
j30_62,STNU,37,inf,174,100
j30_62,STNU,38,inf,inf,0
j30_62,STNU,39,inf,inf,0
j30_62,STNU,40,inf,inf,0
j30_62,STNU,41,inf,inf,0
j30_62,STNU,42,inf,145,100
j30_62,STNU,43,inf,154,100
j30_62,STNU,44,inf,inf,0
j30_62,STNU,45,inf,inf,0
j30_62,STNU,46,inf,inf,0
j30_62,STNU,47,inf,inf,0
j30_62,STNU,48,inf,inf,0
j30_62,STNU,49,inf,inf,0
j30_63,STNU,0,inf,inf,0
j30_63,STNU,1,inf,inf,0
j30_63,STNU,2,inf,inf,0
j30_63,STNU,3,inf,inf,0
j30_63,STNU,4,inf,inf,0
j30_63,STNU,5,inf,inf,0
j30_63,STNU,6,inf,inf,0
j30_63,STNU,7,inf,inf,0
j30_63,STNU,8,inf,inf,0
j30_63,STNU,9,inf,inf,0
j30_63,STNU,10,inf,inf,0
j30_63,STNU,11,inf,inf,0
j30_63,STNU,12,inf,inf,0
j30_63,STNU,13,inf,inf,0
j30_63,STNU,14,inf,inf,0
j30_63,STNU,15,inf,inf,0
j30_63,STNU,16,inf,inf,0
j30_63,STNU,17,inf,inf,0
j30_63,STNU,18,inf,inf,0
j30_63,STNU,19,inf,inf,0
j30_63,STNU,20,inf,inf,0
j30_63,STNU,21,inf,inf,0
j30_63,STNU,22,inf,inf,0
j30_63,STNU,23,inf,inf,0
j30_63,STNU,24,inf,inf,0
j30_63,STNU,25,inf,inf,0
j30_63,STNU,26,inf,inf,0
j30_63,STNU,27,inf,inf,0
j30_63,STNU,28,inf,inf,0
j30_63,STNU,29,inf,inf,0
j30_63,STNU,30,inf,inf,0
j30_63,STNU,31,inf,inf,0
j30_63,STNU,32,inf,inf,0
j30_63,STNU,33,inf,inf,0
j30_63,STNU,34,inf,inf,0
j30_63,STNU,35,inf,inf,0
j30_63,STNU,36,inf,inf,0
j30_63,STNU,37,inf,inf,0
j30_63,STNU,38,inf,inf,0
j30_63,STNU,39,inf,inf,0
j30_63,STNU,40,inf,inf,0
j30_63,STNU,41,inf,inf,0
j30_63,STNU,42,inf,inf,0
j30_63,STNU,43,inf,inf,0
j30_63,STNU,44,inf,inf,0
j30_63,STNU,45,inf,inf,0
j30_63,STNU,46,inf,inf,0
j30_63,STNU,47,inf,inf,0
j30_63,STNU,48,inf,inf,0
j30_63,STNU,49,inf,inf,0
