instance_folder,instance_id,method,time_limit,feasibility,obj,time_offline,time_online,start_times,real_durations
j30,2,robust,60,False,inf,inf,inf,,"[0, 8, 6, 5, 3, 6, 5, 6, 7, 7, 8, 6, 4, 1, 1, 5, 6, 1, 9, 9, 4, 2, 5, 5, 4, 1, 7, 1, 5, 6, 1, 0]"
j30,2,robust,60,False,inf,inf,inf,,"[0, 6, 10, 3, 5, 5, 2, 8, 7, 10, 6, 8, 4, 1, 1, 5, 3, 1, 7, 9, 4, 1, 9, 9, 4, 1, 7, 1, 4, 4, 3, 0]"
j30,2,robust,60,False,inf,inf,inf,,"[0, 6, 6, 3, 4, 8, 4, 6, 4, 8, 7, 8, 5, 1, 2, 4, 4, 1, 5, 7, 6, 2, 6, 9, 6, 1, 8, 1, 4, 6, 1, 0]"
j30,2,robust,60,False,inf,inf,inf,,"[0, 7, 6, 2, 3, 8, 5, 8, 7, 12, 8, 4, 6, 1, 1, 8, 5, 1, 6, 6, 7, 2, 5, 6, 4, 1, 9, 1, 8, 6, 3, 0]"
j30,4,robust,60,False,inf,inf,inf,,"[0, 11, 7, 2, 6, 1, 5, 4, 5, 3, 2, 2, 4, 10, 11, 10, 3, 8, 8, 5, 10, 9, 7, 7, 8, 11, 4, 1, 1, 1, 5, 0]"
j30,4,robust,60,False,inf,inf,inf,,"[0, 7, 5, 5, 6, 1, 4, 4, 3, 5, 3, 3, 3, 10, 7, 6, 2, 11, 7, 5, 7, 6, 6, 6, 5, 9, 2, 1, 1, 2, 5, 0]"
j30,4,robust,60,False,inf,inf,inf,,"[0, 10, 6, 2, 6, 1, 3, 6, 3, 4, 2, 2, 4, 8, 8, 7, 2, 12, 5, 6, 12, 11, 7, 8, 5, 9, 4, 1, 1, 1, 4, 0]"
j30,4,robust,60,False,inf,inf,inf,,"[0, 8, 5, 5, 9, 1, 2, 5, 4, 4, 2, 2, 4, 7, 11, 9, 2, 6, 8, 5, 10, 9, 6, 5, 7, 10, 5, 1, 1, 3, 2, 0]"
j30,4,robust,60,False,inf,inf,inf,,"[0, 11, 8, 3, 6, 1, 2, 5, 2, 3, 4, 5, 7, 7, 7, 6, 4, 10, 8, 3, 10, 7, 7, 6, 4, 8, 5, 1, 2, 3, 2, 0]"
j30,4,robust,60,False,inf,inf,inf,,"[0, 10, 6, 4, 6, 1, 3, 5, 4, 4, 4, 5, 3, 12, 11, 7, 4, 10, 4, 4, 8, 7, 7, 7, 4, 11, 2, 1, 2, 2, 5, 0]"
j30,4,robust,60,False,inf,inf,inf,,"[0, 6, 5, 5, 7, 1, 3, 7, 2, 5, 2, 5, 3, 9, 7, 8, 6, 11, 4, 3, 11, 9, 4, 6, 4, 11, 5, 1, 1, 1, 4, 0]"
j30,4,robust,60,False,inf,inf,inf,,"[0, 11, 7, 2, 8, 1, 4, 3, 3, 5, 5, 5, 4, 8, 10, 9, 2, 12, 4, 7, 8, 10, 5, 5, 7, 6, 2, 1, 1, 2, 4, 0]"
j30,4,robust,60,False,inf,inf,inf,,"[0, 7, 4, 2, 9, 1, 2, 4, 4, 2, 6, 5, 6, 12, 9, 9, 5, 8, 7, 6, 11, 10, 6, 7, 8, 10, 2, 1, 2, 1, 5, 0]"
j30,4,robust,60,False,inf,inf,inf,,"[0, 11, 5, 5, 6, 1, 4, 5, 4, 2, 4, 4, 4, 10, 6, 10, 6, 12, 5, 6, 7, 10, 4, 7, 5, 6, 2, 1, 1, 3, 2, 0]"
j30,5,robust,60,False,inf,inf,inf,,"[0, 5, 2, 5, 3, 7, 11, 1, 1, 3, 3, 1, 5, 1, 6, 2, 1, 3, 8, 1, 8, 2, 5, 8, 4, 11, 6, 4, 5, 1, 1, 0]"
j30,5,robust,60,False,inf,inf,inf,,"[0, 4, 1, 7, 4, 7, 9, 1, 1, 4, 2, 1, 5, 2, 6, 3, 2, 5, 5, 1, 6, 2, 9, 7, 2, 9, 8, 3, 5, 1, 1, 0]"
j30,5,robust,60,False,inf,inf,inf,,"[0, 4, 1, 5, 6, 8, 11, 2, 1, 6, 4, 1, 5, 2, 8, 5, 2, 3, 6, 1, 8, 1, 8, 5, 4, 6, 9, 5, 6, 1, 1, 0]"
j30,5,robust,60,False,inf,inf,inf,,"[0, 6, 1, 8, 2, 6, 10, 2, 1, 4, 3, 1, 5, 1, 8, 2, 2, 4, 9, 1, 10, 3, 8, 8, 5, 9, 7, 6, 5, 1, 2, 0]"
j30,7,robust,60,False,inf,inf,inf,,"[0, 2, 6, 1, 1, 5, 2, 9, 2, 3, 2, 7, 7, 5, 3, 1, 1, 1, 5, 1, 1, 1, 11, 3, 2, 8, 10, 8, 2, 2, 6, 0]"
j30,7,robust,60,False,inf,inf,inf,,"[0, 2, 7, 1, 1, 5, 2, 6, 2, 3, 3, 9, 4, 3, 4, 2, 1, 1, 8, 2, 3, 1, 11, 1, 5, 5, 9, 7, 4, 2, 8, 0]"
j30,7,robust,60,False,inf,inf,inf,,"[0, 2, 3, 2, 1, 3, 2, 7, 2, 3, 4, 11, 3, 2, 4, 2, 1, 2, 8, 1, 3, 1, 6, 2, 5, 8, 9, 11, 3, 2, 6, 0]"
j30,9,robust,60,False,inf,inf,inf,,"[0, 5, 5, 2, 2, 6, 3, 2, 9, 2, 2, 6, 11, 3, 7, 6, 1, 9, 3, 2, 7, 7, 2, 3, 1, 1, 7, 7, 1, 10, 6, 0]"
j30,9,robust,60,False,inf,inf,inf,,"[0, 8, 5, 3, 1, 9, 3, 4, 7, 2, 2, 12, 7, 3, 11, 10, 2, 11, 3, 2, 4, 3, 4, 4, 1, 1, 5, 6, 1, 8, 12, 0]"
j30,9,robust,60,False,inf,inf,inf,,"[0, 5, 4, 2, 2, 8, 2, 2, 9, 2, 4, 8, 10, 2, 9, 11, 1, 9, 6, 2, 8, 7, 6, 3, 1, 1, 4, 7, 1, 6, 11, 0]"
j30,9,robust,60,False,inf,inf,inf,,"[0, 7, 8, 2, 2, 5, 4, 6, 9, 1, 2, 7, 12, 1, 7, 6, 1, 9, 3, 1, 8, 7, 4, 4, 1, 1, 4, 4, 1, 8, 6, 0]"
j30,9,robust,60,False,inf,inf,inf,,"[0, 6, 6, 1, 3, 5, 3, 4, 6, 2, 2, 8, 6, 2, 6, 7, 2, 6, 3, 2, 5, 4, 6, 6, 1, 1, 7, 3, 2, 6, 9, 0]"
j30,9,robust,60,False,inf,inf,inf,,"[0, 6, 6, 2, 2, 9, 2, 2, 8, 2, 3, 11, 6, 3, 11, 6, 1, 8, 5, 1, 6, 3, 5, 5, 1, 1, 5, 5, 1, 9, 6, 0]"
j30,9,robust,60,False,inf,inf,inf,,"[0, 5, 8, 3, 1, 7, 2, 5, 5, 1, 2, 11, 8, 2, 6, 10, 2, 6, 3, 1, 8, 7, 5, 5, 1, 1, 7, 6, 1, 9, 12, 0]"
j30,9,robust,60,False,inf,inf,inf,,"[0, 8, 8, 3, 1, 9, 2, 5, 8, 1, 5, 11, 12, 3, 11, 7, 2, 6, 4, 1, 6, 3, 4, 3, 1, 1, 8, 3, 1, 10, 12, 0]"
j30,9,robust,60,False,inf,inf,inf,,"[0, 6, 7, 2, 1, 6, 4, 3, 5, 1, 4, 12, 10, 2, 6, 6, 2, 7, 2, 1, 7, 5, 5, 6, 1, 1, 8, 6, 1, 6, 6, 0]"
j30,10,robust,60,False,inf,inf,inf,,"[0, 2, 7, 2, 4, 4, 7, 3, 6, 2, 8, 8, 1, 2, 5, 6, 6, 1, 5, 7, 5, 1, 1, 3, 4, 1, 5, 6, 7, 3, 1, 0]"
j30,11,robust,60,True,63.0,0.06183004379272461,0.0005750656127929688,"[0, 22, 41, 0, 33, 45, 32, 10, 27, 16, 0, 0, 29, 16, 0, 10, 44, 40, 46, 53, 32, 29, 26, 33, 44, 23, 37, 53, 42, 59, 56, 62]","[0, 6, 9, 6, 3, 9, 5, 2, 1, 1, 4, 9, 1, 8, 12, 7, 1, 3, 7, 1, 6, 1, 5, 9, 1, 3, 2, 2, 1, 3, 7, 0]"
j30,11,robust,60,True,62.0,0.06183004379272461,0.00048828125,"[0, 22, 41, 0, 33, 45, 32, 10, 27, 16, 0, 0, 29, 16, 0, 10, 44, 40, 46, 53, 32, 29, 26, 33, 44, 23, 37, 53, 42, 59, 56, 62]","[0, 4, 6, 12, 2, 12, 6, 3, 1, 1, 4, 6, 1, 4, 10, 7, 1, 1, 3, 2, 7, 3, 3, 5, 1, 3, 5, 2, 1, 2, 4, 0]"
j30,11,robust,60,True,62.0,0.06183004379272461,0.0004937648773193359,"[0, 22, 41, 0, 33, 45, 32, 10, 27, 16, 0, 0, 29, 16, 0, 10, 44, 40, 46, 53, 32, 29, 26, 33, 44, 23, 37, 53, 42, 59, 56, 62]","[0, 4, 8, 10, 2, 7, 8, 2, 1, 1, 5, 9, 1, 4, 11, 9, 1, 2, 5, 2, 4, 1, 3, 7, 1, 3, 3, 1, 1, 2, 6, 0]"
j30,11,robust,60,True,63.0,0.06183004379272461,0.0004830360412597656,"[0, 22, 41, 0, 33, 45, 32, 10, 27, 16, 0, 0, 29, 16, 0, 10, 44, 40, 46, 53, 32, 29, 26, 33, 44, 23, 37, 53, 42, 59, 56, 62]","[0, 7, 8, 11, 3, 9, 5, 2, 1, 1, 5, 7, 1, 5, 9, 10, 1, 3, 3, 1, 5, 2, 3, 8, 1, 1, 2, 2, 2, 3, 7, 0]"
j30,11,robust,60,True,62.0,0.06183004379272461,0.000576019287109375,"[0, 22, 41, 0, 33, 45, 32, 10, 27, 16, 0, 0, 29, 16, 0, 10, 44, 40, 46, 53, 32, 29, 26, 33, 44, 23, 37, 53, 42, 59, 56, 62]","[0, 5, 9, 9, 5, 11, 5, 5, 1, 1, 7, 8, 1, 8, 12, 10, 1, 2, 7, 2, 4, 1, 4, 5, 1, 2, 4, 2, 1, 2, 4, 0]"
j30,11,robust,60,True,62.0,0.06183004379272461,0.00045800209045410156,"[0, 22, 41, 0, 33, 45, 32, 10, 27, 16, 0, 0, 29, 16, 0, 10, 44, 40, 46, 53, 32, 29, 26, 33, 44, 23, 37, 53, 42, 59, 56, 62]","[0, 3, 7, 10, 6, 6, 9, 3, 1, 1, 7, 6, 1, 4, 8, 9, 1, 2, 5, 1, 8, 3, 4, 5, 1, 2, 4, 1, 1, 3, 3, 0]"
j30,11,robust,60,True,62.0,0.06183004379272461,0.00045490264892578125,"[0, 22, 41, 0, 33, 45, 32, 10, 27, 16, 0, 0, 29, 16, 0, 10, 44, 40, 46, 53, 32, 29, 26, 33, 44, 23, 37, 53, 42, 59, 56, 62]","[0, 4, 7, 10, 2, 12, 6, 4, 1, 1, 4, 9, 1, 6, 6, 11, 1, 1, 4, 2, 4, 2, 5, 6, 1, 2, 4, 2, 1, 1, 6, 0]"
j30,11,robust,60,True,62.0,0.06183004379272461,0.00047206878662109375,"[0, 22, 41, 0, 33, 45, 32, 10, 27, 16, 0, 0, 29, 16, 0, 10, 44, 40, 46, 53, 32, 29, 26, 33, 44, 23, 37, 53, 42, 59, 56, 62]","[0, 3, 8, 6, 5, 7, 7, 5, 1, 1, 7, 5, 1, 4, 11, 9, 1, 2, 4, 2, 4, 3, 3, 5, 1, 1, 4, 2, 2, 1, 5, 0]"
j30,11,robust,60,True,63.0,0.06183004379272461,0.0004627704620361328,"[0, 22, 41, 0, 33, 45, 32, 10, 27, 16, 0, 0, 29, 16, 0, 10, 44, 40, 46, 53, 32, 29, 26, 33, 44, 23, 37, 53, 42, 59, 56, 62]","[0, 3, 8, 9, 3, 8, 9, 5, 1, 1, 3, 5, 1, 8, 8, 10, 1, 3, 5, 1, 7, 1, 2, 9, 1, 2, 4, 2, 2, 1, 7, 0]"
j30,11,robust,60,True,62.0,0.06183004379272461,0.00048089027404785156,"[0, 22, 41, 0, 33, 45, 32, 10, 27, 16, 0, 0, 29, 16, 0, 10, 44, 40, 46, 53, 32, 29, 26, 33, 44, 23, 37, 53, 42, 59, 56, 62]","[0, 6, 5, 7, 4, 10, 9, 5, 1, 1, 6, 8, 1, 7, 9, 8, 1, 3, 6, 2, 8, 3, 2, 9, 1, 1, 5, 2, 1, 2, 4, 0]"
j30,12,robust,60,True,60.0,0.7127799987792969,0.0006330013275146484,"[0, 9, 16, 0, 9, 29, 22, 0, 0, 26, 12, 36, 19, 0, 48, 16, 32, 30, 39, 36, 50, 50, 57, 51, 32, 25, 44, 28, 48, 36, 7, 60]","[0, 11, 9, 10, 6, 2, 3, 7, 3, 4, 5, 7, 5, 11, 8, 3, 4, 1, 6, 7, 8, 9, 1, 7, 4, 6, 5, 4, 4, 5, 6, 0]"
j30,12,robust,60,True,60.0,0.7127799987792969,0.0005538463592529297,"[0, 9, 16, 0, 9, 29, 22, 0, 0, 26, 12, 36, 19, 0, 48, 16, 32, 30, 39, 36, 50, 50, 57, 51, 32, 25, 44, 28, 48, 36, 7, 60]","[0, 12, 11, 7, 7, 2, 5, 5, 4, 4, 8, 4, 2, 6, 7, 4, 3, 1, 7, 4, 6, 8, 1, 3, 3, 5, 2, 5, 7, 2, 11, 0]"
j30,12,robust,60,True,60.0,0.7127799987792969,0.0005247592926025391,"[0, 9, 16, 0, 9, 29, 22, 0, 0, 26, 12, 36, 19, 0, 48, 16, 32, 30, 39, 36, 50, 50, 57, 51, 32, 25, 44, 28, 48, 36, 7, 60]","[0, 9, 7, 8, 6, 1, 3, 6, 5, 5, 4, 4, 5, 12, 8, 5, 3, 3, 4, 3, 7, 7, 2, 4, 5, 6, 4, 3, 3, 5, 7, 0]"
j30,12,robust,60,True,60.0,0.7127799987792969,0.0005519390106201172,"[0, 9, 16, 0, 9, 29, 22, 0, 0, 26, 12, 36, 19, 0, 48, 16, 32, 30, 39, 36, 50, 50, 57, 51, 32, 25, 44, 28, 48, 36, 7, 60]","[0, 7, 11, 9, 6, 1, 3, 8, 5, 8, 7, 6, 5, 11, 4, 5, 6, 1, 8, 7, 6, 5, 1, 5, 2, 4, 5, 7, 4, 5, 7, 0]"
j30,12,robust,60,True,60.0,0.7127799987792969,0.0005240440368652344,"[0, 9, 16, 0, 9, 29, 22, 0, 0, 26, 12, 36, 19, 0, 48, 16, 32, 30, 39, 36, 50, 50, 57, 51, 32, 25, 44, 28, 48, 36, 7, 60]","[0, 6, 8, 10, 10, 1, 2, 5, 7, 5, 4, 5, 5, 7, 6, 6, 6, 3, 6, 3, 6, 7, 1, 5, 2, 3, 4, 7, 3, 4, 11, 0]"
j30,12,robust,60,True,60.0,0.7127799987792969,0.0005090236663818359,"[0, 9, 16, 0, 9, 29, 22, 0, 0, 26, 12, 36, 19, 0, 48, 16, 32, 30, 39, 36, 50, 50, 57, 51, 32, 25, 44, 28, 48, 36, 7, 60]","[0, 11, 7, 8, 7, 2, 2, 6, 3, 4, 5, 3, 3, 9, 5, 3, 6, 1, 7, 3, 8, 5, 2, 4, 4, 6, 3, 3, 3, 3, 9, 0]"
j30,12,robust,60,True,60.0,0.7127799987792969,0.0005519390106201172,"[0, 9, 16, 0, 9, 29, 22, 0, 0, 26, 12, 36, 19, 0, 48, 16, 32, 30, 39, 36, 50, 50, 57, 51, 32, 25, 44, 28, 48, 36, 7, 60]","[0, 7, 7, 11, 6, 1, 3, 4, 7, 6, 7, 7, 4, 12, 4, 5, 5, 2, 5, 5, 9, 8, 1, 3, 6, 4, 5, 7, 5, 2, 11, 0]"
j30,12,robust,60,True,60.0,0.7127799987792969,0.0005609989166259766,"[0, 9, 16, 0, 9, 29, 22, 0, 0, 26, 12, 36, 19, 0, 48, 16, 32, 30, 39, 36, 50, 50, 57, 51, 32, 25, 44, 28, 48, 36, 7, 60]","[0, 9, 6, 6, 10, 2, 4, 5, 3, 8, 7, 3, 3, 8, 8, 6, 5, 3, 7, 6, 8, 7, 2, 6, 6, 5, 4, 7, 7, 2, 9, 0]"
j30,12,robust,60,True,60.0,0.7127799987792969,0.0005178451538085938,"[0, 9, 16, 0, 9, 29, 22, 0, 0, 26, 12, 36, 19, 0, 48, 16, 32, 30, 39, 36, 50, 50, 57, 51, 32, 25, 44, 28, 48, 36, 7, 60]","[0, 9, 6, 9, 11, 1, 4, 5, 3, 6, 6, 5, 2, 8, 5, 6, 2, 1, 8, 4, 8, 6, 1, 4, 4, 3, 4, 3, 3, 4, 10, 0]"
j30,12,robust,60,True,60.0,0.7127799987792969,0.0005321502685546875,"[0, 9, 16, 0, 9, 29, 22, 0, 0, 26, 12, 36, 19, 0, 48, 16, 32, 30, 39, 36, 50, 50, 57, 51, 32, 25, 44, 28, 48, 36, 7, 60]","[0, 7, 12, 6, 6, 2, 3, 4, 7, 7, 6, 6, 2, 12, 8, 5, 2, 1, 4, 7, 6, 9, 2, 5, 4, 6, 3, 6, 7, 2, 6, 0]"
j30,13,robust,60,True,87.0,0.2003622055053711,0.0006020069122314453,"[0, 0, 10, 29, 8, 0, 0, 16, 19, 21, 64, 45, 20, 69, 50, 57, 36, 71, 57, 71, 55, 77, 47, 57, 27, 39, 77, 22, 34, 16, 43, 86]","[0, 8, 1, 6, 7, 6, 4, 5, 1, 3, 10, 1, 8, 1, 3, 8, 1, 4, 3, 8, 1, 9, 1, 5, 6, 4, 10, 11, 6, 1, 3, 0]"
j30,13,robust,60,True,88.0,0.2003622055053711,0.0005218982696533203,"[0, 0, 10, 29, 8, 0, 0, 16, 19, 21, 64, 45, 20, 69, 50, 57, 36, 71, 57, 71, 55, 77, 47, 57, 27, 39, 77, 22, 34, 16, 43, 86]","[0, 6, 2, 12, 6, 4, 5, 6, 1, 3, 6, 1, 8, 1, 3, 6, 1, 3, 5, 8, 1, 6, 1, 2, 5, 4, 11, 7, 5, 2, 6, 0]"
j30,13,robust,60,True,86.0,0.2003622055053711,0.0005469322204589844,"[0, 0, 10, 29, 8, 0, 0, 16, 19, 21, 64, 45, 20, 69, 50, 57, 36, 71, 57, 71, 55, 77, 47, 57, 27, 39, 77, 22, 34, 16, 43, 86]","[0, 5, 2, 9, 10, 5, 8, 5, 1, 3, 9, 1, 5, 1, 4, 6, 1, 3, 5, 8, 1, 7, 1, 3, 2, 4, 7, 9, 8, 2, 3, 0]"
j30,13,robust,60,True,88.0,0.2003622055053711,0.0005168914794921875,"[0, 0, 10, 29, 8, 0, 0, 16, 19, 21, 64, 45, 20, 69, 50, 57, 36, 71, 57, 71, 55, 77, 47, 57, 27, 39, 77, 22, 34, 16, 43, 86]","[0, 8, 1, 6, 6, 5, 6, 6, 1, 5, 9, 1, 8, 1, 4, 6, 1, 5, 5, 7, 1, 6, 1, 5, 2, 2, 11, 11, 8, 2, 4, 0]"
j30,13,robust,60,True,86.0,0.2003622055053711,0.0005190372467041016,"[0, 0, 10, 29, 8, 0, 0, 16, 19, 21, 64, 45, 20, 69, 50, 57, 36, 71, 57, 71, 55, 77, 47, 57, 27, 39, 77, 22, 34, 16, 43, 86]","[0, 9, 2, 11, 9, 3, 7, 9, 1, 5, 10, 1, 8, 1, 6, 7, 1, 2, 4, 6, 1, 7, 1, 6, 3, 5, 7, 6, 6, 1, 6, 0]"
j30,13,robust,60,True,86.0,0.2003622055053711,0.0004980564117431641,"[0, 0, 10, 29, 8, 0, 0, 16, 19, 21, 64, 45, 20, 69, 50, 57, 36, 71, 57, 71, 55, 77, 47, 57, 27, 39, 77, 22, 34, 16, 43, 86]","[0, 5, 1, 7, 12, 7, 5, 5, 1, 4, 9, 1, 5, 1, 4, 10, 1, 5, 4, 8, 1, 5, 1, 3, 4, 4, 8, 6, 5, 1, 6, 0]"
j30,13,robust,60,True,88.0,0.2003622055053711,0.0005257129669189453,"[0, 0, 10, 29, 8, 0, 0, 16, 19, 21, 64, 45, 20, 69, 50, 57, 36, 71, 57, 71, 55, 77, 47, 57, 27, 39, 77, 22, 34, 16, 43, 86]","[0, 5, 1, 11, 11, 4, 6, 6, 1, 3, 10, 1, 6, 1, 2, 11, 1, 3, 3, 6, 1, 6, 1, 5, 3, 3, 11, 10, 8, 2, 2, 0]"
j30,13,robust,60,True,86.0,0.2003622055053711,0.0004839897155761719,"[0, 0, 10, 29, 8, 0, 0, 16, 19, 21, 64, 45, 20, 69, 50, 57, 36, 71, 57, 71, 55, 77, 47, 57, 27, 39, 77, 22, 34, 16, 43, 86]","[0, 8, 2, 6, 9, 4, 6, 9, 1, 3, 6, 1, 4, 1, 5, 7, 2, 5, 3, 6, 1, 5, 1, 6, 4, 3, 9, 10, 6, 1, 2, 0]"
j30,13,robust,60,True,87.0,0.2003622055053711,0.0005099773406982422,"[0, 0, 10, 29, 8, 0, 0, 16, 19, 21, 64, 45, 20, 69, 50, 57, 36, 71, 57, 71, 55, 77, 47, 57, 27, 39, 77, 22, 34, 16, 43, 86]","[0, 8, 2, 11, 11, 4, 6, 9, 1, 5, 6, 1, 4, 1, 6, 8, 2, 2, 4, 8, 1, 5, 1, 5, 2, 2, 10, 11, 6, 2, 3, 0]"
j30,13,robust,60,True,87.0,0.2003622055053711,0.0005090236663818359,"[0, 0, 10, 29, 8, 0, 0, 16, 19, 21, 64, 45, 20, 69, 50, 57, 36, 71, 57, 71, 55, 77, 47, 57, 27, 39, 77, 22, 34, 16, 43, 86]","[0, 5, 1, 9, 6, 4, 6, 9, 1, 2, 9, 1, 7, 1, 5, 9, 1, 5, 4, 9, 1, 9, 1, 5, 4, 2, 10, 6, 7, 2, 2, 0]"
j30,14,robust,60,True,69.0,0.056326866149902344,0.0006029605865478516,"[0, 12, 4, 0, 8, 26, 42, 0, 0, 4, 0, 10, 14, 4, 33, 3, 24, 18, 29, 43, 42, 17, 56, 24, 14, 50, 12, 54, 62, 29, 57, 69]","[0, 1, 2, 1, 1, 7, 6, 1, 5, 6, 1, 7, 9, 2, 8, 5, 3, 10, 11, 8, 10, 9, 1, 8, 1, 2, 2, 3, 6, 10, 3, 0]"
j30,14,robust,60,True,69.0,0.056326866149902344,0.0005083084106445312,"[0, 12, 4, 0, 8, 26, 42, 0, 0, 4, 0, 10, 14, 4, 33, 3, 24, 18, 29, 43, 42, 17, 56, 24, 14, 50, 12, 54, 62, 29, 57, 69]","[0, 1, 2, 3, 1, 11, 4, 1, 6, 11, 1, 12, 6, 2, 4, 8, 2, 6, 6, 11, 9, 8, 1, 5, 1, 4, 3, 2, 5, 7, 5, 0]"
j30,14,robust,60,True,70.0,0.056326866149902344,0.0004899501800537109,"[0, 12, 4, 0, 8, 26, 42, 0, 0, 4, 0, 10, 14, 4, 33, 3, 24, 18, 29, 43, 42, 17, 56, 24, 14, 50, 12, 54, 62, 29, 57, 69]","[0, 1, 1, 1, 2, 9, 7, 1, 7, 10, 1, 6, 8, 2, 6, 4, 1, 7, 8, 8, 7, 6, 1, 5, 2, 5, 3, 2, 8, 9, 3, 0]"
j30,14,robust,60,True,69.0,0.056326866149902344,0.0004980564117431641,"[0, 12, 4, 0, 8, 26, 42, 0, 0, 4, 0, 10, 14, 4, 33, 3, 24, 18, 29, 43, 42, 17, 56, 24, 14, 50, 12, 54, 62, 29, 57, 69]","[0, 1, 3, 1, 1, 8, 5, 1, 6, 9, 1, 10, 7, 3, 4, 4, 2, 7, 11, 9, 6, 6, 1, 8, 2, 4, 3, 1, 7, 11, 5, 0]"
j30,14,robust,60,True,70.0,0.056326866149902344,0.0005178451538085938,"[0, 12, 4, 0, 8, 26, 42, 0, 0, 4, 0, 10, 14, 4, 33, 3, 24, 18, 29, 43, 42, 17, 56, 24, 14, 50, 12, 54, 62, 29, 57, 69]","[0, 1, 2, 1, 1, 9, 7, 1, 9, 11, 1, 10, 6, 1, 8, 6, 1, 11, 8, 10, 7, 7, 1, 4, 1, 2, 1, 1, 8, 7, 6, 0]"
j30,14,robust,60,True,69.0,0.056326866149902344,0.0005109310150146484,"[0, 12, 4, 0, 8, 26, 42, 0, 0, 4, 0, 10, 14, 4, 33, 3, 24, 18, 29, 43, 42, 17, 56, 24, 14, 50, 12, 54, 62, 29, 57, 69]","[0, 1, 2, 1, 3, 9, 4, 1, 7, 10, 1, 10, 7, 3, 4, 5, 3, 12, 8, 6, 11, 7, 1, 6, 1, 4, 1, 3, 5, 8, 3, 0]"
j30,14,robust,60,True,70.0,0.056326866149902344,0.0005018711090087891,"[0, 12, 4, 0, 8, 26, 42, 0, 0, 4, 0, 10, 14, 4, 33, 3, 24, 18, 29, 43, 42, 17, 56, 24, 14, 50, 12, 54, 62, 29, 57, 69]","[0, 1, 2, 1, 3, 6, 3, 1, 6, 11, 1, 6, 6, 2, 5, 8, 1, 9, 11, 6, 9, 6, 1, 7, 2, 4, 2, 2, 8, 11, 2, 0]"
j30,14,robust,60,True,69.0,0.056326866149902344,0.0004899501800537109,"[0, 12, 4, 0, 8, 26, 42, 0, 0, 4, 0, 10, 14, 4, 33, 3, 24, 18, 29, 43, 42, 17, 56, 24, 14, 50, 12, 54, 62, 29, 57, 69]","[0, 1, 2, 1, 2, 9, 4, 1, 6, 11, 1, 6, 5, 1, 6, 7, 1, 8, 6, 11, 9, 9, 1, 5, 1, 2, 1, 3, 4, 11, 6, 0]"
j30,14,robust,60,True,69.0,0.056326866149902344,0.0004961490631103516,"[0, 12, 4, 0, 8, 26, 42, 0, 0, 4, 0, 10, 14, 4, 33, 3, 24, 18, 29, 43, 42, 17, 56, 24, 14, 50, 12, 54, 62, 29, 57, 69]","[0, 1, 3, 1, 3, 8, 3, 1, 8, 6, 1, 6, 9, 2, 6, 5, 1, 10, 9, 6, 7, 8, 1, 8, 1, 5, 3, 3, 7, 9, 5, 0]"
j30,14,robust,60,True,69.0,0.056326866149902344,0.0004937648773193359,"[0, 12, 4, 0, 8, 26, 42, 0, 0, 4, 0, 10, 14, 4, 33, 3, 24, 18, 29, 43, 42, 17, 56, 24, 14, 50, 12, 54, 62, 29, 57, 69]","[0, 1, 3, 3, 2, 10, 6, 1, 7, 10, 1, 10, 5, 1, 7, 5, 1, 8, 8, 8, 6, 8, 1, 5, 1, 2, 1, 1, 5, 9, 3, 0]"
j30,15,robust,60,True,68.0,0.17045307159423828,0.0005319118499755859,"[0, 0, 8, 18, 0, 0, 0, 0, 22, 0, 8, 10, 10, 45, 12, 22, 24, 36, 19, 48, 33, 28, 46, 50, 19, 35, 34, 35, 34, 50, 62, 68]","[0, 3, 8, 1, 6, 2, 7, 6, 11, 3, 1, 2, 4, 1, 6, 4, 6, 4, 6, 4, 1, 2, 1, 8, 2, 7, 10, 7, 7, 12, 3, 0]"
j30,15,robust,60,True,69.0,0.17045307159423828,0.0005049705505371094,"[0, 0, 8, 18, 0, 0, 0, 0, 22, 0, 8, 10, 10, 45, 12, 22, 24, 36, 19, 48, 33, 28, 46, 50, 19, 35, 34, 35, 34, 50, 62, 68]","[0, 4, 6, 2, 11, 1, 7, 4, 6, 7, 1, 3, 3, 1, 5, 5, 7, 3, 2, 5, 1, 4, 2, 7, 3, 8, 10, 6, 7, 9, 7, 0]"
j30,15,robust,60,True,68.0,0.17045307159423828,0.0005178451538085938,"[0, 0, 8, 18, 0, 0, 0, 0, 22, 0, 8, 10, 10, 45, 12, 22, 24, 36, 19, 48, 33, 28, 46, 50, 19, 35, 34, 35, 34, 50, 62, 68]","[0, 4, 9, 1, 11, 2, 7, 5, 6, 7, 1, 3, 5, 2, 4, 3, 5, 4, 3, 5, 1, 5, 3, 11, 2, 8, 11, 7, 9, 12, 3, 0]"
j30,15,robust,60,True,69.0,0.17045307159423828,0.0005061626434326172,"[0, 0, 8, 18, 0, 0, 0, 0, 22, 0, 8, 10, 10, 45, 12, 22, 24, 36, 19, 48, 33, 28, 46, 50, 19, 35, 34, 35, 34, 50, 62, 68]","[0, 2, 7, 3, 7, 2, 9, 7, 8, 3, 1, 2, 4, 2, 5, 2, 5, 3, 6, 4, 1, 2, 2, 9, 5, 5, 9, 10, 9, 10, 7, 0]"
j30,15,robust,60,True,69.0,0.17045307159423828,0.0005011558532714844,"[0, 0, 8, 18, 0, 0, 0, 0, 22, 0, 8, 10, 10, 45, 12, 22, 24, 36, 19, 48, 33, 28, 46, 50, 19, 35, 34, 35, 34, 50, 62, 68]","[0, 5, 9, 2, 6, 1, 8, 3, 11, 5, 1, 5, 7, 2, 3, 2, 7, 2, 6, 2, 1, 2, 2, 10, 3, 5, 8, 9, 7, 8, 7, 0]"
j30,15,robust,60,True,68.0,0.17045307159423828,0.0004930496215820312,"[0, 0, 8, 18, 0, 0, 0, 0, 22, 0, 8, 10, 10, 45, 12, 22, 24, 36, 19, 48, 33, 28, 46, 50, 19, 35, 34, 35, 34, 50, 62, 68]","[0, 2, 7, 3, 6, 2, 8, 5, 6, 4, 1, 4, 7, 1, 2, 4, 6, 4, 3, 6, 1, 4, 1, 11, 2, 6, 11, 6, 7, 9, 4, 0]"
j30,15,robust,60,True,69.0,0.17045307159423828,0.0005040168762207031,"[0, 0, 8, 18, 0, 0, 0, 0, 22, 0, 8, 10, 10, 45, 12, 22, 24, 36, 19, 48, 33, 28, 46, 50, 19, 35, 34, 35, 34, 50, 62, 68]","[0, 3, 9, 1, 9, 1, 11, 3, 9, 3, 1, 5, 4, 1, 6, 3, 5, 3, 2, 5, 1, 3, 2, 11, 2, 5, 10, 8, 11, 9, 7, 0]"
j30,15,robust,60,True,68.0,0.17045307159423828,0.0005018711090087891,"[0, 0, 8, 18, 0, 0, 0, 0, 22, 0, 8, 10, 10, 45, 12, 22, 24, 36, 19, 48, 33, 28, 46, 50, 19, 35, 34, 35, 34, 50, 62, 68]","[0, 4, 5, 2, 9, 2, 11, 4, 8, 7, 1, 5, 3, 1, 2, 3, 9, 5, 4, 6, 1, 4, 3, 6, 3, 8, 6, 6, 10, 11, 5, 0]"
j30,15,robust,60,True,68.0,0.17045307159423828,0.0005159378051757812,"[0, 0, 8, 18, 0, 0, 0, 0, 22, 0, 8, 10, 10, 45, 12, 22, 24, 36, 19, 48, 33, 28, 46, 50, 19, 35, 34, 35, 34, 50, 62, 68]","[0, 5, 6, 1, 10, 2, 6, 4, 8, 7, 1, 2, 6, 1, 5, 5, 8, 4, 5, 5, 1, 3, 3, 10, 5, 7, 10, 10, 6, 9, 6, 0]"
j30,15,robust,60,True,68.0,0.17045307159423828,0.0004937648773193359,"[0, 0, 8, 18, 0, 0, 0, 0, 22, 0, 8, 10, 10, 45, 12, 22, 24, 36, 19, 48, 33, 28, 46, 50, 19, 35, 34, 35, 34, 50, 62, 68]","[0, 2, 8, 2, 11, 2, 7, 3, 8, 5, 1, 4, 3, 1, 3, 2, 5, 2, 6, 3, 1, 5, 2, 10, 4, 6, 8, 11, 7, 12, 3, 0]"
j30,16,robust,60,True,59.0,0.12728309631347656,0.0005469322204589844,"[0, 1, 3, 0, 3, 36, 0, 0, 7, 7, 14, 13, 13, 1, 26, 4, 19, 30, 0, 26, 22, 29, 49, 38, 34, 41, 39, 16, 36, 57, 49, 59]","[0, 1, 7, 1, 1, 7, 2, 5, 1, 3, 7, 1, 11, 10, 6, 1, 9, 12, 2, 3, 10, 5, 7, 1, 1, 10, 1, 6, 1, 1, 7, 0]"
j30,16,robust,60,True,59.0,0.12728309631347656,0.0004520416259765625,"[0, 1, 3, 0, 3, 36, 0, 0, 7, 7, 14, 13, 13, 1, 26, 4, 19, 30, 0, 26, 22, 29, 49, 38, 34, 41, 39, 16, 36, 57, 49, 59]","[0, 1, 5, 2, 3, 6, 1, 6, 2, 3, 4, 1, 6, 10, 6, 1, 5, 11, 2, 3, 7, 2, 6, 1, 1, 11, 1, 5, 1, 2, 9, 0]"
j30,16,robust,60,True,60.0,0.12728309631347656,0.0005080699920654297,"[0, 1, 3, 0, 3, 36, 0, 0, 7, 7, 14, 13, 13, 1, 26, 4, 19, 30, 0, 26, 22, 29, 49, 38, 34, 41, 39, 16, 36, 57, 49, 59]","[0, 1, 8, 1, 2, 9, 1, 7, 1, 2, 6, 1, 7, 8, 5, 1, 6, 8, 2, 3, 7, 2, 4, 2, 1, 11, 1, 8, 1, 2, 11, 0]"
j30,16,robust,60,True,60.0,0.12728309631347656,0.0005240440368652344,"[0, 1, 3, 0, 3, 36, 0, 0, 7, 7, 14, 13, 13, 1, 26, 4, 19, 30, 0, 26, 22, 29, 49, 38, 34, 41, 39, 16, 36, 57, 49, 59]","[0, 1, 5, 2, 3, 6, 1, 7, 3, 3, 6, 1, 10, 8, 5, 1, 6, 7, 2, 1, 6, 6, 5, 1, 1, 9, 1, 7, 1, 2, 11, 0]"
j30,16,robust,60,True,61.0,0.12728309631347656,0.0005180835723876953,"[0, 1, 3, 0, 3, 36, 0, 0, 7, 7, 14, 13, 13, 1, 26, 4, 19, 30, 0, 26, 22, 29, 49, 38, 34, 41, 39, 16, 36, 57, 49, 59]","[0, 1, 4, 2, 1, 9, 1, 9, 2, 6, 4, 1, 6, 10, 7, 1, 7, 10, 2, 2, 6, 4, 7, 1, 1, 6, 1, 8, 1, 2, 12, 0]"
j30,16,robust,60,True,59.0,0.12728309631347656,0.0005400180816650391,"[0, 1, 3, 0, 3, 36, 0, 0, 7, 7, 14, 13, 13, 1, 26, 4, 19, 30, 0, 26, 22, 29, 49, 38, 34, 41, 39, 16, 36, 57, 49, 59]","[0, 1, 8, 2, 1, 8, 2, 6, 3, 6, 7, 1, 8, 8, 5, 2, 7, 12, 1, 3, 6, 3, 5, 1, 1, 6, 1, 5, 1, 1, 7, 0]"
j30,16,robust,60,True,59.0,0.12728309631347656,0.00047516822814941406,"[0, 1, 3, 0, 3, 36, 0, 0, 7, 7, 14, 13, 13, 1, 26, 4, 19, 30, 0, 26, 22, 29, 49, 38, 34, 41, 39, 16, 36, 57, 49, 59]","[0, 1, 8, 1, 1, 11, 1, 6, 2, 2, 4, 1, 9, 7, 6, 1, 9, 10, 2, 3, 11, 2, 6, 2, 1, 6, 1, 7, 1, 2, 8, 0]"
j30,16,robust,60,True,59.0,0.12728309631347656,0.0004930496215820312,"[0, 1, 3, 0, 3, 36, 0, 0, 7, 7, 14, 13, 13, 1, 26, 4, 19, 30, 0, 26, 22, 29, 49, 38, 34, 41, 39, 16, 36, 57, 49, 59]","[0, 1, 8, 2, 1, 11, 1, 8, 2, 3, 3, 1, 12, 11, 5, 1, 7, 11, 2, 1, 8, 2, 6, 2, 1, 11, 1, 5, 1, 1, 10, 0]"
j30,16,robust,60,True,59.0,0.12728309631347656,0.0004971027374267578,"[0, 1, 3, 0, 3, 36, 0, 0, 7, 7, 14, 13, 13, 1, 26, 4, 19, 30, 0, 26, 22, 29, 49, 38, 34, 41, 39, 16, 36, 57, 49, 59]","[0, 1, 7, 1, 3, 6, 2, 9, 3, 6, 5, 1, 6, 11, 8, 1, 5, 10, 2, 3, 7, 2, 7, 2, 1, 6, 1, 5, 1, 1, 10, 0]"
j30,16,robust,60,True,59.0,0.12728309631347656,0.0004937648773193359,"[0, 1, 3, 0, 3, 36, 0, 0, 7, 7, 14, 13, 13, 1, 26, 4, 19, 30, 0, 26, 22, 29, 49, 38, 34, 41, 39, 16, 36, 57, 49, 59]","[0, 1, 8, 2, 3, 9, 1, 8, 3, 5, 6, 1, 11, 10, 8, 1, 9, 10, 1, 1, 9, 3, 3, 1, 1, 8, 1, 6, 1, 1, 8, 0]"
j30,17,robust,60,True,67.0,0.17026686668395996,0.0005691051483154297,"[0, 0, 0, 11, 8, 0, 3, 19, 44, 33, 7, 36, 23, 50, 33, 0, 8, 15, 16, 47, 5, 31, 39, 16, 53, 59, 43, 59, 66, 47, 59, 67]","[0, 6, 1, 8, 1, 2, 6, 11, 2, 3, 1, 4, 9, 8, 4, 3, 5, 1, 4, 2, 9, 1, 8, 4, 2, 7, 1, 3, 1, 2, 2, 0]"
j30,17,robust,60,True,68.0,0.17026686668395996,0.0004591941833496094,"[0, 0, 0, 11, 8, 0, 3, 19, 44, 33, 7, 36, 23, 50, 33, 0, 8, 15, 16, 47, 5, 31, 39, 16, 53, 59, 43, 59, 66, 47, 59, 67]","[0, 4, 1, 5, 2, 2, 4, 7, 1, 7, 2, 3, 5, 7, 5, 4, 4, 1, 5, 4, 11, 1, 5, 3, 5, 9, 1, 3, 1, 2, 6, 0]"
j30,17,robust,60,True,67.0,0.17026686668395996,0.0004451274871826172,"[0, 0, 0, 11, 8, 0, 3, 19, 44, 33, 7, 36, 23, 50, 33, 0, 8, 15, 16, 47, 5, 31, 39, 16, 53, 59, 43, 59, 66, 47, 59, 67]","[0, 5, 1, 8, 1, 2, 6, 7, 1, 3, 1, 4, 7, 6, 3, 2, 4, 3, 6, 5, 11, 1, 5, 5, 4, 5, 1, 4, 1, 1, 3, 0]"
j30,17,robust,60,True,67.0,0.17026686668395996,0.0005679130554199219,"[0, 0, 0, 11, 8, 0, 3, 19, 44, 33, 7, 36, 23, 50, 33, 0, 8, 15, 16, 47, 5, 31, 39, 16, 53, 59, 43, 59, 66, 47, 59, 67]","[0, 6, 1, 8, 1, 3, 3, 6, 2, 4, 2, 6, 5, 4, 3, 3, 7, 2, 4, 2, 9, 1, 7, 5, 3, 5, 2, 6, 1, 2, 6, 0]"
j30,17,robust,60,True,67.0,0.17026686668395996,0.00047397613525390625,"[0, 0, 0, 11, 8, 0, 3, 19, 44, 33, 7, 36, 23, 50, 33, 0, 8, 15, 16, 47, 5, 31, 39, 16, 53, 59, 43, 59, 66, 47, 59, 67]","[0, 7, 1, 8, 2, 1, 7, 8, 1, 5, 1, 4, 6, 4, 4, 2, 7, 1, 6, 3, 12, 1, 8, 3, 2, 7, 2, 3, 1, 1, 6, 0]"
j30,17,robust,60,True,67.0,0.17026686668395996,0.00044989585876464844,"[0, 0, 0, 11, 8, 0, 3, 19, 44, 33, 7, 36, 23, 50, 33, 0, 8, 15, 16, 47, 5, 31, 39, 16, 53, 59, 43, 59, 66, 47, 59, 67]","[0, 7, 1, 6, 1, 3, 3, 7, 1, 5, 1, 4, 7, 8, 4, 2, 4, 3, 3, 3, 10, 1, 6, 2, 5, 5, 2, 2, 1, 2, 5, 0]"
j30,17,robust,60,True,67.0,0.17026686668395996,0.0004668235778808594,"[0, 0, 0, 11, 8, 0, 3, 19, 44, 33, 7, 36, 23, 50, 33, 0, 8, 15, 16, 47, 5, 31, 39, 16, 53, 59, 43, 59, 66, 47, 59, 67]","[0, 4, 1, 5, 1, 2, 7, 10, 2, 3, 1, 6, 6, 6, 5, 3, 7, 2, 2, 3, 6, 1, 7, 3, 3, 5, 1, 2, 1, 1, 4, 0]"
j30,17,robust,60,True,67.0,0.17026686668395996,0.00046181678771972656,"[0, 0, 0, 11, 8, 0, 3, 19, 44, 33, 7, 36, 23, 50, 33, 0, 8, 15, 16, 47, 5, 31, 39, 16, 53, 59, 43, 59, 66, 47, 59, 67]","[0, 6, 1, 8, 1, 3, 3, 11, 2, 6, 2, 4, 7, 8, 5, 2, 3, 2, 6, 5, 8, 1, 8, 4, 4, 5, 2, 5, 1, 1, 2, 0]"
j30,17,robust,60,True,67.0,0.17026686668395996,0.0004830360412597656,"[0, 0, 0, 11, 8, 0, 3, 19, 44, 33, 7, 36, 23, 50, 33, 0, 8, 15, 16, 47, 5, 31, 39, 16, 53, 59, 43, 59, 66, 47, 59, 67]","[0, 7, 1, 6, 2, 2, 3, 10, 2, 3, 2, 5, 9, 8, 5, 4, 6, 3, 5, 5, 9, 1, 6, 5, 4, 8, 2, 6, 1, 2, 4, 0]"
j30,17,robust,60,True,67.0,0.17026686668395996,0.0004470348358154297,"[0, 0, 0, 11, 8, 0, 3, 19, 44, 33, 7, 36, 23, 50, 33, 0, 8, 15, 16, 47, 5, 31, 39, 16, 53, 59, 43, 59, 66, 47, 59, 67]","[0, 7, 1, 8, 1, 1, 6, 11, 1, 4, 1, 5, 7, 6, 2, 4, 4, 1, 2, 2, 10, 1, 5, 5, 5, 6, 1, 3, 1, 1, 3, 0]"
j30,20,robust,60,True,39.0,0.11070108413696289,0.0004763603210449219,"[0, 0, 4, 12, 0, 3, 0, 23, 0, 0, 8, 0, 0, 10, 10, 0, 28, 36, 15, 20, 17, 20, 32, 30, 18, 25, 23, 23, 26, 33, 32, 39]","[0, 2, 1, 3, 6, 2, 4, 1, 7, 1, 2, 2, 7, 4, 3, 1, 3, 2, 5, 10, 1, 1, 1, 3, 3, 1, 9, 3, 3, 2, 1, 0]"
j30,20,robust,60,True,39.0,0.11070108413696289,0.0004248619079589844,"[0, 0, 4, 12, 0, 3, 0, 23, 0, 0, 8, 0, 0, 10, 10, 0, 28, 36, 15, 20, 17, 20, 32, 30, 18, 25, 23, 23, 26, 33, 32, 39]","[0, 2, 2, 4, 6, 2, 4, 1, 7, 1, 1, 2, 6, 5, 2, 1, 3, 3, 4, 7, 1, 1, 2, 5, 1, 1, 9, 2, 3, 5, 2, 0]"
j30,20,robust,60,True,39.0,0.11070108413696289,0.00043582916259765625,"[0, 0, 4, 12, 0, 3, 0, 23, 0, 0, 8, 0, 0, 10, 10, 0, 28, 36, 15, 20, 17, 20, 32, 30, 18, 25, 23, 23, 26, 33, 32, 39]","[0, 3, 1, 7, 6, 3, 6, 2, 6, 1, 2, 2, 7, 6, 2, 2, 3, 1, 3, 8, 3, 2, 2, 5, 1, 1, 5, 2, 5, 3, 2, 0]"
j30,20,robust,60,True,39.0,0.11070108413696289,0.00045609474182128906,"[0, 0, 4, 12, 0, 3, 0, 23, 0, 0, 8, 0, 0, 10, 10, 0, 28, 36, 15, 20, 17, 20, 32, 30, 18, 25, 23, 23, 26, 33, 32, 39]","[0, 2, 1, 3, 9, 2, 6, 1, 9, 2, 2, 2, 3, 6, 1, 1, 3, 1, 7, 7, 1, 1, 3, 2, 2, 1, 9, 3, 5, 3, 1, 0]"
j30,20,robust,60,True,39.0,0.11070108413696289,0.00043511390686035156,"[0, 0, 4, 12, 0, 3, 0, 23, 0, 0, 8, 0, 0, 10, 10, 0, 28, 36, 15, 20, 17, 20, 32, 30, 18, 25, 23, 23, 26, 33, 32, 39]","[0, 3, 1, 7, 5, 1, 5, 1, 10, 2, 1, 1, 6, 4, 3, 1, 1, 3, 5, 6, 2, 1, 3, 4, 3, 2, 5, 3, 4, 6, 1, 0]"
j30,20,robust,60,True,39.0,0.11070108413696289,0.00044798851013183594,"[0, 0, 4, 12, 0, 3, 0, 23, 0, 0, 8, 0, 0, 10, 10, 0, 28, 36, 15, 20, 17, 20, 32, 30, 18, 25, 23, 23, 26, 33, 32, 39]","[0, 1, 3, 4, 7, 2, 8, 1, 6, 2, 2, 1, 4, 3, 2, 2, 2, 3, 7, 10, 3, 2, 1, 5, 1, 2, 6, 4, 5, 6, 2, 0]"
j30,20,robust,60,True,39.0,0.11070108413696289,0.00043582916259765625,"[0, 0, 4, 12, 0, 3, 0, 23, 0, 0, 8, 0, 0, 10, 10, 0, 28, 36, 15, 20, 17, 20, 32, 30, 18, 25, 23, 23, 26, 33, 32, 39]","[0, 1, 2, 3, 8, 2, 5, 2, 11, 1, 1, 2, 3, 7, 3, 2, 1, 3, 3, 11, 2, 2, 2, 4, 1, 2, 5, 2, 3, 6, 2, 0]"
j30,20,robust,60,True,39.0,0.11070108413696289,0.00044608116149902344,"[0, 0, 4, 12, 0, 3, 0, 23, 0, 0, 8, 0, 0, 10, 10, 0, 28, 36, 15, 20, 17, 20, 32, 30, 18, 25, 23, 23, 26, 33, 32, 39]","[0, 3, 1, 5, 5, 2, 7, 1, 6, 1, 2, 1, 4, 3, 1, 1, 2, 3, 7, 10, 3, 2, 3, 5, 3, 2, 8, 6, 5, 4, 1, 0]"
j30,20,robust,60,True,39.0,0.11070108413696289,0.000453948974609375,"[0, 0, 4, 12, 0, 3, 0, 23, 0, 0, 8, 0, 0, 10, 10, 0, 28, 36, 15, 20, 17, 20, 32, 30, 18, 25, 23, 23, 26, 33, 32, 39]","[0, 1, 1, 6, 8, 1, 7, 2, 11, 2, 2, 2, 3, 5, 3, 3, 1, 3, 4, 10, 1, 1, 1, 4, 2, 2, 8, 3, 2, 3, 1, 0]"
j30,20,robust,60,True,39.0,0.11070108413696289,0.0004401206970214844,"[0, 0, 4, 12, 0, 3, 0, 23, 0, 0, 8, 0, 0, 10, 10, 0, 28, 36, 15, 20, 17, 20, 32, 30, 18, 25, 23, 23, 26, 33, 32, 39]","[0, 2, 3, 4, 5, 1, 6, 1, 10, 2, 1, 1, 3, 6, 2, 1, 1, 3, 6, 10, 3, 2, 2, 4, 1, 2, 5, 2, 2, 6, 1, 0]"
j30,21,robust,60,True,59.0,0.11807990074157715,0.0006568431854248047,"[0, 0, 0, 17, 36, 0, 10, 0, 29, 0, 0, 33, 37, 19, 27, 10, 26, 7, 26, 28, 52, 46, 36, 15, 58, 16, 42, 14, 48, 46, 55, 59]","[0, 5, 10, 6, 6, 5, 3, 2, 6, 6, 9, 11, 10, 6, 6, 1, 4, 8, 9, 1, 4, 8, 11, 3, 1, 7, 9, 7, 6, 5, 3, 0]"
j30,21,robust,60,True,59.0,0.11807990074157715,0.0005590915679931641,"[0, 0, 0, 17, 36, 0, 10, 0, 29, 0, 0, 33, 37, 19, 27, 10, 26, 7, 26, 28, 52, 46, 36, 15, 58, 16, 42, 14, 48, 46, 55, 59]","[0, 2, 11, 7, 6, 3, 3, 2, 10, 6, 5, 6, 11, 8, 6, 2, 2, 7, 12, 2, 3, 5, 9, 1, 1, 5, 6, 9, 9, 4, 1, 0]"
j30,21,robust,60,True,59.0,0.11807990074157715,0.0005640983581542969,"[0, 0, 0, 17, 36, 0, 10, 0, 29, 0, 0, 33, 37, 19, 27, 10, 26, 7, 26, 28, 52, 46, 36, 15, 58, 16, 42, 14, 48, 46, 55, 59]","[0, 2, 11, 9, 6, 4, 5, 2, 10, 6, 7, 8, 7, 5, 5, 3, 6, 7, 11, 2, 5, 4, 6, 3, 1, 7, 6, 9, 9, 4, 3, 0]"
j30,21,robust,60,True,59.0,0.11807990074157715,0.0005590915679931641,"[0, 0, 0, 17, 36, 0, 10, 0, 29, 0, 0, 33, 37, 19, 27, 10, 26, 7, 26, 28, 52, 46, 36, 15, 58, 16, 42, 14, 48, 46, 55, 59]","[0, 2, 6, 7, 6, 5, 2, 2, 11, 9, 7, 10, 9, 8, 4, 1, 5, 8, 12, 1, 5, 8, 7, 1, 1, 9, 7, 6, 7, 5, 1, 0]"
j30,21,robust,60,True,59.0,0.11807990074157715,0.0005359649658203125,"[0, 0, 0, 17, 36, 0, 10, 0, 29, 0, 0, 33, 37, 19, 27, 10, 26, 7, 26, 28, 52, 46, 36, 15, 58, 16, 42, 14, 48, 46, 55, 59]","[0, 3, 7, 6, 7, 6, 2, 2, 10, 6, 9, 7, 6, 7, 7, 2, 4, 8, 10, 2, 4, 6, 6, 2, 1, 7, 7, 6, 6, 4, 1, 0]"
j30,21,robust,60,True,59.0,0.11807990074157715,0.0005533695220947266,"[0, 0, 0, 17, 36, 0, 10, 0, 29, 0, 0, 33, 37, 19, 27, 10, 26, 7, 26, 28, 52, 46, 36, 15, 58, 16, 42, 14, 48, 46, 55, 59]","[0, 2, 11, 11, 6, 4, 3, 6, 8, 5, 5, 7, 11, 5, 5, 2, 3, 8, 10, 2, 4, 4, 9, 1, 1, 8, 6, 8, 9, 3, 1, 0]"
j30,21,robust,60,True,59.0,0.11807990074157715,0.0005650520324707031,"[0, 0, 0, 17, 36, 0, 10, 0, 29, 0, 0, 33, 37, 19, 27, 10, 26, 7, 26, 28, 52, 46, 36, 15, 58, 16, 42, 14, 48, 46, 55, 59]","[0, 2, 11, 9, 6, 3, 5, 2, 12, 5, 9, 8, 11, 8, 8, 3, 2, 7, 9, 2, 3, 5, 8, 1, 1, 8, 5, 12, 5, 3, 1, 0]"
j30,21,robust,60,True,59.0,0.11807990074157715,0.0005927085876464844,"[0, 0, 0, 17, 36, 0, 10, 0, 29, 0, 0, 33, 37, 19, 27, 10, 26, 7, 26, 28, 52, 46, 36, 15, 58, 16, 42, 14, 48, 46, 55, 59]","[0, 4, 10, 8, 5, 5, 2, 2, 10, 7, 6, 6, 10, 8, 4, 2, 4, 8, 10, 2, 4, 7, 9, 3, 1, 8, 8, 11, 9, 5, 3, 0]"
j30,21,robust,60,True,59.0,0.11807990074157715,0.0005528926849365234,"[0, 0, 0, 17, 36, 0, 10, 0, 29, 0, 0, 33, 37, 19, 27, 10, 26, 7, 26, 28, 52, 46, 36, 15, 58, 16, 42, 14, 48, 46, 55, 59]","[0, 6, 10, 6, 8, 5, 2, 5, 11, 6, 5, 8, 8, 7, 4, 3, 3, 8, 6, 1, 2, 5, 9, 2, 1, 9, 6, 8, 6, 4, 1, 0]"
j30,21,robust,60,True,59.0,0.11807990074157715,0.0005958080291748047,"[0, 0, 0, 17, 36, 0, 10, 0, 29, 0, 0, 33, 37, 19, 27, 10, 26, 7, 26, 28, 52, 46, 36, 15, 58, 16, 42, 14, 48, 46, 55, 59]","[0, 2, 8, 10, 6, 2, 4, 2, 9, 6, 5, 10, 9, 7, 7, 1, 6, 7, 6, 1, 2, 8, 11, 2, 1, 9, 6, 8, 7, 4, 2, 0]"
j30,22,robust,60,True,78.0,0.06442761421203613,0.0006368160247802734,"[0, 0, 19, 0, 30, 10, 0, 0, 0, 4, 0, 0, 28, 7, 32, 31, 14, 41, 41, 21, 37, 5, 14, 37, 47, 26, 37, 7, 42, 71, 48, 78]","[0, 2, 5, 1, 4, 2, 5, 5, 1, 7, 10, 1, 2, 11, 10, 3, 1, 4, 8, 7, 1, 11, 4, 1, 9, 7, 3, 10, 3, 6, 6, 0]"
j30,22,robust,60,True,78.0,0.06442761421203613,0.0004930496215820312,"[0, 0, 19, 0, 30, 10, 0, 0, 0, 4, 0, 0, 28, 7, 32, 31, 14, 41, 41, 21, 37, 5, 14, 37, 47, 26, 37, 7, 42, 71, 48, 78]","[0, 2, 3, 3, 4, 3, 3, 6, 2, 7, 7, 1, 1, 10, 7, 1, 1, 3, 11, 6, 2, 8, 3, 1, 12, 6, 3, 11, 3, 5, 5, 0]"
j30,22,robust,60,True,78.0,0.06442761421203613,0.00047326087951660156,"[0, 0, 19, 0, 30, 10, 0, 0, 0, 4, 0, 0, 28, 7, 32, 31, 14, 41, 41, 21, 37, 5, 14, 37, 47, 26, 37, 7, 42, 71, 48, 78]","[0, 1, 2, 2, 7, 1, 4, 9, 1, 11, 9, 1, 2, 8, 6, 1, 1, 4, 8, 5, 2, 6, 4, 2, 9, 7, 2, 7, 5, 4, 2, 0]"
j30,22,robust,60,True,79.0,0.06442761421203613,0.000476837158203125,"[0, 0, 19, 0, 30, 10, 0, 0, 0, 4, 0, 0, 28, 7, 32, 31, 14, 41, 41, 21, 37, 5, 14, 37, 47, 26, 37, 7, 42, 71, 48, 78]","[0, 3, 4, 2, 7, 1, 4, 5, 1, 7, 7, 1, 2, 9, 6, 1, 1, 7, 11, 5, 1, 9, 3, 2, 6, 6, 1, 9, 2, 8, 6, 0]"
j30,22,robust,60,True,78.0,0.06442761421203613,0.0004649162292480469,"[0, 0, 19, 0, 30, 10, 0, 0, 0, 4, 0, 0, 28, 7, 32, 31, 14, 41, 41, 21, 37, 5, 14, 37, 47, 26, 37, 7, 42, 71, 48, 78]","[0, 2, 2, 1, 6, 1, 4, 9, 2, 7, 6, 1, 1, 10, 10, 1, 1, 7, 7, 7, 2, 6, 4, 2, 8, 7, 1, 8, 4, 4, 3, 0]"
j30,22,robust,60,True,78.0,0.06442761421203613,0.0004918575286865234,"[0, 0, 19, 0, 30, 10, 0, 0, 0, 4, 0, 0, 28, 7, 32, 31, 14, 41, 41, 21, 37, 5, 14, 37, 47, 26, 37, 7, 42, 71, 48, 78]","[0, 3, 4, 1, 5, 3, 6, 5, 3, 11, 11, 1, 2, 8, 7, 2, 1, 7, 8, 3, 2, 11, 2, 2, 11, 3, 2, 9, 3, 5, 6, 0]"
j30,22,robust,60,True,78.0,0.06442761421203613,0.00047779083251953125,"[0, 0, 19, 0, 30, 10, 0, 0, 0, 4, 0, 0, 28, 7, 32, 31, 14, 41, 41, 21, 37, 5, 14, 37, 47, 26, 37, 7, 42, 71, 48, 78]","[0, 1, 5, 3, 4, 1, 5, 6, 3, 11, 11, 1, 1, 11, 6, 2, 1, 3, 11, 6, 2, 7, 5, 2, 6, 3, 1, 8, 3, 7, 6, 0]"
j30,22,robust,60,True,78.0,0.06442761421203613,0.0004711151123046875,"[0, 0, 19, 0, 30, 10, 0, 0, 0, 4, 0, 0, 28, 7, 32, 31, 14, 41, 41, 21, 37, 5, 14, 37, 47, 26, 37, 7, 42, 71, 48, 78]","[0, 3, 2, 2, 7, 2, 3, 7, 1, 9, 6, 1, 1, 6, 11, 1, 1, 5, 10, 5, 1, 11, 5, 1, 6, 7, 2, 8, 5, 5, 2, 0]"
j30,22,robust,60,True,78.0,0.06442761421203613,0.0005300045013427734,"[0, 0, 19, 0, 30, 10, 0, 0, 0, 4, 0, 0, 28, 7, 32, 31, 14, 41, 41, 21, 37, 5, 14, 37, 47, 26, 37, 7, 42, 71, 48, 78]","[0, 1, 5, 1, 5, 3, 6, 9, 3, 9, 9, 1, 2, 9, 8, 3, 1, 6, 11, 7, 2, 8, 2, 1, 6, 6, 1, 9, 3, 5, 2, 0]"
j30,22,robust,60,True,79.0,0.06442761421203613,0.0005190372467041016,"[0, 0, 19, 0, 30, 10, 0, 0, 0, 4, 0, 0, 28, 7, 32, 31, 14, 41, 41, 21, 37, 5, 14, 37, 47, 26, 37, 7, 42, 71, 48, 78]","[0, 3, 4, 3, 4, 3, 3, 9, 1, 10, 10, 1, 1, 7, 9, 2, 1, 7, 12, 4, 1, 11, 4, 2, 12, 3, 1, 8, 4, 8, 3, 0]"
j30,23,robust,60,False,inf,inf,inf,,"[0, 7, 1, 1, 3, 8, 1, 3, 4, 2, 9, 1, 6, 6, 8, 1, 6, 6, 6, 7, 1, 1, 8, 6, 5, 2, 6, 1, 3, 3, 1, 0]"
j30,23,robust,60,False,inf,inf,inf,,"[0, 5, 2, 2, 3, 6, 1, 3, 8, 2, 5, 1, 2, 8, 8, 1, 3, 4, 5, 5, 1, 2, 9, 6, 3, 3, 8, 1, 2, 3, 1, 0]"
j30,23,robust,60,False,inf,inf,inf,,"[0, 4, 2, 2, 4, 5, 1, 7, 5, 3, 7, 1, 3, 5, 12, 1, 3, 7, 6, 7, 1, 2, 7, 5, 3, 2, 7, 1, 4, 2, 1, 0]"
j30,23,robust,60,False,inf,inf,inf,,"[0, 6, 1, 3, 2, 5, 1, 4, 5, 2, 8, 1, 2, 5, 11, 1, 6, 6, 6, 7, 1, 2, 9, 2, 6, 2, 8, 1, 2, 3, 1, 0]"
j30,23,robust,60,False,inf,inf,inf,,"[0, 8, 2, 1, 6, 7, 1, 3, 6, 1, 6, 1, 3, 5, 8, 1, 6, 8, 2, 8, 1, 2, 12, 6, 4, 2, 7, 1, 5, 2, 3, 0]"
j30,23,robust,60,False,inf,inf,inf,,"[0, 8, 1, 3, 4, 5, 1, 4, 6, 3, 7, 1, 2, 6, 8, 1, 6, 4, 3, 6, 1, 2, 11, 6, 5, 2, 5, 1, 3, 2, 1, 0]"
j30,23,robust,60,False,inf,inf,inf,,"[0, 5, 2, 2, 3, 9, 1, 7, 7, 3, 5, 1, 5, 5, 9, 1, 3, 6, 6, 4, 1, 2, 6, 5, 4, 3, 5, 1, 4, 2, 1, 0]"
j30,23,robust,60,False,inf,inf,inf,,"[0, 8, 1, 2, 5, 9, 1, 5, 4, 2, 8, 1, 5, 6, 8, 1, 6, 7, 2, 4, 1, 2, 10, 4, 7, 4, 7, 1, 2, 2, 1, 0]"
j30,23,robust,60,False,inf,inf,inf,,"[0, 4, 1, 2, 4, 6, 1, 3, 8, 1, 6, 1, 4, 9, 10, 1, 5, 7, 5, 7, 1, 1, 9, 5, 7, 5, 7, 1, 2, 1, 1, 0]"
j30,23,robust,60,False,inf,inf,inf,,"[0, 7, 2, 1, 5, 6, 1, 3, 6, 3, 7, 1, 2, 7, 12, 1, 3, 8, 2, 8, 1, 1, 12, 3, 6, 3, 9, 1, 4, 3, 2, 0]"
j30,24,robust,60,True,43.0,0.10022807121276855,0.0005528926849365234,"[0, 3, 16, 0, 21, 12, 3, 0, 24, 16, 35, 10, 20, 22, 37, 13, 0, 32, 4, 12, 0, 12, 31, 21, 26, 26, 41, 34, 30, 23, 18, 43]","[0, 2, 1, 2, 1, 2, 1, 7, 8, 2, 1, 2, 7, 7, 5, 11, 1, 7, 8, 8, 11, 1, 9, 7, 2, 4, 1, 7, 1, 7, 7, 0]"
j30,24,robust,60,True,43.0,0.10022807121276855,0.00047588348388671875,"[0, 3, 16, 0, 21, 12, 3, 0, 24, 16, 35, 10, 20, 22, 37, 13, 0, 32, 4, 12, 0, 12, 31, 21, 26, 26, 41, 34, 30, 23, 18, 43]","[0, 2, 1, 2, 1, 2, 1, 11, 6, 3, 1, 5, 11, 4, 3, 6, 1, 7, 6, 4, 11, 2, 7, 5, 2, 4, 2, 8, 1, 4, 7, 0]"
j30,24,robust,60,True,43.0,0.10022807121276855,0.0004930496215820312,"[0, 3, 16, 0, 21, 12, 3, 0, 24, 16, 35, 10, 20, 22, 37, 13, 0, 32, 4, 12, 0, 12, 31, 21, 26, 26, 41, 34, 30, 23, 18, 43]","[0, 1, 1, 1, 2, 5, 1, 10, 7, 6, 1, 2, 11, 6, 3, 8, 2, 6, 10, 5, 8, 2, 7, 5, 2, 4, 2, 8, 1, 7, 9, 0]"
j30,24,robust,60,True,43.0,0.10022807121276855,0.0004730224609375,"[0, 3, 16, 0, 21, 12, 3, 0, 24, 16, 35, 10, 20, 22, 37, 13, 0, 32, 4, 12, 0, 12, 31, 21, 26, 26, 41, 34, 30, 23, 18, 43]","[0, 2, 1, 2, 2, 4, 1, 6, 5, 4, 1, 4, 7, 6, 2, 8, 1, 6, 6, 5, 7, 2, 8, 4, 2, 3, 2, 9, 1, 5, 10, 0]"
j30,24,robust,60,True,43.0,0.10022807121276855,0.0005660057067871094,"[0, 3, 16, 0, 21, 12, 3, 0, 24, 16, 35, 10, 20, 22, 37, 13, 0, 32, 4, 12, 0, 12, 31, 21, 26, 26, 41, 34, 30, 23, 18, 43]","[0, 2, 1, 2, 2, 3, 1, 6, 8, 6, 1, 5, 10, 7, 5, 11, 1, 7, 6, 8, 8, 1, 7, 8, 3, 5, 2, 5, 1, 5, 10, 0]"
j30,24,robust,60,True,43.0,0.10022807121276855,0.0004878044128417969,"[0, 3, 16, 0, 21, 12, 3, 0, 24, 16, 35, 10, 20, 22, 37, 13, 0, 32, 4, 12, 0, 12, 31, 21, 26, 26, 41, 34, 30, 23, 18, 43]","[0, 1, 1, 1, 1, 3, 1, 10, 6, 2, 1, 4, 9, 4, 4, 10, 1, 8, 8, 4, 7, 1, 7, 4, 4, 5, 2, 6, 1, 5, 10, 0]"
j30,24,robust,60,True,43.0,0.10022807121276855,0.0004999637603759766,"[0, 3, 16, 0, 21, 12, 3, 0, 24, 16, 35, 10, 20, 22, 37, 13, 0, 32, 4, 12, 0, 12, 31, 21, 26, 26, 41, 34, 30, 23, 18, 43]","[0, 3, 1, 1, 1, 3, 1, 11, 6, 4, 1, 3, 11, 7, 4, 6, 2, 11, 6, 5, 11, 2, 5, 5, 5, 3, 2, 9, 1, 7, 9, 0]"
j30,24,robust,60,True,43.0,0.10022807121276855,0.000492095947265625,"[0, 3, 16, 0, 21, 12, 3, 0, 24, 16, 35, 10, 20, 22, 37, 13, 0, 32, 4, 12, 0, 12, 31, 21, 26, 26, 41, 34, 30, 23, 18, 43]","[0, 3, 1, 2, 1, 5, 1, 6, 8, 3, 1, 4, 11, 7, 3, 6, 2, 6, 11, 7, 7, 2, 5, 4, 2, 4, 2, 8, 1, 7, 8, 0]"
j30,24,robust,60,True,43.0,0.10022807121276855,0.0005321502685546875,"[0, 3, 16, 0, 21, 12, 3, 0, 24, 16, 35, 10, 20, 22, 37, 13, 0, 32, 4, 12, 0, 12, 31, 21, 26, 26, 41, 34, 30, 23, 18, 43]","[0, 3, 1, 1, 1, 3, 1, 9, 8, 3, 1, 4, 10, 6, 2, 12, 1, 11, 10, 6, 10, 1, 7, 4, 3, 5, 1, 5, 1, 7, 11, 0]"
j30,24,robust,60,True,43.0,0.10022807121276855,0.0005147457122802734,"[0, 3, 16, 0, 21, 12, 3, 0, 24, 16, 35, 10, 20, 22, 37, 13, 0, 32, 4, 12, 0, 12, 31, 21, 26, 26, 41, 34, 30, 23, 18, 43]","[0, 3, 1, 2, 2, 2, 1, 10, 8, 2, 1, 3, 8, 7, 2, 12, 2, 9, 9, 7, 8, 2, 8, 8, 5, 4, 1, 9, 1, 3, 9, 0]"
j30,25,robust,60,False,inf,inf,inf,,"[0, 3, 9, 2, 1, 5, 9, 2, 1, 5, 10, 9, 3, 3, 3, 10, 6, 10, 1, 4, 9, 6, 6, 1, 4, 5, 5, 4, 5, 7, 4, 0]"
j30,25,robust,60,False,inf,inf,inf,,"[0, 3, 6, 2, 2, 4, 6, 5, 3, 5, 6, 8, 3, 3, 2, 9, 8, 6, 2, 5, 9, 6, 6, 1, 3, 7, 6, 4, 4, 10, 4, 0]"
j30,25,robust,60,False,inf,inf,inf,,"[0, 5, 8, 5, 2, 6, 7, 2, 3, 5, 9, 9, 2, 3, 3, 6, 4, 8, 3, 5, 6, 7, 6, 1, 5, 4, 5, 5, 5, 7, 6, 0]"
j30,25,robust,60,False,inf,inf,inf,,"[0, 2, 6, 3, 2, 8, 11, 4, 1, 7, 11, 8, 2, 2, 1, 9, 8, 12, 1, 5, 9, 5, 2, 1, 7, 6, 5, 3, 6, 10, 4, 0]"
j30,25,robust,60,False,inf,inf,inf,,"[0, 5, 7, 2, 1, 8, 10, 2, 1, 5, 12, 9, 2, 2, 3, 9, 5, 8, 1, 2, 7, 6, 2, 1, 4, 6, 7, 5, 4, 12, 4, 0]"
j30,25,robust,60,False,inf,inf,inf,,"[0, 4, 10, 4, 1, 5, 8, 3, 2, 8, 8, 5, 2, 2, 2, 11, 4, 7, 2, 3, 9, 8, 5, 1, 3, 7, 5, 5, 5, 8, 7, 0]"
j30,25,robust,60,False,inf,inf,inf,,"[0, 3, 6, 3, 1, 7, 7, 3, 2, 4, 12, 5, 1, 4, 2, 9, 8, 8, 3, 4, 5, 7, 5, 1, 4, 6, 9, 5, 4, 12, 3, 0]"
j30,25,robust,60,False,inf,inf,inf,,"[0, 3, 10, 5, 1, 8, 8, 2, 2, 7, 6, 5, 1, 4, 2, 6, 8, 9, 1, 3, 7, 8, 6, 1, 6, 7, 8, 5, 6, 9, 6, 0]"
j30,25,robust,60,False,inf,inf,inf,,"[0, 3, 12, 2, 2, 6, 10, 6, 1, 7, 9, 5, 2, 3, 1, 8, 6, 8, 1, 4, 6, 8, 2, 1, 7, 8, 6, 5, 7, 7, 7, 0]"
j30,25,robust,60,False,inf,inf,inf,,"[0, 4, 12, 3, 1, 5, 6, 2, 3, 8, 7, 5, 3, 2, 2, 6, 8, 9, 3, 5, 9, 8, 5, 1, 3, 4, 5, 4, 8, 12, 4, 0]"
j30,26,robust,60,True,58.0,0.2898588180541992,0.0005788803100585938,"[0, 20, 2, 10, 2, 0, 12, 21, 4, 1, 25, 30, 3, 21, 17, 12, 20, 30, 37, 23, 21, 24, 29, 36, 56, 44, 42, 51, 8, 42, 28, 58]","[0, 7, 1, 1, 3, 7, 7, 1, 11, 6, 1, 7, 7, 2, 1, 6, 1, 12, 2, 8, 1, 10, 12, 7, 1, 1, 6, 6, 8, 10, 1, 0]"
j30,26,robust,60,True,58.0,0.2898588180541992,0.0005052089691162109,"[0, 20, 2, 10, 2, 0, 12, 21, 4, 1, 25, 30, 3, 21, 17, 12, 20, 30, 37, 23, 21, 24, 29, 36, 56, 44, 42, 51, 8, 42, 28, 58]","[0, 6, 1, 1, 4, 7, 4, 1, 12, 11, 2, 7, 4, 2, 1, 2, 1, 10, 2, 6, 1, 6, 11, 8, 1, 3, 4, 2, 9, 11, 1, 0]"
j30,26,robust,60,True,58.0,0.2898588180541992,0.0004942417144775391,"[0, 20, 2, 10, 2, 0, 12, 21, 4, 1, 25, 30, 3, 21, 17, 12, 20, 30, 37, 23, 21, 24, 29, 36, 56, 44, 42, 51, 8, 42, 28, 58]","[0, 5, 2, 1, 6, 10, 4, 1, 7, 9, 1, 8, 7, 1, 1, 5, 1, 7, 3, 6, 1, 10, 7, 7, 1, 3, 4, 2, 7, 9, 1, 0]"
j30,26,robust,60,True,58.0,0.2898588180541992,0.0004811286926269531,"[0, 20, 2, 10, 2, 0, 12, 21, 4, 1, 25, 30, 3, 21, 17, 12, 20, 30, 37, 23, 21, 24, 29, 36, 56, 44, 42, 51, 8, 42, 28, 58]","[0, 8, 2, 1, 4, 9, 4, 1, 6, 8, 3, 7, 6, 1, 1, 4, 1, 12, 3, 6, 1, 6, 7, 6, 1, 2, 6, 2, 6, 11, 1, 0]"
j30,26,robust,60,True,58.0,0.2898588180541992,0.0005171298980712891,"[0, 20, 2, 10, 2, 0, 12, 21, 4, 1, 25, 30, 3, 21, 17, 12, 20, 30, 37, 23, 21, 24, 29, 36, 56, 44, 42, 51, 8, 42, 28, 58]","[0, 8, 2, 1, 5, 10, 7, 1, 11, 9, 2, 6, 6, 1, 1, 5, 1, 10, 3, 10, 1, 11, 10, 6, 1, 1, 7, 4, 6, 11, 1, 0]"
j30,26,robust,60,True,58.0,0.2898588180541992,0.0004811286926269531,"[0, 20, 2, 10, 2, 0, 12, 21, 4, 1, 25, 30, 3, 21, 17, 12, 20, 30, 37, 23, 21, 24, 29, 36, 56, 44, 42, 51, 8, 42, 28, 58]","[0, 6, 2, 1, 7, 7, 5, 1, 6, 8, 1, 10, 3, 1, 1, 3, 1, 12, 1, 7, 1, 6, 8, 8, 1, 2, 5, 6, 10, 8, 1, 0]"
j30,26,robust,60,True,58.0,0.2898588180541992,0.0005087852478027344,"[0, 20, 2, 10, 2, 0, 12, 21, 4, 1, 25, 30, 3, 21, 17, 12, 20, 30, 37, 23, 21, 24, 29, 36, 56, 44, 42, 51, 8, 42, 28, 58]","[0, 6, 1, 1, 3, 7, 6, 1, 12, 12, 3, 6, 4, 1, 1, 6, 1, 12, 1, 12, 1, 11, 11, 6, 1, 3, 4, 6, 8, 6, 1, 0]"
j30,26,robust,60,True,58.0,0.2898588180541992,0.00048279762268066406,"[0, 20, 2, 10, 2, 0, 12, 21, 4, 1, 25, 30, 3, 21, 17, 12, 20, 30, 37, 23, 21, 24, 29, 36, 56, 44, 42, 51, 8, 42, 28, 58]","[0, 4, 2, 1, 3, 7, 7, 1, 7, 7, 3, 11, 7, 1, 1, 5, 1, 12, 2, 6, 1, 9, 6, 8, 1, 2, 5, 6, 11, 6, 1, 0]"
j30,26,robust,60,True,58.0,0.2898588180541992,0.0005030632019042969,"[0, 20, 2, 10, 2, 0, 12, 21, 4, 1, 25, 30, 3, 21, 17, 12, 20, 30, 37, 23, 21, 24, 29, 36, 56, 44, 42, 51, 8, 42, 28, 58]","[0, 4, 2, 1, 6, 7, 5, 1, 11, 6, 3, 11, 3, 1, 1, 4, 1, 11, 1, 8, 1, 12, 12, 5, 1, 2, 6, 5, 11, 11, 1, 0]"
j30,26,robust,60,True,58.0,0.2898588180541992,0.0004899501800537109,"[0, 20, 2, 10, 2, 0, 12, 21, 4, 1, 25, 30, 3, 21, 17, 12, 20, 30, 37, 23, 21, 24, 29, 36, 56, 44, 42, 51, 8, 42, 28, 58]","[0, 5, 1, 1, 7, 9, 4, 1, 12, 6, 2, 10, 5, 2, 1, 6, 1, 12, 3, 6, 1, 11, 9, 5, 1, 1, 7, 4, 7, 6, 1, 0]"
j30,27,robust,60,True,60.0,0.06826186180114746,0.0005469322204589844,"[0, 1, 28, 13, 0, 9, 0, 0, 0, 24, 0, 17, 19, 15, 7, 7, 15, 6, 20, 12, 24, 32, 44, 30, 36, 32, 30, 48, 41, 59, 47, 60]","[0, 2, 9, 1, 3, 7, 1, 8, 5, 2, 3, 1, 6, 12, 1, 3, 6, 1, 1, 1, 2, 8, 10, 1, 8, 1, 6, 8, 2, 1, 4, 0]"
j30,27,robust,60,True,60.0,0.06826186180114746,0.0004611015319824219,"[0, 1, 28, 13, 0, 9, 0, 0, 0, 24, 0, 17, 19, 15, 7, 7, 15, 6, 20, 12, 24, 32, 44, 30, 36, 32, 30, 48, 41, 59, 47, 60]","[0, 1, 7, 2, 3, 11, 1, 6, 6, 5, 3, 2, 2, 10, 1, 3, 4, 1, 1, 2, 3, 7, 6, 1, 8, 1, 3, 7, 5, 1, 6, 0]"
j30,27,robust,60,True,60.0,0.06826186180114746,0.0004558563232421875,"[0, 1, 28, 13, 0, 9, 0, 0, 0, 24, 0, 17, 19, 15, 7, 7, 15, 6, 20, 12, 24, 32, 44, 30, 36, 32, 30, 48, 41, 59, 47, 60]","[0, 1, 7, 1, 5, 10, 1, 5, 8, 3, 4, 2, 2, 10, 1, 3, 6, 2, 1, 2, 3, 7, 6, 1, 6, 1, 5, 12, 5, 1, 6, 0]"
j30,27,robust,60,True,60.0,0.06826186180114746,0.0004532337188720703,"[0, 1, 28, 13, 0, 9, 0, 0, 0, 24, 0, 17, 19, 15, 7, 7, 15, 6, 20, 12, 24, 32, 44, 30, 36, 32, 30, 48, 41, 59, 47, 60]","[0, 2, 11, 2, 6, 6, 1, 5, 7, 4, 3, 2, 5, 10, 1, 4, 4, 1, 1, 2, 2, 7, 11, 1, 8, 1, 2, 6, 3, 1, 6, 0]"
j30,27,robust,60,True,60.0,0.06826186180114746,0.00047969818115234375,"[0, 1, 28, 13, 0, 9, 0, 0, 0, 24, 0, 17, 19, 15, 7, 7, 15, 6, 20, 12, 24, 32, 44, 30, 36, 32, 30, 48, 41, 59, 47, 60]","[0, 2, 12, 3, 7, 9, 1, 8, 5, 5, 6, 2, 6, 12, 1, 2, 8, 2, 1, 1, 1, 8, 6, 1, 7, 1, 6, 7, 5, 1, 3, 0]"
j30,27,robust,60,True,60.0,0.06826186180114746,0.0004451274871826172,"[0, 1, 28, 13, 0, 9, 0, 0, 0, 24, 0, 17, 19, 15, 7, 7, 15, 6, 20, 12, 24, 32, 44, 30, 36, 32, 30, 48, 41, 59, 47, 60]","[0, 1, 8, 1, 7, 6, 1, 9, 6, 4, 6, 2, 2, 8, 1, 5, 5, 1, 1, 1, 1, 8, 8, 1, 5, 1, 3, 8, 4, 1, 4, 0]"
j30,27,robust,60,True,60.0,0.06826186180114746,0.0004379749298095703,"[0, 1, 28, 13, 0, 9, 0, 0, 0, 24, 0, 17, 19, 15, 7, 7, 15, 6, 20, 12, 24, 32, 44, 30, 36, 32, 30, 48, 41, 59, 47, 60]","[0, 2, 6, 3, 4, 8, 1, 9, 5, 4, 3, 1, 3, 11, 1, 2, 6, 1, 1, 2, 2, 6, 7, 1, 5, 1, 3, 9, 3, 1, 3, 0]"
j30,27,robust,60,True,60.0,0.06826186180114746,0.0004630088806152344,"[0, 1, 28, 13, 0, 9, 0, 0, 0, 24, 0, 17, 19, 15, 7, 7, 15, 6, 20, 12, 24, 32, 44, 30, 36, 32, 30, 48, 41, 59, 47, 60]","[0, 1, 11, 1, 7, 9, 1, 5, 8, 5, 2, 2, 3, 8, 1, 5, 8, 2, 1, 1, 2, 6, 11, 1, 8, 1, 3, 7, 5, 1, 2, 0]"
j30,27,robust,60,True,60.0,0.06826186180114746,0.0005099773406982422,"[0, 1, 28, 13, 0, 9, 0, 0, 0, 24, 0, 17, 19, 15, 7, 7, 15, 6, 20, 12, 24, 32, 44, 30, 36, 32, 30, 48, 41, 59, 47, 60]","[0, 1, 11, 1, 7, 8, 1, 8, 9, 4, 2, 2, 5, 9, 1, 3, 5, 1, 1, 1, 1, 6, 11, 1, 9, 1, 4, 10, 4, 1, 4, 0]"
j30,27,robust,60,True,60.0,0.06826186180114746,0.0005221366882324219,"[0, 1, 28, 13, 0, 9, 0, 0, 0, 24, 0, 17, 19, 15, 7, 7, 15, 6, 20, 12, 24, 32, 44, 30, 36, 32, 30, 48, 41, 59, 47, 60]","[0, 1, 11, 1, 3, 10, 1, 7, 6, 2, 6, 2, 2, 7, 1, 4, 8, 1, 1, 2, 3, 9, 9, 1, 8, 1, 5, 8, 5, 1, 5, 0]"
j30,28,robust,60,True,87.0,0.057981252670288086,0.0005631446838378906,"[0, 17, 4, 0, 0, 14, 3, 0, 29, 4, 20, 2, 40, 0, 39, 50, 69, 10, 40, 17, 56, 1, 18, 29, 34, 45, 60, 41, 20, 77, 33, 87]","[0, 2, 6, 1, 6, 2, 9, 2, 2, 5, 7, 7, 6, 1, 1, 6, 8, 6, 4, 9, 1, 5, 2, 4, 2, 11, 8, 1, 9, 7, 2, 0]"
j30,28,robust,60,True,87.0,0.057981252670288086,0.0005209445953369141,"[0, 17, 4, 0, 0, 14, 3, 0, 29, 4, 20, 2, 40, 0, 39, 50, 69, 10, 40, 17, 56, 1, 18, 29, 34, 45, 60, 41, 20, 77, 33, 87]","[0, 2, 3, 3, 11, 2, 7, 2, 3, 6, 6, 7, 3, 1, 1, 5, 6, 5, 4, 6, 1, 2, 4, 5, 5, 12, 11, 1, 6, 7, 1, 0]"
j30,28,robust,60,True,88.0,0.057981252670288086,0.0004961490631103516,"[0, 17, 4, 0, 0, 14, 3, 0, 29, 4, 20, 2, 40, 0, 39, 50, 69, 10, 40, 17, 56, 1, 18, 29, 34, 45, 60, 41, 20, 77, 33, 87]","[0, 1, 4, 1, 8, 1, 6, 2, 5, 6, 8, 3, 6, 1, 1, 6, 8, 4, 3, 5, 1, 3, 5, 5, 4, 11, 10, 1, 8, 11, 2, 0]"
j30,28,robust,60,True,88.0,0.057981252670288086,0.0004868507385253906,"[0, 17, 4, 0, 0, 14, 3, 0, 29, 4, 20, 2, 40, 0, 39, 50, 69, 10, 40, 17, 56, 1, 18, 29, 34, 45, 60, 41, 20, 77, 33, 87]","[0, 2, 3, 1, 8, 3, 7, 2, 5, 9, 8, 3, 2, 1, 1, 6, 7, 5, 2, 5, 1, 6, 3, 4, 4, 10, 9, 1, 8, 11, 1, 0]"
j30,28,robust,60,True,87.0,0.057981252670288086,0.00048422813415527344,"[0, 17, 4, 0, 0, 14, 3, 0, 29, 4, 20, 2, 40, 0, 39, 50, 69, 10, 40, 17, 56, 1, 18, 29, 34, 45, 60, 41, 20, 77, 33, 87]","[0, 2, 7, 1, 12, 1, 11, 1, 3, 5, 10, 5, 2, 1, 1, 7, 10, 3, 3, 5, 1, 4, 2, 2, 2, 10, 7, 1, 9, 7, 1, 0]"
j30,28,robust,60,True,88.0,0.057981252670288086,0.00047469139099121094,"[0, 17, 4, 0, 0, 14, 3, 0, 29, 4, 20, 2, 40, 0, 39, 50, 69, 10, 40, 17, 56, 1, 18, 29, 34, 45, 60, 41, 20, 77, 33, 87]","[0, 1, 6, 2, 8, 1, 10, 2, 4, 7, 6, 4, 4, 1, 1, 7, 6, 3, 4, 9, 1, 2, 4, 3, 3, 7, 8, 1, 6, 11, 1, 0]"
j30,28,robust,60,True,88.0,0.057981252670288086,0.0004990100860595703,"[0, 17, 4, 0, 0, 14, 3, 0, 29, 4, 20, 2, 40, 0, 39, 50, 69, 10, 40, 17, 56, 1, 18, 29, 34, 45, 60, 41, 20, 77, 33, 87]","[0, 1, 3, 2, 6, 2, 11, 2, 2, 6, 9, 4, 3, 1, 1, 9, 10, 5, 2, 8, 1, 2, 5, 3, 4, 11, 11, 1, 9, 11, 1, 0]"
j30,28,robust,60,True,87.0,0.057981252670288086,0.0004820823669433594,"[0, 17, 4, 0, 0, 14, 3, 0, 29, 4, 20, 2, 40, 0, 39, 50, 69, 10, 40, 17, 56, 1, 18, 29, 34, 45, 60, 41, 20, 77, 33, 87]","[0, 2, 3, 2, 9, 2, 7, 2, 2, 5, 10, 5, 5, 1, 1, 9, 8, 2, 5, 8, 1, 3, 4, 2, 5, 6, 6, 1, 9, 8, 1, 0]"
j30,28,robust,60,True,89.0,0.057981252670288086,0.0005469322204589844,"[0, 17, 4, 0, 0, 14, 3, 0, 29, 4, 20, 2, 40, 0, 39, 50, 69, 10, 40, 17, 56, 1, 18, 29, 34, 45, 60, 41, 20, 77, 33, 87]","[0, 1, 5, 1, 11, 1, 6, 1, 4, 6, 6, 7, 5, 1, 1, 5, 7, 4, 6, 9, 1, 5, 4, 5, 5, 9, 8, 1, 8, 12, 2, 0]"
j30,28,robust,60,True,87.0,0.057981252670288086,0.0004839897155761719,"[0, 17, 4, 0, 0, 14, 3, 0, 29, 4, 20, 2, 40, 0, 39, 50, 69, 10, 40, 17, 56, 1, 18, 29, 34, 45, 60, 41, 20, 77, 33, 87]","[0, 2, 7, 3, 10, 1, 6, 2, 5, 5, 9, 4, 2, 1, 1, 7, 8, 4, 2, 7, 1, 3, 2, 2, 2, 10, 7, 1, 8, 7, 1, 0]"
j30,29,robust,60,True,62.0,0.05529499053955078,0.0005619525909423828,"[0, 0, 0, 8, 8, 0, 37, 39, 51, 40, 16, 6, 7, 24, 18, 30, 12, 27, 6, 2, 16, 19, 22, 12, 52, 29, 54, 35, 36, 47, 44, 62]","[0, 3, 6, 10, 1, 7, 1, 7, 2, 3, 6, 3, 8, 9, 3, 3, 3, 7, 1, 1, 1, 5, 8, 5, 1, 2, 7, 8, 6, 6, 4, 0]"
j30,29,robust,60,True,62.0,0.05529499053955078,0.00046825408935546875,"[0, 0, 0, 8, 8, 0, 37, 39, 51, 40, 16, 6, 7, 24, 18, 30, 12, 27, 6, 2, 16, 19, 22, 12, 52, 29, 54, 35, 36, 47, 44, 62]","[0, 3, 3, 12, 2, 7, 1, 5, 2, 4, 7, 2, 8, 6, 1, 2, 2, 6, 1, 1, 1, 5, 5, 2, 1, 4, 8, 5, 5, 5, 7, 0]"
j30,29,robust,60,True,63.0,0.05529499053955078,0.0005059242248535156,"[0, 0, 0, 8, 8, 0, 37, 39, 51, 40, 16, 6, 7, 24, 18, 30, 12, 27, 6, 2, 16, 19, 22, 12, 52, 29, 54, 35, 36, 47, 44, 62]","[0, 2, 4, 9, 1, 8, 1, 8, 1, 6, 7, 4, 4, 9, 2, 4, 3, 4, 1, 1, 1, 3, 5, 5, 1, 5, 9, 7, 5, 5, 3, 0]"
j30,29,robust,60,True,62.0,0.05529499053955078,0.0005490779876708984,"[0, 0, 0, 8, 8, 0, 37, 39, 51, 40, 16, 6, 7, 24, 18, 30, 12, 27, 6, 2, 16, 19, 22, 12, 52, 29, 54, 35, 36, 47, 44, 62]","[0, 2, 5, 8, 2, 9, 1, 8, 1, 3, 6, 5, 5, 6, 2, 5, 1, 3, 1, 1, 1, 7, 6, 6, 1, 5, 8, 4, 7, 6, 6, 0]"
j30,29,robust,60,True,62.0,0.05529499053955078,0.0005197525024414062,"[0, 0, 0, 8, 8, 0, 37, 39, 51, 40, 16, 6, 7, 24, 18, 30, 12, 27, 6, 2, 16, 19, 22, 12, 52, 29, 54, 35, 36, 47, 44, 62]","[0, 2, 7, 11, 1, 7, 1, 4, 1, 5, 6, 3, 6, 9, 2, 3, 1, 5, 1, 1, 1, 7, 8, 2, 1, 2, 6, 8, 5, 2, 5, 0]"
j30,29,robust,60,True,63.0,0.05529499053955078,0.0004611015319824219,"[0, 0, 0, 8, 8, 0, 37, 39, 51, 40, 16, 6, 7, 24, 18, 30, 12, 27, 6, 2, 16, 19, 22, 12, 52, 29, 54, 35, 36, 47, 44, 62]","[0, 5, 4, 8, 1, 10, 1, 6, 1, 3, 7, 4, 6, 5, 3, 3, 3, 7, 1, 1, 1, 3, 5, 4, 1, 3, 9, 6, 4, 2, 4, 0]"
j30,29,robust,60,True,62.0,0.05529499053955078,0.0004889965057373047,"[0, 0, 0, 8, 8, 0, 37, 39, 51, 40, 16, 6, 7, 24, 18, 30, 12, 27, 6, 2, 16, 19, 22, 12, 52, 29, 54, 35, 36, 47, 44, 62]","[0, 3, 3, 7, 2, 7, 1, 8, 1, 6, 12, 3, 4, 8, 1, 5, 2, 5, 1, 1, 1, 7, 4, 2, 1, 3, 8, 5, 5, 2, 3, 0]"
j30,29,robust,60,True,62.0,0.05529499053955078,0.00047516822814941406,"[0, 0, 0, 8, 8, 0, 37, 39, 51, 40, 16, 6, 7, 24, 18, 30, 12, 27, 6, 2, 16, 19, 22, 12, 52, 29, 54, 35, 36, 47, 44, 62]","[0, 2, 5, 11, 1, 8, 1, 4, 2, 6, 9, 3, 5, 7, 1, 5, 1, 3, 1, 1, 1, 7, 6, 6, 1, 4, 7, 4, 7, 2, 3, 0]"
j30,29,robust,60,True,63.0,0.05529499053955078,0.0005619525909423828,"[0, 0, 0, 8, 8, 0, 37, 39, 51, 40, 16, 6, 7, 24, 18, 30, 12, 27, 6, 2, 16, 19, 22, 12, 52, 29, 54, 35, 36, 47, 44, 62]","[0, 2, 5, 7, 1, 10, 1, 7, 1, 4, 8, 2, 8, 8, 3, 5, 3, 6, 1, 1, 1, 6, 8, 5, 1, 4, 9, 8, 4, 5, 6, 0]"
j30,29,robust,60,True,62.0,0.05529499053955078,0.0004992485046386719,"[0, 0, 0, 8, 8, 0, 37, 39, 51, 40, 16, 6, 7, 24, 18, 30, 12, 27, 6, 2, 16, 19, 22, 12, 52, 29, 54, 35, 36, 47, 44, 62]","[0, 2, 6, 11, 3, 11, 1, 5, 2, 3, 8, 4, 6, 5, 3, 3, 1, 3, 1, 1, 1, 7, 8, 3, 1, 5, 8, 5, 8, 3, 5, 0]"
j30,30,robust,60,True,66.0,0.05390119552612305,0.0006499290466308594,"[0, 0, 0, 7, 0, 12, 0, 0, 0, 8, 45, 36, 25, 20, 35, 8, 34, 52, 13, 1, 16, 0, 35, 33, 40, 45, 58, 48, 65, 39, 55, 66]","[0, 11, 9, 6, 3, 1, 3, 6, 3, 6, 6, 7, 5, 9, 1, 2, 4, 2, 12, 4, 6, 9, 9, 4, 7, 11, 4, 4, 1, 6, 7, 0]"
j30,30,robust,60,True,66.0,0.05390119552612305,0.0005037784576416016,"[0, 0, 0, 7, 0, 12, 0, 0, 0, 8, 45, 36, 25, 20, 35, 8, 34, 52, 13, 1, 16, 0, 35, 33, 40, 45, 58, 48, 65, 39, 55, 66]","[0, 7, 6, 3, 4, 1, 3, 4, 3, 10, 6, 3, 2, 8, 2, 3, 3, 2, 12, 5, 3, 7, 8, 2, 3, 7, 5, 2, 1, 4, 10, 0]"
j30,30,robust,60,True,66.0,0.05390119552612305,0.0005431175231933594,"[0, 0, 0, 7, 0, 12, 0, 0, 0, 8, 45, 36, 25, 20, 35, 8, 34, 52, 13, 1, 16, 0, 35, 33, 40, 45, 58, 48, 65, 39, 55, 66]","[0, 6, 11, 5, 4, 1, 4, 3, 7, 7, 7, 5, 3, 5, 1, 2, 5, 5, 12, 6, 5, 11, 6, 5, 3, 6, 4, 4, 1, 3, 9, 0]"
j30,30,robust,60,True,66.0,0.05390119552612305,0.0005199909210205078,"[0, 0, 0, 7, 0, 12, 0, 0, 0, 8, 45, 36, 25, 20, 35, 8, 34, 52, 13, 1, 16, 0, 35, 33, 40, 45, 58, 48, 65, 39, 55, 66]","[0, 10, 8, 2, 3, 1, 3, 4, 6, 6, 5, 7, 3, 7, 1, 2, 5, 5, 11, 2, 5, 10, 8, 2, 7, 11, 2, 3, 1, 2, 10, 0]"
j30,30,robust,60,True,66.0,0.05390119552612305,0.0005166530609130859,"[0, 0, 0, 7, 0, 12, 0, 0, 0, 8, 45, 36, 25, 20, 35, 8, 34, 52, 13, 1, 16, 0, 35, 33, 40, 45, 58, 48, 65, 39, 55, 66]","[0, 8, 6, 4, 7, 1, 3, 4, 3, 8, 9, 7, 2, 9, 2, 3, 2, 3, 6, 4, 5, 7, 7, 2, 7, 8, 4, 4, 1, 2, 7, 0]"
j30,30,robust,60,True,66.0,0.05390119552612305,0.0005259513854980469,"[0, 0, 0, 7, 0, 12, 0, 0, 0, 8, 45, 36, 25, 20, 35, 8, 34, 52, 13, 1, 16, 0, 35, 33, 40, 45, 58, 48, 65, 39, 55, 66]","[0, 8, 8, 2, 4, 1, 4, 7, 3, 12, 6, 5, 3, 9, 1, 1, 5, 3, 6, 3, 2, 7, 8, 3, 4, 12, 3, 2, 1, 6, 9, 0]"
j30,30,robust,60,True,66.0,0.05390119552612305,0.0005397796630859375,"[0, 0, 0, 7, 0, 12, 0, 0, 0, 8, 45, 36, 25, 20, 35, 8, 34, 52, 13, 1, 16, 0, 35, 33, 40, 45, 58, 48, 65, 39, 55, 66]","[0, 11, 6, 5, 3, 1, 5, 4, 5, 11, 9, 3, 3, 5, 2, 2, 3, 5, 11, 2, 2, 10, 7, 3, 6, 10, 4, 4, 1, 2, 11, 0]"
j30,30,robust,60,True,66.0,0.05390119552612305,0.0005199909210205078,"[0, 0, 0, 7, 0, 12, 0, 0, 0, 8, 45, 36, 25, 20, 35, 8, 34, 52, 13, 1, 16, 0, 35, 33, 40, 45, 58, 48, 65, 39, 55, 66]","[0, 9, 9, 3, 5, 1, 6, 6, 3, 12, 5, 7, 5, 7, 2, 1, 4, 4, 6, 5, 2, 6, 9, 3, 5, 7, 2, 2, 1, 5, 6, 0]"
j30,30,robust,60,True,66.0,0.05390119552612305,0.0005590915679931641,"[0, 0, 0, 7, 0, 12, 0, 0, 0, 8, 45, 36, 25, 20, 35, 8, 34, 52, 13, 1, 16, 0, 35, 33, 40, 45, 58, 48, 65, 39, 55, 66]","[0, 7, 8, 6, 7, 1, 5, 6, 6, 9, 7, 6, 4, 8, 2, 3, 2, 5, 8, 6, 6, 6, 8, 5, 3, 9, 3, 4, 1, 3, 6, 0]"
j30,30,robust,60,True,66.0,0.05390119552612305,0.0005099773406982422,"[0, 0, 0, 7, 0, 12, 0, 0, 0, 8, 45, 36, 25, 20, 35, 8, 34, 52, 13, 1, 16, 0, 35, 33, 40, 45, 58, 48, 65, 39, 55, 66]","[0, 8, 8, 4, 3, 1, 4, 4, 7, 6, 9, 7, 4, 6, 2, 2, 2, 4, 12, 3, 4, 11, 6, 4, 3, 6, 4, 4, 1, 6, 7, 0]"
j30,32,robust,60,False,inf,inf,inf,,"[0, 11, 5, 1, 2, 1, 2, 7, 2, 3, 2, 6, 1, 5, 1, 7, 7, 3, 1, 5, 1, 7, 1, 3, 1, 6, 6, 3, 5, 6, 5, 0]"
j30,32,robust,60,False,inf,inf,inf,,"[0, 7, 3, 1, 3, 1, 2, 10, 2, 3, 2, 8, 2, 4, 1, 4, 6, 3, 3, 4, 2, 7, 1, 1, 2, 7, 6, 4, 8, 6, 7, 0]"
j30,32,robust,60,False,inf,inf,inf,,"[0, 7, 4, 1, 5, 1, 2, 10, 2, 5, 5, 7, 2, 2, 1, 4, 9, 3, 2, 7, 2, 5, 3, 1, 1, 6, 4, 3, 7, 10, 6, 0]"
j30,32,robust,60,False,inf,inf,inf,,"[0, 10, 4, 1, 2, 1, 3, 8, 2, 7, 3, 6, 1, 4, 1, 7, 10, 1, 1, 4, 3, 8, 2, 1, 3, 7, 3, 4, 8, 10, 6, 0]"
j30,32,robust,60,False,inf,inf,inf,,"[0, 8, 2, 1, 3, 1, 4, 8, 2, 3, 4, 6, 1, 2, 1, 3, 11, 2, 2, 5, 2, 8, 3, 1, 2, 4, 3, 2, 5, 9, 5, 0]"
j30,32,robust,60,False,inf,inf,inf,,"[0, 6, 4, 1, 4, 1, 4, 6, 1, 4, 2, 5, 1, 2, 1, 4, 9, 2, 1, 4, 3, 5, 3, 1, 1, 6, 6, 3, 4, 6, 7, 0]"
j30,33,robust,60,True,163.0,60.08824133872986,0.001657247543334961,"[0, 22, 65, 141, 43, 32, 7, 46, 106, 0, 55, 10, 37, 0, 96, 29, 59, 108, 30, 55, 78, 84, 147, 155, 129, 48, 120, 132, 129, 80, 108, 162]","[0, 6, 10, 2, 2, 1, 7, 1, 1, 8, 2, 6, 2, 3, 9, 2, 3, 9, 3, 8, 1, 10, 5, 8, 8, 6, 6, 8, 2, 3, 8, 0]"
j30,33,robust,60,True,162.0,60.08824133872986,0.0010559558868408203,"[0, 22, 65, 141, 43, 32, 7, 46, 106, 0, 55, 10, 37, 0, 96, 29, 59, 108, 30, 55, 78, 84, 147, 155, 129, 48, 120, 132, 129, 80, 108, 162]","[0, 7, 7, 3, 2, 1, 12, 1, 1, 5, 3, 11, 3, 3, 6, 2, 2, 9, 3, 6, 1, 6, 6, 6, 6, 2, 7, 5, 2, 1, 6, 0]"
j30,33,robust,60,True,162.0,60.08824133872986,0.0017049312591552734,"[0, 22, 65, 141, 43, 32, 7, 46, 106, 0, 55, 10, 37, 0, 96, 29, 59, 108, 30, 55, 78, 84, 147, 155, 129, 48, 120, 132, 129, 80, 108, 162]","[0, 4, 9, 2, 1, 1, 10, 1, 1, 5, 2, 9, 3, 4, 5, 1, 3, 7, 4, 7, 1, 6, 4, 7, 9, 5, 5, 7, 1, 1, 6, 0]"
j30,33,robust,60,True,162.0,60.08824133872986,0.0009870529174804688,"[0, 22, 65, 141, 43, 32, 7, 46, 106, 0, 55, 10, 37, 0, 96, 29, 59, 108, 30, 55, 78, 84, 147, 155, 129, 48, 120, 132, 129, 80, 108, 162]","[0, 5, 8, 5, 2, 1, 7, 1, 1, 8, 1, 8, 4, 2, 5, 2, 5, 6, 3, 11, 1, 9, 3, 4, 9, 4, 8, 7, 2, 2, 6, 0]"
j30,33,robust,60,True,162.0,60.08824133872986,0.0010449886322021484,"[0, 22, 65, 141, 43, 32, 7, 46, 106, 0, 55, 10, 37, 0, 96, 29, 59, 108, 30, 55, 78, 84, 147, 155, 129, 48, 120, 132, 129, 80, 108, 162]","[0, 6, 10, 5, 1, 1, 12, 1, 1, 9, 2, 10, 3, 2, 9, 1, 2, 7, 6, 7, 1, 7, 3, 6, 9, 6, 4, 8, 2, 3, 10, 0]"
j30,33,robust,60,True,162.0,60.08824133872986,0.0010941028594970703,"[0, 22, 65, 141, 43, 32, 7, 46, 106, 0, 55, 10, 37, 0, 96, 29, 59, 108, 30, 55, 78, 84, 147, 155, 129, 48, 120, 132, 129, 80, 108, 162]","[0, 4, 6, 4, 2, 1, 7, 1, 1, 7, 1, 10, 5, 4, 7, 1, 2, 6, 4, 8, 1, 6, 4, 6, 9, 2, 5, 6, 2, 2, 10, 0]"
j30,33,robust,60,True,162.0,60.08824133872986,0.0009639263153076172,"[0, 22, 65, 141, 43, 32, 7, 46, 106, 0, 55, 10, 37, 0, 96, 29, 59, 108, 30, 55, 78, 84, 147, 155, 129, 48, 120, 132, 129, 80, 108, 162]","[0, 5, 6, 5, 2, 1, 6, 1, 1, 6, 2, 6, 3, 5, 6, 2, 4, 9, 6, 9, 1, 11, 3, 7, 5, 5, 5, 6, 2, 2, 11, 0]"
j30,33,robust,60,True,162.0,60.08824133872986,0.0008280277252197266,"[0, 22, 65, 141, 43, 32, 7, 46, 106, 0, 55, 10, 37, 0, 96, 29, 59, 108, 30, 55, 78, 84, 147, 155, 129, 48, 120, 132, 129, 80, 108, 162]","[0, 7, 11, 2, 2, 1, 6, 1, 1, 8, 2, 7, 5, 2, 5, 1, 4, 8, 6, 8, 1, 6, 6, 7, 6, 4, 8, 7, 1, 3, 6, 0]"
j30,33,robust,60,True,162.0,60.08824133872986,0.0013492107391357422,"[0, 22, 65, 141, 43, 32, 7, 46, 106, 0, 55, 10, 37, 0, 96, 29, 59, 108, 30, 55, 78, 84, 147, 155, 129, 48, 120, 132, 129, 80, 108, 162]","[0, 7, 8, 5, 1, 1, 12, 1, 1, 7, 1, 11, 5, 2, 5, 1, 3, 7, 3, 6, 1, 10, 6, 4, 6, 4, 8, 8, 2, 3, 9, 0]"
j30,33,robust,60,True,162.0,60.08824133872986,0.003858804702758789,"[0, 22, 65, 141, 43, 32, 7, 46, 106, 0, 55, 10, 37, 0, 96, 29, 59, 108, 30, 55, 78, 84, 147, 155, 129, 48, 120, 132, 129, 80, 108, 162]","[0, 6, 9, 5, 1, 1, 9, 1, 1, 8, 2, 10, 5, 4, 9, 1, 2, 8, 5, 6, 1, 9, 4, 4, 7, 4, 6, 4, 1, 3, 7, 0]"
j30,34,robust,60,False,inf,inf,inf,,"[0, 6, 2, 5, 4, 1, 2, 7, 2, 1, 7, 11, 3, 7, 10, 2, 8, 4, 1, 9, 1, 1, 6, 6, 3, 1, 11, 10, 4, 2, 10, 0]"
j30,34,robust,60,False,inf,inf,inf,,"[0, 9, 5, 5, 5, 1, 1, 7, 2, 3, 3, 11, 1, 7, 10, 1, 7, 4, 1, 11, 1, 1, 3, 6, 2, 3, 7, 6, 7, 5, 6, 0]"
j30,34,robust,60,False,inf,inf,inf,,"[0, 7, 6, 4, 7, 1, 1, 5, 5, 2, 7, 12, 3, 6, 8, 2, 6, 4, 1, 6, 3, 1, 7, 3, 3, 1, 6, 9, 4, 2, 10, 0]"
j30,35,robust,60,True,172.0,1.0102648735046387,0.00055694580078125,"[0, 10, 19, 10, 56, 37, 124, 0, 72, 44, 19, 105, 85, 28, 62, 94, 137, 101, 159, 42, 94, 170, 153, 86, 28, 115, 143, 142, 49, 166, 141, 172]","[0, 7, 1, 5, 5, 3, 9, 5, 6, 7, 8, 8, 5, 8, 9, 1, 3, 2, 4, 6, 5, 1, 4, 1, 6, 8, 6, 4, 1, 3, 1, 0]"
j30,35,robust,60,True,172.0,1.0102648735046387,0.0004601478576660156,"[0, 10, 19, 10, 56, 37, 124, 0, 72, 44, 19, 105, 85, 28, 62, 94, 137, 101, 159, 42, 94, 170, 153, 86, 28, 115, 143, 142, 49, 166, 141, 172]","[0, 4, 1, 6, 3, 3, 7, 5, 10, 7, 4, 4, 7, 8, 6, 1, 1, 3, 5, 3, 3, 2, 2, 1, 5, 7, 9, 5, 1, 1, 1, 0]"
j30,35,robust,60,True,172.0,1.0102648735046387,0.0004673004150390625,"[0, 10, 19, 10, 56, 37, 124, 0, 72, 44, 19, 105, 85, 28, 62, 94, 137, 101, 159, 42, 94, 170, 153, 86, 28, 115, 143, 142, 49, 166, 141, 172]","[0, 4, 2, 8, 3, 4, 6, 9, 7, 8, 6, 5, 4, 12, 6, 1, 3, 2, 6, 5, 3, 2, 5, 1, 4, 4, 7, 5, 1, 2, 1, 0]"
j30,35,robust,60,True,172.0,1.0102648735046387,0.0004949569702148438,"[0, 10, 19, 10, 56, 37, 124, 0, 72, 44, 19, 105, 85, 28, 62, 94, 137, 101, 159, 42, 94, 170, 153, 86, 28, 115, 143, 142, 49, 166, 141, 172]","[0, 7, 1, 7, 4, 2, 6, 6, 7, 11, 7, 4, 4, 11, 9, 1, 2, 3, 4, 6, 5, 2, 5, 2, 4, 7, 9, 6, 1, 1, 1, 0]"
j30,35,robust,60,True,172.0,1.0102648735046387,0.00047016143798828125,"[0, 10, 19, 10, 56, 37, 124, 0, 72, 44, 19, 105, 85, 28, 62, 94, 137, 101, 159, 42, 94, 170, 153, 86, 28, 115, 143, 142, 49, 166, 141, 172]","[0, 8, 2, 9, 3, 2, 10, 7, 6, 11, 6, 8, 5, 7, 5, 1, 3, 1, 6, 2, 2, 2, 4, 1, 5, 4, 7, 6, 1, 2, 1, 0]"
j30,35,robust,60,True,172.0,1.0102648735046387,0.00048279762268066406,"[0, 10, 19, 10, 56, 37, 124, 0, 72, 44, 19, 105, 85, 28, 62, 94, 137, 101, 159, 42, 94, 170, 153, 86, 28, 115, 143, 142, 49, 166, 141, 172]","[0, 6, 1, 9, 5, 4, 8, 5, 7, 8, 6, 4, 5, 8, 9, 1, 3, 1, 3, 4, 3, 2, 2, 1, 4, 4, 6, 3, 1, 2, 1, 0]"
j30,35,robust,60,True,172.0,1.0102648735046387,0.0004868507385253906,"[0, 10, 19, 10, 56, 37, 124, 0, 72, 44, 19, 105, 85, 28, 62, 94, 137, 101, 159, 42, 94, 170, 153, 86, 28, 115, 143, 142, 49, 166, 141, 172]","[0, 7, 2, 6, 4, 6, 10, 8, 12, 11, 4, 7, 4, 9, 6, 1, 3, 2, 6, 2, 3, 1, 3, 2, 5, 5, 5, 3, 1, 1, 1, 0]"
j30,35,robust,60,True,172.0,1.0102648735046387,0.0004930496215820312,"[0, 10, 19, 10, 56, 37, 124, 0, 72, 44, 19, 105, 85, 28, 62, 94, 137, 101, 159, 42, 94, 170, 153, 86, 28, 115, 143, 142, 49, 166, 141, 172]","[0, 6, 2, 8, 2, 4, 12, 5, 11, 9, 7, 5, 6, 10, 8, 1, 1, 3, 2, 6, 5, 1, 5, 1, 6, 4, 8, 3, 1, 1, 1, 0]"
j30,35,robust,60,True,172.0,1.0102648735046387,0.0005009174346923828,"[0, 10, 19, 10, 56, 37, 124, 0, 72, 44, 19, 105, 85, 28, 62, 94, 137, 101, 159, 42, 94, 170, 153, 86, 28, 115, 143, 142, 49, 166, 141, 172]","[0, 8, 2, 7, 5, 3, 6, 9, 9, 6, 5, 6, 8, 10, 8, 1, 3, 3, 5, 5, 3, 2, 4, 1, 7, 6, 9, 7, 1, 1, 1, 0]"
j30,35,robust,60,True,172.0,1.0102648735046387,0.0004410743713378906,"[0, 10, 19, 10, 56, 37, 124, 0, 72, 44, 19, 105, 85, 28, 62, 94, 137, 101, 159, 42, 94, 170, 153, 86, 28, 115, 143, 142, 49, 166, 141, 172]","[0, 7, 2, 5, 5, 3, 6, 7, 8, 8, 4, 6, 5, 10, 5, 1, 1, 1, 3, 5, 3, 1, 4, 1, 5, 6, 6, 3, 1, 1, 1, 0]"
j30,36,robust,60,False,inf,inf,inf,,"[0, 12, 6, 1, 1, 5, 3, 6, 1, 1, 1, 1, 2, 1, 1, 4, 2, 2, 5, 3, 1, 1, 1, 2, 2, 3, 2, 6, 7, 4, 1, 0]"
j30,36,robust,60,False,inf,inf,inf,,"[0, 11, 7, 1, 2, 6, 2, 6, 2, 2, 1, 1, 2, 1, 1, 5, 2, 5, 6, 4, 1, 1, 1, 6, 3, 2, 1, 6, 5, 5, 1, 0]"
j30,36,robust,60,False,inf,inf,inf,,"[0, 10, 4, 1, 2, 5, 2, 5, 1, 1, 1, 1, 1, 1, 1, 3, 4, 6, 3, 2, 1, 1, 1, 5, 3, 4, 1, 8, 7, 5, 1, 0]"
j30,36,robust,60,False,inf,inf,inf,,"[0, 7, 3, 1, 1, 4, 2, 5, 2, 2, 1, 1, 1, 1, 3, 2, 3, 5, 5, 3, 1, 2, 1, 3, 4, 6, 2, 4, 5, 7, 1, 0]"
j30,36,robust,60,False,inf,inf,inf,,"[0, 8, 7, 1, 1, 6, 2, 6, 1, 1, 1, 1, 1, 1, 2, 4, 5, 3, 2, 2, 1, 2, 1, 2, 3, 4, 1, 8, 8, 6, 1, 0]"
j30,37,robust,60,True,162.0,2.7778401374816895,0.0005888938903808594,"[0, 0, 19, 35, 22, 99, 48, 6, 6, 147, 86, 119, 54, 128, 35, 77, 50, 76, 42, 66, 122, 114, 88, 108, 145, 156, 89, 132, 96, 147, 140, 162]","[0, 3, 2, 10, 6, 5, 1, 9, 11, 4, 1, 2, 10, 2, 6, 4, 2, 7, 2, 7, 2, 5, 7, 4, 1, 2, 7, 7, 2, 5, 3, 0]"
j30,37,robust,60,True,162.0,2.7778401374816895,0.00048804283142089844,"[0, 0, 19, 35, 22, 99, 48, 6, 6, 147, 86, 119, 54, 128, 35, 77, 50, 76, 42, 66, 122, 114, 88, 108, 145, 156, 89, 132, 96, 147, 140, 162]","[0, 5, 1, 6, 12, 5, 1, 7, 11, 5, 2, 1, 10, 2, 2, 2, 2, 8, 5, 7, 3, 2, 6, 4, 1, 3, 6, 4, 2, 8, 2, 0]"
j30,37,robust,60,True,162.0,2.7778401374816895,0.0004980564117431641,"[0, 0, 19, 35, 22, 99, 48, 6, 6, 147, 86, 119, 54, 128, 35, 77, 50, 76, 42, 66, 122, 114, 88, 108, 145, 156, 89, 132, 96, 147, 140, 162]","[0, 3, 2, 10, 8, 8, 1, 6, 11, 7, 2, 1, 6, 1, 3, 5, 3, 7, 3, 5, 4, 3, 6, 5, 1, 4, 9, 6, 2, 5, 5, 0]"
j30,37,robust,60,True,162.0,2.7778401374816895,0.000469207763671875,"[0, 0, 19, 35, 22, 99, 48, 6, 6, 147, 86, 119, 54, 128, 35, 77, 50, 76, 42, 66, 122, 114, 88, 108, 145, 156, 89, 132, 96, 147, 140, 162]","[0, 4, 1, 6, 8, 6, 1, 7, 9, 8, 1, 1, 6, 1, 3, 3, 2, 8, 2, 5, 3, 6, 5, 2, 1, 5, 8, 3, 2, 8, 5, 0]"
j30,37,robust,60,True,162.0,2.7778401374816895,0.0004930496215820312,"[0, 0, 19, 35, 22, 99, 48, 6, 6, 147, 86, 119, 54, 128, 35, 77, 50, 76, 42, 66, 122, 114, 88, 108, 145, 156, 89, 132, 96, 147, 140, 162]","[0, 2, 1, 10, 11, 8, 1, 7, 6, 8, 1, 1, 11, 3, 6, 3, 2, 5, 4, 9, 2, 2, 7, 3, 1, 4, 9, 4, 1, 6, 5, 0]"
j30,37,robust,60,True,162.0,2.7778401374816895,0.0004849433898925781,"[0, 0, 19, 35, 22, 99, 48, 6, 6, 147, 86, 119, 54, 128, 35, 77, 50, 76, 42, 66, 122, 114, 88, 108, 145, 156, 89, 132, 96, 147, 140, 162]","[0, 3, 1, 10, 10, 6, 1, 8, 12, 4, 2, 1, 8, 1, 3, 4, 1, 5, 4, 6, 4, 3, 7, 4, 1, 2, 5, 4, 2, 4, 3, 0]"
j30,37,robust,60,True,162.0,2.7778401374816895,0.0004858970642089844,"[0, 0, 19, 35, 22, 99, 48, 6, 6, 147, 86, 119, 54, 128, 35, 77, 50, 76, 42, 66, 122, 114, 88, 108, 145, 156, 89, 132, 96, 147, 140, 162]","[0, 5, 2, 7, 12, 8, 1, 10, 9, 4, 2, 2, 6, 2, 4, 5, 2, 9, 3, 5, 3, 2, 6, 3, 1, 3, 5, 3, 1, 6, 5, 0]"
j30,37,robust,60,True,162.0,2.7778401374816895,0.00047016143798828125,"[0, 0, 19, 35, 22, 99, 48, 6, 6, 147, 86, 119, 54, 128, 35, 77, 50, 76, 42, 66, 122, 114, 88, 108, 145, 156, 89, 132, 96, 147, 140, 162]","[0, 2, 1, 6, 11, 7, 1, 9, 11, 5, 1, 1, 9, 1, 2, 3, 1, 7, 5, 9, 4, 4, 3, 3, 1, 5, 5, 3, 1, 6, 3, 0]"
j30,37,robust,60,True,162.0,2.7778401374816895,0.0005011558532714844,"[0, 0, 19, 35, 22, 99, 48, 6, 6, 147, 86, 119, 54, 128, 35, 77, 50, 76, 42, 66, 122, 114, 88, 108, 145, 156, 89, 132, 96, 147, 140, 162]","[0, 2, 1, 9, 6, 5, 1, 8, 10, 8, 2, 1, 9, 3, 5, 5, 3, 8, 4, 8, 3, 6, 6, 4, 1, 2, 9, 3, 2, 7, 2, 0]"
j30,37,robust,60,True,162.0,2.7778401374816895,0.0004661083221435547,"[0, 0, 19, 35, 22, 99, 48, 6, 6, 147, 86, 119, 54, 128, 35, 77, 50, 76, 42, 66, 122, 114, 88, 108, 145, 156, 89, 132, 96, 147, 140, 162]","[0, 5, 2, 11, 7, 4, 1, 8, 8, 6, 1, 1, 7, 1, 2, 2, 1, 6, 5, 8, 3, 6, 4, 4, 1, 3, 6, 3, 1, 6, 6, 0]"
j30,38,robust,60,True,120.0,44.078064918518066,0.0005180835723876953,"[0, 8, 0, 8, 22, 85, 32, 4, 28, 41, 62, 19, 0, 54, 11, 68, 45, 62, 54, 12, 102, 43, 68, 113, 110, 60, 72, 47, 32, 89, 85, 120]","[0, 2, 1, 1, 5, 9, 3, 1, 1, 1, 2, 8, 2, 3, 7, 4, 1, 3, 4, 2, 5, 1, 1, 7, 1, 1, 8, 6, 6, 10, 6, 0]"
j30,38,robust,60,True,120.0,44.078064918518066,0.0004279613494873047,"[0, 8, 0, 8, 22, 85, 32, 4, 28, 41, 62, 19, 0, 54, 11, 68, 45, 62, 54, 12, 102, 43, 68, 113, 110, 60, 72, 47, 32, 89, 85, 120]","[0, 2, 3, 1, 5, 7, 5, 2, 3, 1, 2, 5, 1, 2, 4, 2, 1, 2, 3, 5, 5, 1, 2, 4, 1, 1, 9, 3, 5, 9, 9, 0]"
j30,38,robust,60,True,120.0,44.078064918518066,0.0004248619079589844,"[0, 8, 0, 8, 22, 85, 32, 4, 28, 41, 62, 19, 0, 54, 11, 68, 45, 62, 54, 12, 102, 43, 68, 113, 110, 60, 72, 47, 32, 89, 85, 120]","[0, 1, 2, 2, 8, 8, 2, 1, 2, 1, 2, 5, 1, 5, 3, 2, 1, 3, 5, 4, 5, 1, 2, 4, 1, 1, 7, 5, 8, 9, 6, 0]"
j30,38,robust,60,True,121.0,44.078064918518066,0.00042819976806640625,"[0, 8, 0, 8, 22, 85, 32, 4, 28, 41, 62, 19, 0, 54, 11, 68, 45, 62, 54, 12, 102, 43, 68, 113, 110, 60, 72, 47, 32, 89, 85, 120]","[0, 2, 3, 1, 4, 8, 4, 2, 1, 1, 1, 4, 1, 5, 4, 3, 1, 3, 5, 2, 3, 1, 2, 8, 2, 1, 12, 4, 8, 9, 8, 0]"
j30,38,robust,60,True,120.0,44.078064918518066,0.0004429817199707031,"[0, 8, 0, 8, 22, 85, 32, 4, 28, 41, 62, 19, 0, 54, 11, 68, 45, 62, 54, 12, 102, 43, 68, 113, 110, 60, 72, 47, 32, 89, 85, 120]","[0, 2, 2, 1, 7, 10, 5, 1, 3, 1, 1, 8, 2, 2, 7, 4, 1, 2, 3, 4, 7, 1, 2, 5, 1, 1, 8, 6, 8, 6, 9, 0]"
j30,38,robust,60,True,120.0,44.078064918518066,0.0004200935363769531,"[0, 8, 0, 8, 22, 85, 32, 4, 28, 41, 62, 19, 0, 54, 11, 68, 45, 62, 54, 12, 102, 43, 68, 113, 110, 60, 72, 47, 32, 89, 85, 120]","[0, 2, 3, 1, 5, 6, 4, 2, 3, 1, 1, 8, 2, 4, 5, 4, 1, 2, 3, 4, 5, 1, 1, 5, 1, 1, 10, 2, 5, 8, 6, 0]"
j30,38,robust,60,True,120.0,44.078064918518066,0.0004181861877441406,"[0, 8, 0, 8, 22, 85, 32, 4, 28, 41, 62, 19, 0, 54, 11, 68, 45, 62, 54, 12, 102, 43, 68, 113, 110, 60, 72, 47, 32, 89, 85, 120]","[0, 2, 1, 1, 4, 11, 2, 2, 2, 1, 2, 4, 2, 5, 4, 3, 1, 4, 3, 2, 7, 1, 3, 4, 2, 1, 6, 5, 5, 8, 9, 0]"
j30,38,robust,60,True,120.0,44.078064918518066,0.00042891502380371094,"[0, 8, 0, 8, 22, 85, 32, 4, 28, 41, 62, 19, 0, 54, 11, 68, 45, 62, 54, 12, 102, 43, 68, 113, 110, 60, 72, 47, 32, 89, 85, 120]","[0, 2, 1, 2, 4, 11, 5, 2, 2, 1, 2, 4, 1, 3, 3, 2, 1, 4, 3, 5, 7, 1, 3, 4, 2, 1, 9, 5, 5, 8, 9, 0]"
j30,38,robust,60,True,120.0,44.078064918518066,0.00040411949157714844,"[0, 8, 0, 8, 22, 85, 32, 4, 28, 41, 62, 19, 0, 54, 11, 68, 45, 62, 54, 12, 102, 43, 68, 113, 110, 60, 72, 47, 32, 89, 85, 120]","[0, 2, 1, 1, 4, 11, 2, 3, 1, 1, 1, 6, 1, 3, 6, 2, 1, 2, 2, 3, 5, 1, 2, 4, 1, 1, 9, 2, 5, 8, 9, 0]"
j30,38,robust,60,True,120.0,44.078064918518066,0.0004410743713378906,"[0, 8, 0, 8, 22, 85, 32, 4, 28, 41, 62, 19, 0, 54, 11, 68, 45, 62, 54, 12, 102, 43, 68, 113, 110, 60, 72, 47, 32, 89, 85, 120]","[0, 1, 3, 2, 7, 9, 5, 3, 3, 1, 2, 7, 2, 5, 7, 5, 1, 4, 2, 2, 3, 1, 1, 7, 2, 1, 12, 3, 4, 8, 7, 0]"
j30,40,robust,60,True,151.0,5.859219074249268,0.0005640983581542969,"[0, 13, 25, 0, 37, 50, 98, 67, 24, 117, 17, 51, 16, 60, 110, 79, 148, 134, 129, 88, 72, 137, 79, 144, 126, 119, 34, 71, 88, 95, 118, 151]","[0, 2, 7, 10, 6, 3, 9, 2, 6, 1, 3, 5, 8, 6, 3, 6, 1, 1, 2, 4, 6, 5, 6, 3, 7, 7, 1, 4, 6, 2, 3, 0]"
j30,40,robust,60,True,151.0,5.859219074249268,0.00047397613525390625,"[0, 13, 25, 0, 37, 50, 98, 67, 24, 117, 17, 51, 16, 60, 110, 79, 148, 134, 129, 88, 72, 137, 79, 144, 126, 119, 34, 71, 88, 95, 118, 151]","[0, 3, 5, 7, 11, 3, 7, 1, 10, 1, 4, 4, 4, 5, 4, 5, 1, 1, 3, 3, 3, 5, 6, 1, 4, 8, 1, 5, 9, 1, 6, 0]"
j30,40,robust,60,True,151.0,5.859219074249268,0.0004563331604003906,"[0, 13, 25, 0, 37, 50, 98, 67, 24, 117, 17, 51, 16, 60, 110, 79, 148, 134, 129, 88, 72, 137, 79, 144, 126, 119, 34, 71, 88, 95, 118, 151]","[0, 2, 6, 6, 10, 3, 8, 3, 7, 1, 3, 5, 7, 6, 5, 5, 3, 1, 1, 4, 4, 3, 5, 1, 5, 5, 1, 4, 6, 2, 6, 0]"
j30,40,robust,60,True,151.0,5.859219074249268,0.00049591064453125,"[0, 13, 25, 0, 37, 50, 98, 67, 24, 117, 17, 51, 16, 60, 110, 79, 148, 134, 129, 88, 72, 137, 79, 144, 126, 119, 34, 71, 88, 95, 118, 151]","[0, 1, 4, 11, 11, 6, 11, 3, 8, 1, 7, 7, 7, 2, 5, 8, 1, 1, 1, 6, 3, 2, 6, 3, 3, 7, 2, 7, 6, 2, 4, 0]"
j30,40,robust,60,True,151.0,5.859219074249268,0.0004601478576660156,"[0, 13, 25, 0, 37, 50, 98, 67, 24, 117, 17, 51, 16, 60, 110, 79, 148, 134, 129, 88, 72, 137, 79, 144, 126, 119, 34, 71, 88, 95, 118, 151]","[0, 1, 6, 10, 10, 2, 10, 2, 12, 1, 7, 5, 4, 4, 5, 5, 3, 1, 1, 4, 4, 2, 3, 3, 5, 5, 1, 4, 7, 1, 3, 0]"
j30,40,robust,60,True,151.0,5.859219074249268,0.0004591941833496094,"[0, 13, 25, 0, 37, 50, 98, 67, 24, 117, 17, 51, 16, 60, 110, 79, 148, 134, 129, 88, 72, 137, 79, 144, 126, 119, 34, 71, 88, 95, 118, 151]","[0, 3, 5, 8, 7, 6, 8, 1, 11, 1, 3, 5, 4, 3, 5, 5, 2, 1, 2, 6, 6, 5, 2, 1, 6, 6, 1, 7, 5, 2, 3, 0]"
j30,40,robust,60,True,151.0,5.859219074249268,0.0004780292510986328,"[0, 13, 25, 0, 37, 50, 98, 67, 24, 117, 17, 51, 16, 60, 110, 79, 148, 134, 129, 88, 72, 137, 79, 144, 126, 119, 34, 71, 88, 95, 118, 151]","[0, 2, 7, 7, 7, 2, 11, 1, 10, 1, 5, 7, 8, 4, 2, 7, 2, 2, 2, 4, 6, 5, 2, 3, 3, 9, 2, 5, 9, 1, 5, 0]"
j30,40,robust,60,True,151.0,5.859219074249268,0.00048089027404785156,"[0, 13, 25, 0, 37, 50, 98, 67, 24, 117, 17, 51, 16, 60, 110, 79, 148, 134, 129, 88, 72, 137, 79, 144, 126, 119, 34, 71, 88, 95, 118, 151]","[0, 1, 7, 6, 6, 6, 11, 3, 7, 1, 3, 8, 7, 2, 3, 6, 1, 1, 3, 5, 5, 5, 5, 3, 6, 8, 2, 7, 8, 1, 7, 0]"
j30,40,robust,60,True,151.0,5.859219074249268,0.0004711151123046875,"[0, 13, 25, 0, 37, 50, 98, 67, 24, 117, 17, 51, 16, 60, 110, 79, 148, 134, 129, 88, 72, 137, 79, 144, 126, 119, 34, 71, 88, 95, 118, 151]","[0, 1, 4, 9, 9, 2, 9, 2, 12, 1, 4, 4, 6, 4, 4, 4, 3, 1, 2, 6, 2, 6, 6, 3, 4, 8, 2, 7, 6, 1, 4, 0]"
j30,40,robust,60,True,151.0,5.859219074249268,0.0004570484161376953,"[0, 13, 25, 0, 37, 50, 98, 67, 24, 117, 17, 51, 16, 60, 110, 79, 148, 134, 129, 88, 72, 137, 79, 144, 126, 119, 34, 71, 88, 95, 118, 151]","[0, 3, 4, 6, 8, 6, 7, 3, 6, 1, 3, 7, 5, 2, 6, 7, 3, 2, 1, 6, 5, 2, 2, 1, 7, 6, 2, 7, 6, 1, 5, 0]"
j30,41,robust,60,True,59.0,1.1131188869476318,0.0005877017974853516,"[0, 0, 8, 0, 43, 0, 19, 0, 14, 10, 24, 39, 17, 32, 47, 9, 24, 26, 33, 20, 10, 22, 33, 36, 39, 46, 52, 52, 46, 37, 47, 59]","[0, 8, 1, 10, 1, 4, 2, 11, 2, 5, 6, 2, 6, 6, 1, 7, 5, 6, 1, 3, 6, 9, 9, 1, 5, 2, 3, 4, 8, 9, 7, 0]"
j30,41,robust,60,True,59.0,1.1131188869476318,0.0004918575286865234,"[0, 0, 8, 0, 43, 0, 19, 0, 14, 10, 24, 39, 17, 32, 47, 9, 24, 26, 33, 20, 10, 22, 33, 36, 39, 46, 52, 52, 46, 37, 47, 59]","[0, 6, 1, 12, 1, 4, 2, 11, 1, 6, 7, 1, 6, 3, 1, 6, 6, 4, 2, 2, 7, 6, 7, 2, 7, 2, 3, 5, 10, 7, 10, 0]"
j30,41,robust,60,True,59.0,1.1131188869476318,0.0004971027374267578,"[0, 0, 8, 0, 43, 0, 19, 0, 14, 10, 24, 39, 17, 32, 47, 9, 24, 26, 33, 20, 10, 22, 33, 36, 39, 46, 52, 52, 46, 37, 47, 59]","[0, 5, 1, 11, 2, 4, 1, 6, 1, 6, 8, 2, 4, 3, 1, 12, 4, 5, 2, 4, 8, 8, 11, 2, 6, 4, 2, 2, 8, 7, 7, 0]"
j30,41,robust,60,True,59.0,1.1131188869476318,0.0004868507385253906,"[0, 0, 8, 0, 43, 0, 19, 0, 14, 10, 24, 39, 17, 32, 47, 9, 24, 26, 33, 20, 10, 22, 33, 36, 39, 46, 52, 52, 46, 37, 47, 59]","[0, 8, 1, 10, 1, 3, 1, 7, 2, 8, 6, 1, 6, 4, 1, 9, 6, 2, 2, 2, 7, 9, 10, 2, 7, 3, 2, 2, 8, 5, 11, 0]"
j30,41,robust,60,True,59.0,1.1131188869476318,0.0004899501800537109,"[0, 0, 8, 0, 43, 0, 19, 0, 14, 10, 24, 39, 17, 32, 47, 9, 24, 26, 33, 20, 10, 22, 33, 36, 39, 46, 52, 52, 46, 37, 47, 59]","[0, 7, 1, 10, 2, 4, 1, 8, 1, 9, 6, 1, 3, 6, 2, 6, 5, 5, 2, 4, 8, 9, 8, 1, 3, 3, 4, 4, 8, 5, 11, 0]"
j30,41,robust,60,True,59.0,1.1131188869476318,0.0004899501800537109,"[0, 0, 8, 0, 43, 0, 19, 0, 14, 10, 24, 39, 17, 32, 47, 9, 24, 26, 33, 20, 10, 22, 33, 36, 39, 46, 52, 52, 46, 37, 47, 59]","[0, 6, 1, 8, 1, 3, 1, 11, 2, 6, 8, 2, 6, 4, 1, 11, 3, 3, 2, 5, 4, 6, 9, 2, 4, 4, 3, 2, 10, 8, 11, 0]"
j30,41,robust,60,True,59.0,1.1131188869476318,0.00048279762268066406,"[0, 0, 8, 0, 43, 0, 19, 0, 14, 10, 24, 39, 17, 32, 47, 9, 24, 26, 33, 20, 10, 22, 33, 36, 39, 46, 52, 52, 46, 37, 47, 59]","[0, 5, 1, 9, 2, 3, 2, 7, 1, 9, 11, 1, 2, 5, 2, 7, 3, 2, 1, 4, 7, 9, 8, 1, 3, 3, 5, 5, 9, 6, 8, 0]"
j30,41,robust,60,True,59.0,1.1131188869476318,0.000492095947265625,"[0, 0, 8, 0, 43, 0, 19, 0, 14, 10, 24, 39, 17, 32, 47, 9, 24, 26, 33, 20, 10, 22, 33, 36, 39, 46, 52, 52, 46, 37, 47, 59]","[0, 9, 1, 9, 1, 3, 2, 10, 2, 7, 10, 1, 4, 2, 2, 9, 3, 2, 1, 3, 6, 6, 6, 1, 6, 2, 3, 4, 10, 9, 9, 0]"
j30,41,robust,60,True,59.0,1.1131188869476318,0.0004899501800537109,"[0, 0, 8, 0, 43, 0, 19, 0, 14, 10, 24, 39, 17, 32, 47, 9, 24, 26, 33, 20, 10, 22, 33, 36, 39, 46, 52, 52, 46, 37, 47, 59]","[0, 8, 1, 9, 2, 5, 2, 9, 2, 9, 9, 1, 6, 6, 1, 9, 6, 2, 2, 3, 5, 5, 8, 1, 5, 2, 4, 4, 7, 9, 6, 0]"
j30,41,robust,60,True,59.0,1.1131188869476318,0.0004930496215820312,"[0, 0, 8, 0, 43, 0, 19, 0, 14, 10, 24, 39, 17, 32, 47, 9, 24, 26, 33, 20, 10, 22, 33, 36, 39, 46, 52, 52, 46, 37, 47, 59]","[0, 9, 1, 10, 1, 4, 2, 9, 2, 9, 12, 1, 3, 4, 2, 12, 4, 2, 1, 4, 8, 6, 6, 1, 3, 5, 3, 2, 10, 8, 8, 0]"
j30,42,robust,60,True,72.0,0.29595184326171875,0.0005660057067871094,"[0, 6, 0, 0, 0, 27, 12, 27, 0, 36, 55, 22, 52, 45, 25, 12, 34, 46, 37, 37, 25, 10, 60, 20, 50, 63, 63, 42, 58, 70, 67, 72]","[0, 11, 5, 10, 3, 5, 8, 2, 6, 3, 2, 2, 2, 10, 3, 5, 1, 1, 12, 5, 1, 10, 2, 6, 7, 7, 4, 1, 8, 2, 2, 0]"
j30,42,robust,60,True,72.0,0.29595184326171875,0.0004649162292480469,"[0, 6, 0, 0, 0, 27, 12, 27, 0, 36, 55, 22, 52, 45, 25, 12, 34, 46, 37, 37, 25, 10, 60, 20, 50, 63, 63, 42, 58, 70, 67, 72]","[0, 7, 3, 6, 4, 5, 6, 3, 6, 2, 3, 1, 1, 11, 5, 5, 2, 1, 6, 6, 1, 12, 2, 3, 6, 6, 6, 1, 4, 2, 2, 0]"
j30,42,robust,60,True,72.0,0.29595184326171875,0.00047206878662109375,"[0, 6, 0, 0, 0, 27, 12, 27, 0, 36, 55, 22, 52, 45, 25, 12, 34, 46, 37, 37, 25, 10, 60, 20, 50, 63, 63, 42, 58, 70, 67, 72]","[0, 10, 4, 10, 3, 7, 6, 4, 6, 2, 3, 2, 1, 8, 3, 3, 1, 1, 7, 6, 1, 12, 2, 6, 8, 4, 5, 1, 4, 1, 1, 0]"
j30,42,robust,60,True,72.0,0.29595184326171875,0.000492095947265625,"[0, 6, 0, 0, 0, 27, 12, 27, 0, 36, 55, 22, 52, 45, 25, 12, 34, 46, 37, 37, 25, 10, 60, 20, 50, 63, 63, 42, 58, 70, 67, 72]","[0, 8, 5, 7, 6, 8, 7, 2, 6, 5, 5, 2, 2, 11, 5, 3, 1, 1, 11, 7, 1, 11, 1, 4, 9, 6, 5, 1, 4, 2, 1, 0]"
j30,42,robust,60,True,72.0,0.29595184326171875,0.00047898292541503906,"[0, 6, 0, 0, 0, 27, 12, 27, 0, 36, 55, 22, 52, 45, 25, 12, 34, 46, 37, 37, 25, 10, 60, 20, 50, 63, 63, 42, 58, 70, 67, 72]","[0, 9, 2, 10, 7, 5, 5, 6, 8, 2, 3, 1, 2, 10, 3, 4, 1, 1, 8, 7, 1, 10, 1, 6, 6, 7, 3, 1, 4, 1, 2, 0]"
j30,42,robust,60,True,72.0,0.29595184326171875,0.00046706199645996094,"[0, 6, 0, 0, 0, 27, 12, 27, 0, 36, 55, 22, 52, 45, 25, 12, 34, 46, 37, 37, 25, 10, 60, 20, 50, 63, 63, 42, 58, 70, 67, 72]","[0, 7, 4, 10, 7, 6, 7, 2, 7, 4, 4, 1, 1, 6, 3, 5, 1, 1, 12, 3, 1, 12, 2, 3, 7, 4, 6, 1, 6, 1, 2, 0]"
j30,42,robust,60,True,72.0,0.29595184326171875,0.00045609474182128906,"[0, 6, 0, 0, 0, 27, 12, 27, 0, 36, 55, 22, 52, 45, 25, 12, 34, 46, 37, 37, 25, 10, 60, 20, 50, 63, 63, 42, 58, 70, 67, 72]","[0, 11, 2, 7, 3, 5, 8, 3, 7, 4, 3, 1, 1, 9, 2, 6, 2, 1, 6, 6, 1, 7, 1, 6, 5, 3, 5, 1, 5, 2, 2, 0]"
j30,42,robust,60,True,72.0,0.29595184326171875,0.00048613548278808594,"[0, 6, 0, 0, 0, 27, 12, 27, 0, 36, 55, 22, 52, 45, 25, 12, 34, 46, 37, 37, 25, 10, 60, 20, 50, 63, 63, 42, 58, 70, 67, 72]","[0, 11, 2, 11, 3, 8, 7, 5, 10, 4, 4, 1, 1, 11, 5, 6, 2, 1, 11, 4, 1, 8, 1, 5, 5, 3, 6, 1, 6, 2, 1, 0]"
j30,42,robust,60,True,72.0,0.29595184326171875,0.0004889965057373047,"[0, 6, 0, 0, 0, 27, 12, 27, 0, 36, 55, 22, 52, 45, 25, 12, 34, 46, 37, 37, 25, 10, 60, 20, 50, 63, 63, 42, 58, 70, 67, 72]","[0, 12, 4, 6, 6, 4, 5, 6, 11, 4, 5, 2, 1, 10, 5, 3, 2, 1, 8, 7, 1, 10, 2, 5, 8, 6, 5, 1, 6, 2, 1, 0]"
j30,42,robust,60,True,72.0,0.29595184326171875,0.00047588348388671875,"[0, 6, 0, 0, 0, 27, 12, 27, 0, 36, 55, 22, 52, 45, 25, 12, 34, 46, 37, 37, 25, 10, 60, 20, 50, 63, 63, 42, 58, 70, 67, 72]","[0, 9, 3, 10, 6, 6, 9, 6, 6, 5, 5, 1, 2, 11, 3, 3, 1, 1, 8, 5, 1, 6, 1, 3, 9, 3, 6, 1, 8, 1, 2, 0]"
j30,43,robust,60,True,78.0,0.3889179229736328,0.0005786418914794922,"[0, 13, 34, 0, 3, 0, 0, 25, 12, 12, 20, 61, 21, 54, 25, 70, 28, 47, 69, 34, 54, 24, 10, 40, 59, 66, 12, 75, 20, 47, 73, 78]","[0, 5, 10, 6, 5, 2, 5, 1, 3, 4, 1, 11, 1, 3, 1, 1, 4, 11, 4, 2, 9, 9, 8, 10, 7, 1, 7, 2, 1, 2, 3, 0]"
j30,43,robust,60,True,79.0,0.3889179229736328,0.000492095947265625,"[0, 13, 34, 0, 3, 0, 0, 25, 12, 12, 20, 61, 21, 54, 25, 70, 28, 47, 69, 34, 54, 24, 10, 40, 59, 66, 12, 75, 20, 47, 73, 78]","[0, 3, 11, 12, 5, 2, 5, 1, 7, 4, 1, 6, 2, 5, 2, 1, 3, 6, 4, 5, 9, 6, 7, 9, 9, 1, 7, 1, 1, 4, 6, 0]"
j30,43,robust,60,True,78.0,0.3889179229736328,0.0004899501800537109,"[0, 13, 34, 0, 3, 0, 0, 25, 12, 12, 20, 61, 21, 54, 25, 70, 28, 47, 69, 34, 54, 24, 10, 40, 59, 66, 12, 75, 20, 47, 73, 78]","[0, 2, 11, 9, 5, 1, 5, 1, 7, 4, 2, 8, 3, 3, 1, 1, 3, 9, 5, 4, 11, 9, 9, 11, 6, 3, 6, 1, 1, 4, 4, 0]"
j30,43,robust,60,True,79.0,0.3889179229736328,0.0004928112030029297,"[0, 13, 34, 0, 3, 0, 0, 25, 12, 12, 20, 61, 21, 54, 25, 70, 28, 47, 69, 34, 54, 24, 10, 40, 59, 66, 12, 75, 20, 47, 73, 78]","[0, 3, 9, 10, 6, 1, 5, 1, 3, 4, 2, 11, 1, 2, 2, 2, 4, 10, 3, 4, 8, 9, 9, 11, 8, 2, 6, 1, 1, 5, 6, 0]"
j30,43,robust,60,True,79.0,0.3889179229736328,0.0004830360412597656,"[0, 13, 34, 0, 3, 0, 0, 25, 12, 12, 20, 61, 21, 54, 25, 70, 28, 47, 69, 34, 54, 24, 10, 40, 59, 66, 12, 75, 20, 47, 73, 78]","[0, 6, 11, 10, 5, 1, 9, 1, 5, 3, 2, 8, 1, 3, 2, 2, 2, 8, 2, 2, 6, 9, 7, 10, 6, 1, 8, 2, 1, 4, 6, 0]"
j30,43,robust,60,True,78.0,0.3889179229736328,0.0004868507385253906,"[0, 13, 34, 0, 3, 0, 0, 25, 12, 12, 20, 61, 21, 54, 25, 70, 28, 47, 69, 34, 54, 24, 10, 40, 59, 66, 12, 75, 20, 47, 73, 78]","[0, 6, 8, 8, 4, 2, 7, 1, 5, 3, 1, 11, 2, 4, 1, 1, 2, 11, 3, 3, 8, 6, 11, 10, 7, 1, 11, 1, 1, 3, 2, 0]"
j30,43,robust,60,True,78.0,0.3889179229736328,0.0004940032958984375,"[0, 13, 34, 0, 3, 0, 0, 25, 12, 12, 20, 61, 21, 54, 25, 70, 28, 47, 69, 34, 54, 24, 10, 40, 59, 66, 12, 75, 20, 47, 73, 78]","[0, 3, 9, 7, 5, 1, 9, 1, 7, 6, 1, 11, 1, 5, 2, 1, 5, 7, 4, 5, 11, 9, 11, 6, 5, 2, 9, 2, 1, 3, 2, 0]"
j30,43,robust,60,True,79.0,0.3889179229736328,0.0004916191101074219,"[0, 13, 34, 0, 3, 0, 0, 25, 12, 12, 20, 61, 21, 54, 25, 70, 28, 47, 69, 34, 54, 24, 10, 40, 59, 66, 12, 75, 20, 47, 73, 78]","[0, 2, 10, 8, 7, 1, 7, 1, 3, 6, 2, 11, 2, 3, 1, 1, 5, 6, 4, 2, 11, 9, 8, 10, 7, 1, 11, 1, 1, 2, 6, 0]"
j30,43,robust,60,True,78.0,0.3889179229736328,0.0004887580871582031,"[0, 13, 34, 0, 3, 0, 0, 25, 12, 12, 20, 61, 21, 54, 25, 70, 28, 47, 69, 34, 54, 24, 10, 40, 59, 66, 12, 75, 20, 47, 73, 78]","[0, 4, 7, 6, 8, 2, 5, 1, 4, 5, 1, 10, 3, 5, 1, 2, 5, 9, 4, 5, 9, 9, 9, 8, 9, 1, 6, 1, 1, 5, 3, 0]"
j30,43,robust,60,True,78.0,0.3889179229736328,0.0004799365997314453,"[0, 13, 34, 0, 3, 0, 0, 25, 12, 12, 20, 61, 21, 54, 25, 70, 28, 47, 69, 34, 54, 24, 10, 40, 59, 66, 12, 75, 20, 47, 73, 78]","[0, 2, 8, 8, 6, 1, 7, 1, 4, 7, 1, 10, 1, 3, 2, 2, 3, 10, 4, 4, 7, 7, 11, 7, 5, 1, 8, 3, 1, 6, 3, 0]"
j30,44,robust,60,False,inf,inf,inf,,"[0, 11, 7, 1, 1, 1, 2, 5, 11, 1, 4, 3, 8, 7, 4, 8, 10, 4, 6, 5, 2, 6, 10, 2, 1, 1, 1, 1, 8, 2, 2, 0]"
j30,44,robust,60,False,inf,inf,inf,,"[0, 7, 5, 3, 1, 1, 3, 3, 7, 2, 5, 3, 4, 7, 4, 6, 6, 5, 4, 3, 2, 7, 11, 2, 1, 1, 2, 1, 9, 2, 1, 0]"
j30,44,robust,60,False,inf,inf,inf,,"[0, 7, 7, 1, 1, 1, 1, 2, 11, 2, 6, 5, 4, 7, 4, 8, 8, 3, 2, 4, 3, 7, 11, 1, 1, 1, 2, 1, 11, 3, 2, 0]"
j30,44,robust,60,False,inf,inf,inf,,"[0, 6, 4, 3, 1, 1, 2, 5, 10, 3, 4, 2, 5, 4, 6, 6, 6, 6, 4, 2, 5, 7, 11, 1, 1, 1, 2, 1, 10, 5, 1, 0]"
j30,44,robust,60,False,inf,inf,inf,,"[0, 10, 8, 2, 1, 1, 1, 4, 6, 2, 6, 5, 8, 4, 4, 6, 8, 6, 6, 2, 2, 5, 10, 2, 1, 1, 1, 1, 8, 5, 2, 0]"
j30,44,robust,60,False,inf,inf,inf,,"[0, 8, 8, 1, 2, 1, 3, 4, 12, 1, 5, 4, 6, 3, 4, 8, 10, 2, 3, 4, 3, 8, 8, 1, 1, 1, 2, 1, 11, 2, 2, 0]"
j30,44,robust,60,False,inf,inf,inf,,"[0, 11, 4, 2, 2, 1, 2, 3, 12, 2, 8, 2, 7, 3, 6, 6, 9, 3, 4, 5, 3, 8, 11, 1, 1, 1, 2, 1, 6, 3, 2, 0]"
j30,44,robust,60,False,inf,inf,inf,,"[0, 7, 5, 2, 1, 1, 3, 2, 10, 3, 7, 2, 6, 3, 6, 9, 11, 3, 4, 2, 5, 4, 6, 2, 1, 1, 1, 1, 8, 5, 1, 0]"
j30,44,robust,60,False,inf,inf,inf,,"[0, 8, 4, 2, 2, 1, 1, 2, 10, 2, 6, 5, 5, 3, 7, 9, 6, 3, 4, 2, 2, 7, 9, 2, 1, 1, 2, 1, 8, 5, 1, 0]"
j30,44,robust,60,False,inf,inf,inf,,"[0, 9, 8, 3, 1, 1, 1, 2, 9, 1, 7, 3, 5, 3, 5, 8, 8, 2, 4, 4, 3, 8, 6, 1, 1, 1, 1, 1, 7, 5, 2, 0]"
j30,45,robust,60,True,73.0,0.9902009963989258,0.0005788803100585938,"[0, 18, 1, 2, 23, 10, 18, 0, 42, 34, 10, 60, 31, 39, 1, 27, 36, 11, 42, 53, 47, 46, 51, 16, 41, 64, 4, 37, 53, 62, 14, 73]","[0, 2, 7, 7, 4, 2, 7, 2, 1, 3, 4, 10, 5, 11, 1, 7, 6, 1, 1, 4, 1, 5, 8, 7, 2, 6, 10, 1, 7, 1, 5, 0]"
j30,45,robust,60,True,73.0,0.9902009963989258,0.00046896934509277344,"[0, 18, 1, 2, 23, 10, 18, 0, 42, 34, 10, 60, 31, 39, 1, 27, 36, 11, 42, 53, 47, 46, 51, 16, 41, 64, 4, 37, 53, 62, 14, 73]","[0, 2, 4, 4, 5, 2, 11, 3, 2, 4, 3, 10, 3, 6, 1, 3, 8, 2, 3, 3, 1, 5, 5, 6, 5, 8, 6, 1, 7, 1, 7, 0]"
j30,45,robust,60,True,73.0,0.9902009963989258,0.0004780292510986328,"[0, 18, 1, 2, 23, 10, 18, 0, 42, 34, 10, 60, 31, 39, 1, 27, 36, 11, 42, 53, 47, 46, 51, 16, 41, 64, 4, 37, 53, 62, 14, 73]","[0, 1, 6, 7, 4, 2, 9, 2, 3, 3, 7, 7, 5, 8, 1, 5, 6, 1, 3, 3, 2, 6, 7, 6, 5, 4, 6, 1, 8, 1, 6, 0]"
j30,45,robust,60,True,73.0,0.9902009963989258,0.0004818439483642578,"[0, 18, 1, 2, 23, 10, 18, 0, 42, 34, 10, 60, 31, 39, 1, 27, 36, 11, 42, 53, 47, 46, 51, 16, 41, 64, 4, 37, 53, 62, 14, 73]","[0, 2, 5, 6, 8, 1, 12, 3, 1, 3, 4, 7, 3, 9, 1, 3, 5, 2, 2, 6, 2, 4, 8, 8, 3, 7, 11, 1, 6, 1, 7, 0]"
j30,45,robust,60,True,73.0,0.9902009963989258,0.00047898292541503906,"[0, 18, 1, 2, 23, 10, 18, 0, 42, 34, 10, 60, 31, 39, 1, 27, 36, 11, 42, 53, 47, 46, 51, 16, 41, 64, 4, 37, 53, 62, 14, 73]","[0, 1, 7, 7, 8, 2, 11, 1, 2, 3, 7, 8, 2, 11, 1, 5, 9, 2, 2, 2, 1, 6, 8, 5, 2, 5, 10, 1, 7, 1, 4, 0]"
j30,45,robust,60,True,73.0,0.9902009963989258,0.00044918060302734375,"[0, 18, 1, 2, 23, 10, 18, 0, 42, 34, 10, 60, 31, 39, 1, 27, 36, 11, 42, 53, 47, 46, 51, 16, 41, 64, 4, 37, 53, 62, 14, 73]","[0, 1, 7, 4, 6, 1, 10, 3, 3, 3, 4, 8, 4, 8, 1, 3, 6, 1, 1, 2, 1, 3, 6, 6, 3, 8, 8, 1, 6, 1, 4, 0]"
j30,45,robust,60,True,73.0,0.9902009963989258,0.0004858970642089844,"[0, 18, 1, 2, 23, 10, 18, 0, 42, 34, 10, 60, 31, 39, 1, 27, 36, 11, 42, 53, 47, 46, 51, 16, 41, 64, 4, 37, 53, 62, 14, 73]","[0, 2, 4, 4, 7, 2, 7, 3, 2, 7, 7, 9, 4, 11, 1, 3, 8, 2, 1, 5, 2, 4, 8, 5, 3, 4, 11, 1, 9, 1, 5, 0]"
j30,45,robust,60,True,73.0,0.9902009963989258,0.0004830360412597656,"[0, 18, 1, 2, 23, 10, 18, 0, 42, 34, 10, 60, 31, 39, 1, 27, 36, 11, 42, 53, 47, 46, 51, 16, 41, 64, 4, 37, 53, 62, 14, 73]","[0, 2, 4, 3, 8, 1, 11, 1, 3, 3, 6, 9, 3, 11, 1, 4, 7, 1, 1, 2, 2, 6, 6, 9, 4, 6, 6, 1, 11, 1, 7, 0]"
j30,45,robust,60,True,73.0,0.9902009963989258,0.0004851818084716797,"[0, 18, 1, 2, 23, 10, 18, 0, 42, 34, 10, 60, 31, 39, 1, 27, 36, 11, 42, 53, 47, 46, 51, 16, 41, 64, 4, 37, 53, 62, 14, 73]","[0, 1, 4, 7, 6, 2, 7, 1, 1, 6, 3, 7, 4, 10, 1, 7, 8, 1, 3, 5, 1, 5, 8, 8, 4, 8, 10, 1, 6, 1, 7, 0]"
j30,45,robust,60,True,73.0,0.9902009963989258,0.0004658699035644531,"[0, 18, 1, 2, 23, 10, 18, 0, 42, 34, 10, 60, 31, 39, 1, 27, 36, 11, 42, 53, 47, 46, 51, 16, 41, 64, 4, 37, 53, 62, 14, 73]","[0, 2, 4, 6, 5, 2, 6, 3, 3, 5, 3, 8, 4, 7, 1, 7, 5, 1, 1, 3, 2, 5, 5, 9, 4, 5, 8, 1, 11, 1, 5, 0]"
j30,46,robust,60,True,61.0,0.5740432739257812,0.0005660057067871094,"[0, 12, 10, 16, 34, 0, 0, 22, 6, 10, 0, 20, 32, 20, 16, 27, 38, 53, 28, 45, 42, 12, 30, 26, 51, 38, 57, 60, 45, 40, 14, 61]","[0, 1, 3, 1, 2, 6, 8, 3, 5, 2, 2, 6, 10, 5, 3, 2, 3, 4, 2, 11, 6, 7, 6, 2, 8, 9, 1, 1, 5, 1, 10, 0]"
j30,46,robust,60,True,61.0,0.5740432739257812,0.0004551410675048828,"[0, 12, 10, 16, 34, 0, 0, 22, 6, 10, 0, 20, 32, 20, 16, 27, 38, 53, 28, 45, 42, 12, 30, 26, 51, 38, 57, 60, 45, 40, 14, 61]","[0, 1, 5, 2, 3, 5, 6, 3, 5, 5, 3, 6, 7, 2, 2, 3, 2, 2, 3, 9, 6, 4, 3, 4, 9, 6, 1, 1, 4, 1, 9, 0]"
j30,46,robust,60,True,61.0,0.5740432739257812,0.00047016143798828125,"[0, 12, 10, 16, 34, 0, 0, 22, 6, 10, 0, 20, 32, 20, 16, 27, 38, 53, 28, 45, 42, 12, 30, 26, 51, 38, 57, 60, 45, 40, 14, 61]","[0, 1, 2, 1, 3, 8, 9, 4, 2, 2, 3, 8, 7, 4, 5, 2, 6, 3, 5, 8, 6, 4, 3, 4, 7, 8, 1, 1, 7, 1, 9, 0]"
j30,46,robust,60,True,62.0,0.5740432739257812,0.0004680156707763672,"[0, 12, 10, 16, 34, 0, 0, 22, 6, 10, 0, 20, 32, 20, 16, 27, 38, 53, 28, 45, 42, 12, 30, 26, 51, 38, 57, 60, 45, 40, 14, 61]","[0, 1, 3, 2, 5, 5, 5, 4, 4, 5, 5, 6, 9, 2, 4, 4, 2, 2, 5, 7, 5, 6, 3, 2, 11, 9, 1, 1, 5, 1, 10, 0]"
j30,46,robust,60,True,61.0,0.5740432739257812,0.00048089027404785156,"[0, 12, 10, 16, 34, 0, 0, 22, 6, 10, 0, 20, 32, 20, 16, 27, 38, 53, 28, 45, 42, 12, 30, 26, 51, 38, 57, 60, 45, 40, 14, 61]","[0, 1, 5, 2, 5, 5, 8, 2, 5, 2, 4, 9, 11, 2, 3, 2, 6, 4, 2, 11, 6, 7, 4, 5, 7, 5, 1, 1, 5, 1, 10, 0]"
j30,46,robust,60,True,61.0,0.5740432739257812,0.000453948974609375,"[0, 12, 10, 16, 34, 0, 0, 22, 6, 10, 0, 20, 32, 20, 16, 27, 38, 53, 28, 45, 42, 12, 30, 26, 51, 38, 57, 60, 45, 40, 14, 61]","[0, 1, 2, 1, 2, 6, 9, 3, 2, 4, 5, 6, 8, 2, 2, 5, 4, 4, 4, 6, 5, 5, 5, 5, 6, 6, 1, 1, 5, 1, 10, 0]"
j30,46,robust,60,True,62.0,0.5740432739257812,0.00046896934509277344,"[0, 12, 10, 16, 34, 0, 0, 22, 6, 10, 0, 20, 32, 20, 16, 27, 38, 53, 28, 45, 42, 12, 30, 26, 51, 38, 57, 60, 45, 40, 14, 61]","[0, 1, 4, 1, 4, 6, 7, 3, 3, 2, 4, 5, 11, 2, 3, 3, 2, 3, 5, 7, 5, 7, 7, 5, 11, 5, 1, 1, 6, 1, 6, 0]"
j30,46,robust,60,True,61.0,0.5740432739257812,0.0004820823669433594,"[0, 12, 10, 16, 34, 0, 0, 22, 6, 10, 0, 20, 32, 20, 16, 27, 38, 53, 28, 45, 42, 12, 30, 26, 51, 38, 57, 60, 45, 40, 14, 61]","[0, 1, 5, 2, 4, 9, 5, 3, 2, 3, 5, 6, 7, 5, 3, 2, 2, 6, 4, 11, 7, 7, 5, 4, 6, 8, 1, 1, 6, 1, 11, 0]"
j30,46,robust,60,True,61.0,0.5740432739257812,0.0004642009735107422,"[0, 12, 10, 16, 34, 0, 0, 22, 6, 10, 0, 20, 32, 20, 16, 27, 38, 53, 28, 45, 42, 12, 30, 26, 51, 38, 57, 60, 45, 40, 14, 61]","[0, 1, 3, 2, 4, 9, 8, 2, 4, 2, 3, 9, 8, 5, 2, 4, 4, 2, 3, 9, 4, 3, 7, 3, 8, 6, 1, 1, 3, 1, 10, 0]"
j30,46,robust,60,True,61.0,0.5740432739257812,0.0005049705505371094,"[0, 12, 10, 16, 34, 0, 0, 22, 6, 10, 0, 20, 32, 20, 16, 27, 38, 53, 28, 45, 42, 12, 30, 26, 51, 38, 57, 60, 45, 40, 14, 61]","[0, 1, 5, 1, 3, 7, 9, 2, 5, 4, 5, 8, 9, 5, 4, 5, 5, 6, 5, 8, 8, 7, 3, 5, 9, 5, 1, 1, 6, 1, 11, 0]"
j30,47,robust,60,True,59.0,0.7698760032653809,0.0005638599395751953,"[0, 13, 8, 14, 29, 0, 20, 0, 16, 9, 0, 3, 12, 11, 12, 46, 27, 47, 50, 33, 17, 26, 38, 43, 43, 57, 19, 58, 13, 49, 37, 59]","[0, 11, 2, 1, 1, 4, 2, 11, 2, 1, 1, 6, 1, 8, 1, 2, 9, 12, 3, 8, 1, 1, 5, 2, 1, 1, 7, 1, 2, 4, 4, 0]"
j30,47,robust,60,True,59.0,0.7698760032653809,0.0004627704620361328,"[0, 13, 8, 14, 29, 0, 20, 0, 16, 9, 0, 3, 12, 11, 12, 46, 27, 47, 50, 33, 17, 26, 38, 43, 43, 57, 19, 58, 13, 49, 37, 59]","[0, 10, 2, 2, 2, 4, 2, 6, 1, 2, 2, 6, 1, 5, 1, 2, 5, 10, 3, 6, 1, 2, 6, 5, 3, 2, 3, 1, 1, 5, 5, 0]"
j30,47,robust,60,True,59.0,0.7698760032653809,0.0004661083221435547,"[0, 13, 8, 14, 29, 0, 20, 0, 16, 9, 0, 3, 12, 11, 12, 46, 27, 47, 50, 33, 17, 26, 38, 43, 43, 57, 19, 58, 13, 49, 37, 59]","[0, 12, 2, 2, 2, 6, 1, 6, 2, 2, 1, 7, 1, 8, 1, 1, 8, 7, 4, 6, 1, 2, 5, 5, 3, 2, 3, 1, 1, 3, 5, 0]"
j30,47,robust,60,True,59.0,0.7698760032653809,0.0004668235778808594,"[0, 13, 8, 14, 29, 0, 20, 0, 16, 9, 0, 3, 12, 11, 12, 46, 27, 47, 50, 33, 17, 26, 38, 43, 43, 57, 19, 58, 13, 49, 37, 59]","[0, 12, 2, 2, 1, 6, 2, 7, 2, 1, 1, 5, 1, 6, 1, 1, 6, 9, 6, 8, 1, 1, 3, 2, 2, 2, 6, 1, 1, 2, 3, 0]"
j30,47,robust,60,True,59.0,0.7698760032653809,0.0004520416259765625,"[0, 13, 8, 14, 29, 0, 20, 0, 16, 9, 0, 3, 12, 11, 12, 46, 27, 47, 50, 33, 17, 26, 38, 43, 43, 57, 19, 58, 13, 49, 37, 59]","[0, 11, 1, 1, 2, 5, 1, 9, 2, 2, 2, 5, 1, 7, 1, 1, 8, 10, 6, 11, 1, 2, 3, 2, 3, 1, 5, 1, 2, 2, 3, 0]"
j30,47,robust,60,True,59.0,0.7698760032653809,0.00043272972106933594,"[0, 13, 8, 14, 29, 0, 20, 0, 16, 9, 0, 3, 12, 11, 12, 46, 27, 47, 50, 33, 17, 26, 38, 43, 43, 57, 19, 58, 13, 49, 37, 59]","[0, 7, 1, 1, 1, 7, 1, 10, 2, 1, 1, 6, 1, 4, 1, 1, 8, 7, 4, 10, 1, 2, 5, 4, 3, 1, 4, 1, 1, 4, 4, 0]"
j30,47,robust,60,True,59.0,0.7698760032653809,0.00044274330139160156,"[0, 13, 8, 14, 29, 0, 20, 0, 16, 9, 0, 3, 12, 11, 12, 46, 27, 47, 50, 33, 17, 26, 38, 43, 43, 57, 19, 58, 13, 49, 37, 59]","[0, 8, 2, 2, 1, 4, 1, 10, 1, 1, 1, 6, 1, 6, 1, 2, 9, 8, 2, 11, 1, 2, 3, 3, 2, 2, 7, 1, 1, 5, 4, 0]"
j30,47,robust,60,True,59.0,0.7698760032653809,0.0004329681396484375,"[0, 13, 8, 14, 29, 0, 20, 0, 16, 9, 0, 3, 12, 11, 12, 46, 27, 47, 50, 33, 17, 26, 38, 43, 43, 57, 19, 58, 13, 49, 37, 59]","[0, 11, 1, 2, 1, 6, 2, 8, 2, 2, 2, 9, 1, 4, 1, 2, 5, 11, 5, 7, 2, 2, 3, 4, 2, 2, 3, 1, 1, 4, 3, 0]"
j30,47,robust,60,True,59.0,0.7698760032653809,0.00043511390686035156,"[0, 13, 8, 14, 29, 0, 20, 0, 16, 9, 0, 3, 12, 11, 12, 46, 27, 47, 50, 33, 17, 26, 38, 43, 43, 57, 19, 58, 13, 49, 37, 59]","[0, 9, 1, 1, 3, 3, 2, 9, 2, 2, 2, 6, 1, 6, 1, 1, 8, 6, 2, 11, 1, 2, 5, 5, 1, 1, 5, 1, 1, 3, 5, 0]"
j30,47,robust,60,True,59.0,0.7698760032653809,0.0004420280456542969,"[0, 13, 8, 14, 29, 0, 20, 0, 16, 9, 0, 3, 12, 11, 12, 46, 27, 47, 50, 33, 17, 26, 38, 43, 43, 57, 19, 58, 13, 49, 37, 59]","[0, 6, 1, 1, 2, 5, 2, 7, 1, 1, 2, 5, 1, 5, 1, 1, 9, 10, 5, 12, 2, 2, 6, 4, 3, 2, 6, 1, 2, 5, 4, 0]"
j30,48,robust,60,True,56.0,0.11531209945678711,0.0006120204925537109,"[0, 29, 9, 0, 13, 13, 9, 3, 34, 3, 0, 20, 0, 26, 0, 0, 13, 17, 25, 30, 26, 27, 22, 44, 38, 53, 34, 45, 41, 45, 40, 56]","[0, 7, 10, 1, 2, 5, 3, 3, 3, 7, 6, 12, 7, 1, 10, 6, 10, 7, 1, 4, 7, 5, 1, 7, 3, 3, 2, 6, 5, 4, 1, 0]"
j30,48,robust,60,True,56.0,0.11531209945678711,0.0005290508270263672,"[0, 29, 9, 0, 13, 13, 9, 3, 34, 3, 0, 20, 0, 26, 0, 0, 13, 17, 25, 30, 26, 27, 22, 44, 38, 53, 34, 45, 41, 45, 40, 56]","[0, 5, 6, 1, 2, 2, 3, 6, 5, 5, 3, 6, 12, 2, 9, 5, 7, 7, 1, 2, 4, 6, 1, 8, 6, 1, 5, 6, 6, 3, 1, 0]"
j30,48,robust,60,True,56.0,0.11531209945678711,0.0005190372467041016,"[0, 29, 9, 0, 13, 13, 9, 3, 34, 3, 0, 20, 0, 26, 0, 0, 13, 17, 25, 30, 26, 27, 22, 44, 38, 53, 34, 45, 41, 45, 40, 56]","[0, 8, 7, 2, 3, 4, 4, 3, 4, 4, 5, 12, 11, 1, 9, 5, 9, 4, 1, 4, 5, 4, 1, 8, 2, 1, 3, 6, 7, 3, 1, 0]"
j30,48,robust,60,True,56.0,0.11531209945678711,0.0005578994750976562,"[0, 29, 9, 0, 13, 13, 9, 3, 34, 3, 0, 20, 0, 26, 0, 0, 13, 17, 25, 30, 26, 27, 22, 44, 38, 53, 34, 45, 41, 45, 40, 56]","[0, 4, 11, 2, 3, 6, 5, 7, 5, 6, 2, 9, 10, 2, 10, 8, 11, 8, 2, 2, 7, 5, 1, 11, 4, 1, 3, 6, 4, 5, 1, 0]"
j30,48,robust,60,True,56.0,0.11531209945678711,0.0005307197570800781,"[0, 29, 9, 0, 13, 13, 9, 3, 34, 3, 0, 20, 0, 26, 0, 0, 13, 17, 25, 30, 26, 27, 22, 44, 38, 53, 34, 45, 41, 45, 40, 56]","[0, 8, 10, 1, 1, 3, 7, 4, 2, 5, 5, 7, 8, 1, 10, 6, 8, 4, 2, 4, 5, 3, 3, 11, 3, 3, 6, 5, 5, 5, 1, 0]"
j30,48,robust,60,True,56.0,0.11531209945678711,0.0005528926849365234,"[0, 29, 9, 0, 13, 13, 9, 3, 34, 3, 0, 20, 0, 26, 0, 0, 13, 17, 25, 30, 26, 27, 22, 44, 38, 53, 34, 45, 41, 45, 40, 56]","[0, 5, 11, 1, 3, 2, 3, 4, 3, 3, 3, 9, 7, 2, 12, 8, 10, 7, 3, 2, 6, 3, 2, 8, 6, 2, 2, 5, 7, 4, 1, 0]"
j30,48,robust,60,True,56.0,0.11531209945678711,0.0005369186401367188,"[0, 29, 9, 0, 13, 13, 9, 3, 34, 3, 0, 20, 0, 26, 0, 0, 13, 17, 25, 30, 26, 27, 22, 44, 38, 53, 34, 45, 41, 45, 40, 56]","[0, 5, 11, 1, 3, 2, 7, 5, 3, 6, 6, 8, 12, 1, 6, 7, 9, 5, 3, 6, 6, 3, 3, 6, 6, 3, 6, 7, 4, 6, 1, 0]"
j30,48,robust,60,True,56.0,0.11531209945678711,0.0005199909210205078,"[0, 29, 9, 0, 13, 13, 9, 3, 34, 3, 0, 20, 0, 26, 0, 0, 13, 17, 25, 30, 26, 27, 22, 44, 38, 53, 34, 45, 41, 45, 40, 56]","[0, 4, 6, 1, 2, 4, 4, 3, 2, 6, 2, 7, 8, 1, 10, 7, 9, 7, 3, 5, 6, 7, 3, 10, 6, 1, 5, 8, 4, 6, 1, 0]"
j30,48,robust,60,True,56.0,0.11531209945678711,0.0005168914794921875,"[0, 29, 9, 0, 13, 13, 9, 3, 34, 3, 0, 20, 0, 26, 0, 0, 13, 17, 25, 30, 26, 27, 22, 44, 38, 53, 34, 45, 41, 45, 40, 56]","[0, 5, 6, 1, 3, 4, 3, 5, 4, 4, 6, 6, 10, 1, 12, 5, 9, 5, 1, 3, 5, 4, 3, 6, 2, 3, 6, 6, 4, 3, 1, 0]"
j30,48,robust,60,True,56.0,0.11531209945678711,0.0005309581756591797,"[0, 29, 9, 0, 13, 13, 9, 3, 34, 3, 0, 20, 0, 26, 0, 0, 13, 17, 25, 30, 26, 27, 22, 44, 38, 53, 34, 45, 41, 45, 40, 56]","[0, 7, 7, 1, 1, 5, 5, 6, 2, 7, 5, 6, 6, 1, 12, 8, 11, 5, 2, 6, 4, 5, 2, 8, 6, 2, 5, 9, 8, 3, 1, 0]"
j30,50,robust,60,False,inf,inf,inf,,"[0, 2, 1, 5, 7, 9, 1, 3, 6, 6, 1, 8, 4, 7, 2, 10, 5, 4, 2, 5, 4, 3, 1, 1, 7, 7, 3, 7, 1, 8, 4, 0]"
j30,50,robust,60,False,inf,inf,inf,,"[0, 5, 1, 5, 6, 8, 1, 2, 5, 10, 1, 7, 3, 5, 3, 7, 7, 2, 1, 3, 3, 6, 2, 1, 8, 8, 2, 6, 1, 5, 6, 0]"
j30,50,robust,60,False,inf,inf,inf,,"[0, 2, 1, 8, 10, 10, 2, 2, 6, 7, 1, 5, 7, 7, 2, 11, 6, 6, 2, 5, 3, 2, 1, 1, 10, 8, 1, 7, 1, 6, 7, 0]"
j30,50,robust,60,False,inf,inf,inf,,"[0, 3, 1, 5, 8, 9, 2, 3, 6, 10, 1, 7, 5, 5, 3, 8, 6, 2, 1, 5, 3, 3, 1, 1, 10, 4, 3, 4, 1, 7, 4, 0]"
j30,50,robust,60,False,inf,inf,inf,,"[0, 3, 1, 9, 8, 6, 2, 2, 2, 7, 1, 5, 4, 8, 3, 7, 8, 6, 2, 4, 3, 2, 2, 1, 6, 7, 2, 5, 1, 9, 3, 0]"
j30,50,robust,60,False,inf,inf,inf,,"[0, 4, 1, 5, 11, 10, 2, 3, 6, 12, 1, 7, 3, 8, 2, 6, 8, 4, 2, 3, 2, 6, 2, 1, 6, 5, 3, 7, 1, 9, 6, 0]"
