,instance_folder,instance_id,sample,sample_durations,time_limit,obj_gap,obj_value,solve_time,solver_status
0,j20,1,0,"[0, 7, 1, 6, 2, 2, 1, 6, 2, 9, 2, 2, 10, 1, 4, 1, 3, 1, 6, 6, 5, 0]",10,0.0,46.0,0.03,Optimal
1,j20,1,1,"[0, 8, 3, 10, 2, 3, 3, 10, 2, 6, 2, 3, 6, 1, 4, 1, 2, 2, 5, 3, 2, 0]",10,,,0.00999999,Infeasible
2,j20,1,2,"[0, 8, 2, 6, 1, 2, 3, 7, 1, 8, 1, 2, 7, 1, 4, 1, 1, 1, 5, 5, 2, 0]",10,0.0,43.0,0.0899999,Optimal
3,j20,1,3,"[0, 6, 1, 6, 2, 2, 3, 6, 1, 6, 2, 3, 8, 1, 4, 1, 1, 3, 5, 5, 5, 0]",10,0.0,42.0,0.0600002,Optimal
4,j20,1,4,"[0, 8, 2, 7, 3, 1, 1, 8, 1, 6, 2, 1, 8, 1, 3, 1, 1, 2, 5, 5, 2, 0]",10,0.0,44.0,0.0699999,Optimal
5,j20,1,5,"[0, 4, 2, 11, 3, 1, 2, 8, 1, 8, 2, 2, 6, 1, 6, 1, 1, 1, 8, 6, 3, 0]",10,0.0,49.0,0.0700002,Optimal
6,j20,1,6,"[0, 4, 1, 8, 1, 2, 3, 10, 2, 6, 1, 3, 10, 1, 7, 1, 1, 1, 5, 6, 3, 0]",10,0.0,50.0,0.0599999,Optimal
7,j20,1,7,"[0, 4, 3, 9, 2, 3, 1, 10, 2, 7, 1, 3, 6, 1, 4, 1, 3, 3, 6, 2, 4, 0]",10,,,0.0,Infeasible
8,j20,1,8,"[0, 5, 3, 10, 3, 1, 3, 11, 2, 6, 1, 2, 11, 1, 7, 1, 3, 1, 4, 3, 3, 0]",10,,,0.00999999,Infeasible
9,j20,1,9,"[0, 4, 2, 9, 2, 2, 3, 11, 1, 9, 2, 3, 11, 1, 3, 1, 1, 2, 6, 6, 3, 0]",10,0.0,50.0,0.0699999,Optimal
10,j20,2,0,"[0, 7, 10, 5, 2, 2, 8, 2, 5, 7, 8, 1, 1, 11, 6, 1, 3, 3, 5, 10, 5, 0]",10,,,0.00999999,Infeasible
11,j20,2,1,"[0, 8, 9, 9, 1, 1, 7, 6, 6, 7, 4, 1, 1, 11, 3, 1, 2, 3, 4, 6, 7, 0]",10,,,0.00999999,Infeasible
12,j20,2,2,"[0, 5, 6, 5, 2, 3, 6, 2, 8, 12, 5, 1, 1, 7, 5, 1, 1, 2, 4, 9, 7, 0]",10,,,0.0,Infeasible
13,j20,2,3,"[0, 6, 10, 5, 2, 2, 7, 2, 9, 7, 6, 1, 1, 8, 3, 1, 1, 3, 6, 11, 7, 0]",10,,,0.00999999,Infeasible
14,j20,2,4,"[0, 7, 11, 6, 2, 3, 5, 2, 7, 8, 5, 1, 1, 9, 6, 1, 3, 2, 3, 7, 4, 0]",10,,,0.0,Infeasible
15,j20,2,5,"[0, 7, 6, 5, 2, 2, 9, 4, 9, 9, 7, 1, 1, 11, 2, 1, 1, 5, 7, 10, 7, 0]",10,,,0.0,Infeasible
16,j20,2,6,"[0, 5, 6, 9, 1, 1, 7, 6, 6, 7, 4, 1, 1, 8, 6, 1, 1, 2, 7, 7, 7, 0]",10,,,0.00999999,Infeasible
17,j20,2,7,"[0, 5, 6, 7, 2, 2, 7, 6, 9, 8, 6, 1, 1, 6, 3, 1, 3, 4, 3, 11, 4, 0]",10,,,0.0,Infeasible
18,j20,2,8,"[0, 6, 10, 5, 1, 2, 6, 4, 6, 11, 8, 1, 1, 8, 2, 1, 2, 2, 4, 11, 3, 0]",10,,,0.00999999,Infeasible
19,j20,2,9,"[0, 5, 9, 6, 2, 3, 9, 6, 8, 12, 4, 1, 1, 9, 2, 1, 2, 4, 7, 11, 3, 0]",10,,,0.0,Infeasible
20,j20,3,0,"[0, 11, 8, 7, 4, 3, 8, 2, 2, 5, 2, 8, 8, 6, 8, 7, 5, 10, 7, 10, 4, 0]",10,,,0.00999999,Infeasible
21,j20,3,1,"[0, 10, 7, 7, 5, 3, 5, 3, 3, 6, 2, 5, 5, 5, 10, 4, 3, 6, 7, 8, 3, 0]",10,,,0.0,Infeasible
22,j20,3,2,"[0, 6, 8, 4, 5, 5, 9, 1, 3, 8, 1, 6, 8, 5, 11, 6, 4, 8, 4, 10, 3, 0]",10,0.0,80.0,0.15,Optimal
23,j20,3,3,"[0, 8, 7, 4, 4, 3, 8, 3, 6, 8, 2, 5, 7, 5, 6, 5, 5, 7, 7, 10, 4, 0]",10,,,0.0,Infeasible
24,j20,3,4,"[0, 6, 5, 4, 5, 5, 5, 1, 6, 7, 1, 7, 7, 5, 9, 7, 6, 10, 8, 11, 2, 0]",10,,,0.0,Infeasible
25,j20,3,5,"[0, 7, 5, 7, 6, 2, 7, 1, 3, 6, 1, 6, 8, 9, 6, 7, 4, 10, 5, 6, 4, 0]",10,0.0,71.0,0.13,Optimal
26,j20,3,6,"[0, 9, 6, 5, 8, 6, 7, 3, 2, 6, 1, 6, 4, 6, 8, 7, 3, 11, 5, 8, 3, 0]",10,,,0.0,Infeasible
27,j20,3,7,"[0, 11, 9, 5, 4, 2, 6, 2, 2, 6, 2, 5, 5, 9, 10, 6, 3, 9, 4, 9, 3, 0]",10,0.0,77.0,0.15,Optimal
28,j20,3,8,"[0, 8, 9, 3, 4, 5, 6, 2, 2, 5, 1, 6, 7, 9, 8, 3, 6, 9, 5, 8, 2, 0]",10,0.0,69.0,0.14,Optimal
29,j20,3,9,"[0, 9, 5, 3, 8, 4, 9, 3, 4, 5, 2, 7, 4, 5, 10, 5, 4, 6, 8, 9, 2, 0]",10,,,0.0,Infeasible
30,j20,4,0,"[0, 1, 5, 7, 4, 2, 1, 3, 2, 11, 2, 1, 2, 7, 2, 1, 1, 11, 7, 4, 7, 0]",10,,,0.0,Infeasible
31,j20,4,1,"[0, 1, 4, 7, 6, 1, 1, 5, 1, 8, 6, 2, 1, 5, 1, 1, 1, 7, 4, 5, 6, 0]",10,,,0.0,Infeasible
32,j20,4,2,"[0, 1, 3, 4, 5, 2, 1, 2, 1, 7, 2, 1, 2, 6, 2, 1, 1, 8, 4, 2, 9, 0]",10,0.0,40.0,0.00999999,Optimal
33,j20,4,3,"[0, 1, 3, 4, 7, 1, 1, 2, 2, 9, 6, 3, 1, 3, 2, 1, 1, 9, 4, 4, 6, 0]",10,0.0,42.0,0.0699999,Optimal
34,j20,4,4,"[0, 1, 6, 4, 6, 2, 1, 5, 1, 7, 2, 3, 2, 6, 2, 1, 1, 11, 7, 5, 11, 0]",10,,,0.00999999,Infeasible
35,j20,4,5,"[0, 1, 3, 6, 4, 1, 1, 4, 1, 7, 5, 1, 1, 3, 1, 1, 1, 7, 4, 3, 9, 0]",10,0.0,40.0,0.00999999,Optimal
36,j20,4,6,"[0, 1, 2, 3, 8, 2, 1, 4, 1, 10, 5, 2, 2, 3, 2, 1, 1, 10, 6, 2, 10, 0]",10,0.0,44.0,0.0599999,Optimal
37,j20,4,7,"[0, 1, 6, 4, 4, 1, 1, 4, 1, 11, 4, 1, 2, 4, 1, 1, 1, 8, 7, 2, 6, 0]",10,,,0.0,Infeasible
38,j20,4,8,"[0, 1, 6, 4, 8, 2, 1, 2, 1, 9, 3, 3, 1, 7, 2, 1, 1, 8, 5, 4, 6, 0]",10,,,0.00999999,Infeasible
39,j20,4,9,"[0, 1, 3, 5, 6, 2, 1, 5, 1, 11, 3, 3, 1, 3, 1, 1, 1, 11, 4, 4, 7, 0]",10,0.0,46.0,0.05,Optimal
40,j20,5,0,"[0, 2, 7, 1, 4, 5, 7, 1, 11, 2, 1, 6, 6, 7, 11, 1, 10, 6, 8, 7, 4, 0]",10,,,0.0,Infeasible
41,j20,5,1,"[0, 1, 7, 1, 6, 8, 6, 1, 10, 2, 2, 7, 5, 4, 7, 1, 11, 6, 7, 3, 6, 0]",10,,,0.0,Infeasible
42,j20,5,2,"[0, 2, 4, 1, 7, 6, 5, 1, 6, 1, 3, 11, 6, 4, 9, 1, 10, 5, 7, 6, 6, 0]",10,,,0.00999999,Infeasible
43,j20,5,3,"[0, 1, 8, 1, 7, 5, 6, 1, 6, 1, 2, 8, 7, 4, 6, 1, 7, 8, 11, 7, 5, 0]",10,,,0.0,Infeasible
44,j20,5,4,"[0, 2, 5, 3, 4, 4, 6, 1, 8, 2, 2, 9, 9, 5, 12, 1, 6, 5, 7, 4, 5, 0]",10,,,0.0,Infeasible
45,j20,5,5,"[0, 1, 4, 2, 8, 6, 8, 1, 9, 2, 2, 6, 8, 7, 9, 1, 10, 9, 11, 7, 3, 0]",10,,,0.00999999,Infeasible
46,j20,5,6,"[0, 1, 8, 3, 4, 6, 8, 1, 7, 2, 2, 6, 7, 7, 10, 1, 6, 9, 7, 7, 3, 0]",10,,,0.00999999,Infeasible
47,j20,5,7,"[0, 1, 6, 2, 6, 8, 8, 1, 8, 1, 3, 6, 6, 5, 12, 1, 8, 5, 11, 4, 4, 0]",10,,,0.00999999,Infeasible
48,j20,5,8,"[0, 1, 4, 3, 5, 6, 5, 1, 11, 1, 3, 6, 5, 4, 11, 1, 6, 6, 9, 4, 3, 0]",10,,,0.0,Infeasible
49,j20,5,9,"[0, 1, 8, 1, 7, 4, 7, 1, 6, 2, 2, 8, 9, 3, 11, 1, 6, 8, 7, 4, 2, 0]",10,,,0.00999999,Infeasible
50,j20,6,0,"[0, 5, 9, 4, 4, 7, 11, 4, 6, 1, 5, 10, 7, 4, 3, 8, 6, 11, 5, 9, 2, 0]",10,,,0.00999999,Infeasible
51,j20,6,1,"[0, 6, 7, 8, 5, 8, 7, 5, 12, 1, 4, 11, 4, 3, 3, 7, 2, 10, 4, 5, 1, 0]",10,,,0.0,Infeasible
52,j20,6,2,"[0, 5, 7, 5, 3, 7, 11, 5, 7, 1, 7, 10, 3, 3, 5, 10, 4, 10, 3, 8, 2, 0]",10,,,0.00999999,Infeasible
53,j20,6,3,"[0, 4, 5, 8, 4, 6, 8, 5, 6, 1, 5, 9, 7, 5, 3, 9, 2, 6, 5, 7, 2, 0]",10,,,0.00999999,Infeasible
54,j20,6,4,"[0, 3, 8, 8, 5, 4, 6, 5, 7, 1, 7, 6, 3, 3, 6, 11, 4, 10, 6, 8, 2, 0]",10,,,0.00999999,Infeasible
55,j20,6,5,"[0, 2, 8, 8, 6, 8, 10, 8, 7, 1, 4, 10, 5, 2, 4, 10, 3, 7, 3, 7, 1, 0]",10,,,0.0,Infeasible
56,j20,6,6,"[0, 6, 5, 8, 4, 8, 7, 4, 8, 1, 7, 7, 5, 2, 6, 8, 4, 6, 4, 7, 1, 0]",10,,,0.0,Infeasible
57,j20,6,7,"[0, 4, 5, 5, 5, 8, 6, 5, 8, 1, 5, 11, 7, 4, 2, 11, 2, 7, 3, 6, 2, 0]",10,,,0.0,Infeasible
58,j20,6,8,"[0, 3, 6, 8, 7, 7, 11, 4, 9, 1, 4, 9, 4, 4, 6, 11, 2, 11, 3, 8, 2, 0]",10,,,0.0,Infeasible
59,j20,6,9,"[0, 3, 5, 4, 7, 6, 11, 7, 10, 1, 6, 6, 6, 5, 3, 8, 6, 9, 3, 5, 2, 0]",10,,,0.00999999,Infeasible
60,j20,7,0,"[0, 8, 1, 6, 2, 4, 2, 6, 1, 6, 10, 2, 6, 3, 1, 10, 5, 7, 2, 2, 7, 0]",10,0.0,65.0,0.0,Optimal
61,j20,7,1,"[0, 9, 2, 12, 1, 7, 2, 7, 2, 5, 12, 2, 3, 3, 2, 11, 4, 4, 1, 2, 6, 0]",10,0.0,67.0,0.00999999,Optimal
62,j20,7,2,"[0, 5, 1, 11, 2, 5, 2, 6, 1, 8, 12, 2, 3, 3, 2, 10, 3, 4, 2, 2, 7, 0]",10,0.0,65.0,0.0,Optimal
63,j20,7,3,"[0, 9, 1, 11, 2, 4, 3, 6, 1, 6, 8, 2, 4, 3, 1, 12, 4, 6, 2, 4, 9, 0]",10,0.0,65.0,0.00999999,Optimal
64,j20,7,4,"[0, 8, 2, 7, 2, 3, 1, 8, 1, 6, 9, 1, 4, 2, 1, 7, 4, 6, 1, 2, 9, 0]",10,0.0,65.0,0.00999999,Optimal
65,j20,7,5,"[0, 7, 1, 9, 2, 6, 2, 6, 2, 9, 9, 1, 6, 6, 2, 6, 7, 5, 1, 3, 7, 0]",10,0.0,66.0,0.0,Optimal
66,j20,7,6,"[0, 9, 2, 7, 1, 5, 1, 10, 1, 9, 7, 1, 6, 3, 1, 8, 6, 4, 1, 2, 9, 0]",10,0.0,65.0,0.00999999,Optimal
67,j20,7,7,"[0, 7, 1, 12, 1, 4, 3, 8, 2, 5, 12, 2, 3, 4, 1, 12, 3, 4, 1, 3, 9, 0]",10,0.0,65.0,0.0,Optimal
68,j20,7,8,"[0, 7, 1, 11, 1, 4, 2, 6, 2, 8, 7, 2, 6, 6, 2, 12, 3, 6, 2, 2, 8, 0]",10,0.0,65.0,0.0,Optimal
69,j20,7,9,"[0, 6, 1, 11, 2, 7, 2, 6, 2, 5, 11, 2, 3, 3, 2, 11, 3, 3, 1, 4, 8, 0]",10,0.0,65.0,0.00999999,Optimal
70,j20,8,0,"[0, 8, 9, 6, 2, 1, 3, 7, 4, 6, 7, 10, 9, 12, 7, 4, 2, 5, 2, 1, 1, 0]",10,0.0,61.0,0.00999999,Optimal
71,j20,8,1,"[0, 7, 9, 11, 1, 1, 4, 8, 5, 7, 12, 6, 6, 7, 11, 3, 3, 3, 2, 1, 2, 0]",10,0.0,60.0,0.04,Optimal
72,j20,8,2,"[0, 5, 5, 11, 2, 1, 5, 6, 5, 6, 12, 9, 6, 7, 9, 6, 2, 4, 5, 1, 1, 0]",10,0.0,58.0,0.0700002,Optimal
73,j20,8,3,"[0, 7, 9, 6, 2, 1, 5, 5, 6, 6, 10, 7, 7, 8, 7, 2, 4, 4, 5, 1, 3, 0]",10,0.0,55.0,0.00999999,Optimal
74,j20,8,4,"[0, 9, 8, 11, 2, 1, 5, 4, 4, 8, 8, 7, 8, 10, 8, 2, 2, 4, 3, 1, 2, 0]",10,0.0,63.0,0.04,Optimal
75,j20,8,5,"[0, 8, 5, 6, 2, 1, 3, 8, 6, 10, 9, 11, 8, 11, 6, 5, 2, 6, 2, 1, 3, 0]",10,0.0,71.0,0.0600002,Optimal
76,j20,8,6,"[0, 9, 9, 7, 1, 1, 2, 6, 4, 11, 8, 10, 6, 7, 6, 4, 2, 7, 2, 1, 1, 0]",10,0.0,68.0,0.05,Optimal
77,j20,8,7,"[0, 6, 9, 7, 1, 1, 4, 7, 5, 8, 10, 10, 7, 8, 6, 3, 4, 5, 5, 1, 1, 0]",10,0.0,59.0,0.02,Optimal
78,j20,8,8,"[0, 6, 7, 10, 1, 1, 2, 5, 6, 7, 11, 10, 7, 6, 11, 2, 3, 3, 3, 1, 2, 0]",10,0.0,59.0,0.00999999,Optimal
79,j20,8,9,"[0, 6, 9, 10, 2, 1, 4, 4, 7, 6, 9, 7, 7, 11, 11, 6, 3, 3, 3, 1, 1, 0]",10,0.0,60.0,0.05,Optimal
80,j20,9,0,"[0, 3, 1, 9, 10, 4, 5, 6, 2, 6, 6, 3, 9, 6, 3, 4, 8, 12, 6, 7, 1, 0]",10,,,0.0,Infeasible
81,j20,9,1,"[0, 4, 1, 10, 11, 6, 2, 6, 2, 12, 6, 3, 6, 3, 3, 2, 8, 7, 4, 3, 2, 0]",10,0.0,82.0,0.03,Optimal
82,j20,9,2,"[0, 5, 1, 8, 7, 4, 4, 8, 3, 11, 7, 3, 8, 6, 2, 3, 7, 10, 6, 7, 1, 0]",10,,,0.00999999,Infeasible
83,j20,9,3,"[0, 3, 1, 9, 7, 6, 5, 5, 1, 7, 8, 4, 6, 2, 3, 5, 8, 9, 5, 6, 3, 0]",10,0.0,84.0,0.0799999,Optimal
84,j20,9,4,"[0, 2, 1, 6, 8, 6, 5, 6, 1, 8, 6, 2, 6, 3, 5, 2, 4, 11, 8, 5, 1, 0]",10,,,0.0,Infeasible
85,j20,9,5,"[0, 5, 1, 11, 9, 4, 5, 9, 1, 12, 10, 6, 6, 2, 6, 4, 4, 11, 6, 7, 2, 0]",10,,,0.0,Infeasible
86,j20,9,6,"[0, 5, 1, 7, 6, 6, 2, 9, 1, 10, 7, 6, 6, 2, 4, 5, 5, 8, 8, 7, 3, 0]",10,,,0.00999999,Infeasible
87,j20,9,7,"[0, 4, 1, 12, 6, 5, 4, 7, 1, 12, 11, 3, 7, 6, 2, 4, 5, 8, 5, 7, 3, 0]",10,0.0,91.0,0.0799999,Optimal
88,j20,9,8,"[0, 2, 1, 11, 6, 5, 3, 5, 2, 9, 7, 3, 9, 6, 5, 4, 4, 9, 4, 6, 2, 0]",10,0.0,84.0,0.0600002,Optimal
89,j20,9,9,"[0, 4, 1, 11, 11, 8, 3, 5, 2, 6, 11, 5, 6, 3, 2, 4, 4, 10, 6, 6, 1, 0]",10,,,0.0,Infeasible
90,j20,10,0,"[0, 6, 10, 2, 5, 3, 5, 2, 1, 5, 1, 2, 4, 2, 8, 5, 8, 3, 1, 8, 3, 0]",10,,,0.0,Infeasible
91,j20,10,1,"[0, 5, 10, 5, 2, 4, 6, 2, 1, 4, 1, 4, 8, 2, 5, 3, 4, 3, 2, 5, 2, 0]",10,,,0.0,Infeasible
92,j20,10,2,"[0, 3, 10, 3, 2, 2, 5, 2, 1, 4, 1, 3, 4, 1, 7, 4, 5, 3, 2, 8, 1, 0]",10,,,0.0,Infeasible
93,j20,10,3,"[0, 4, 9, 6, 4, 6, 2, 2, 1, 5, 1, 3, 6, 2, 4, 2, 5, 4, 2, 6, 2, 0]",10,,,0.0,Infeasible
94,j20,10,4,"[0, 3, 12, 3, 5, 6, 5, 2, 1, 3, 1, 5, 4, 1, 6, 4, 5, 5, 1, 6, 3, 0]",10,,,0.0,Infeasible
95,j20,10,5,"[0, 3, 6, 3, 3, 5, 2, 1, 1, 3, 1, 3, 8, 2, 6, 2, 7, 5, 2, 4, 1, 0]",10,0.0,64.0,0.0800002,Optimal
96,j20,10,6,"[0, 6, 10, 6, 5, 6, 3, 1, 1, 2, 1, 4, 4, 2, 6, 5, 8, 3, 2, 5, 1, 0]",10,,,0.00999999,Infeasible
97,j20,10,7,"[0, 5, 10, 6, 2, 6, 3, 1, 1, 2, 1, 3, 4, 1, 7, 3, 6, 6, 1, 6, 3, 0]",10,,,0.00999999,Infeasible
98,j20,10,8,"[0, 3, 7, 4, 4, 4, 2, 1, 1, 5, 1, 3, 5, 1, 8, 4, 4, 3, 1, 5, 2, 0]",10,0.0,66.0,0.0500002,Optimal
99,j20,10,9,"[0, 7, 8, 2, 5, 2, 3, 2, 1, 5, 1, 2, 5, 2, 5, 3, 8, 6, 2, 4, 1, 0]",10,,,0.0,Infeasible
100,j20,11,0,"[0, 1, 3, 9, 9, 4, 3, 2, 11, 5, 2, 1, 3, 6, 6, 4, 5, 9, 4, 11, 7, 0]",10,,,0.00999999,Infeasible
101,j20,11,1,"[0, 1, 2, 9, 9, 6, 6, 2, 8, 2, 5, 2, 3, 2, 3, 4, 4, 6, 2, 10, 6, 0]",10,0.0,43.0,0.0100002,Optimal
102,j20,11,2,"[0, 1, 2, 6, 8, 6, 3, 1, 9, 4, 3, 2, 3, 5, 6, 3, 4, 8, 2, 8, 9, 0]",10,0.0,46.0,0.0599999,Optimal
103,j20,11,3,"[0, 1, 2, 11, 8, 5, 4, 2, 6, 2, 3, 3, 4, 3, 2, 4, 6, 9, 5, 11, 6, 0]",10,0.0,48.0,0.04,Optimal
104,j20,11,4,"[0, 1, 5, 12, 5, 4, 4, 1, 7, 5, 5, 1, 4, 2, 2, 4, 4, 8, 2, 6, 9, 0]",10,,,0.00999999,Infeasible
105,j20,11,5,"[0, 1, 3, 12, 7, 8, 5, 2, 9, 5, 3, 1, 5, 6, 5, 7, 7, 9, 3, 6, 9, 0]",10,,,0.00999999,Infeasible
106,j20,11,6,"[0, 1, 4, 6, 7, 8, 3, 2, 7, 2, 4, 1, 6, 2, 6, 4, 7, 6, 2, 8, 8, 0]",10,0.0,43.0,0.05,Optimal
107,j20,11,7,"[0, 1, 3, 8, 9, 8, 4, 1, 6, 3, 4, 3, 4, 2, 3, 5, 7, 5, 4, 11, 6, 0]",10,0.0,53.0,0.0700002,Optimal
108,j20,11,8,"[0, 1, 4, 7, 9, 6, 2, 2, 11, 2, 3, 2, 2, 3, 5, 4, 4, 9, 2, 9, 5, 0]",10,0.0,43.0,0.00999999,Optimal
109,j20,11,9,"[0, 1, 5, 6, 8, 5, 4, 2, 11, 3, 2, 2, 2, 2, 5, 4, 4, 5, 4, 11, 5, 0]",10,0.0,45.0,0.0799999,Optimal
110,j20,12,0,"[0, 2, 9, 1, 5, 5, 5, 9, 11, 4, 1, 1, 2, 7, 1, 6, 7, 4, 6, 4, 1, 0]",10,,,0.0,Infeasible
111,j20,12,1,"[0, 1, 9, 1, 7, 2, 6, 10, 7, 5, 1, 2, 3, 3, 1, 3, 7, 3, 3, 2, 1, 0]",10,,,0.0,Infeasible
112,j20,12,2,"[0, 1, 7, 1, 5, 3, 7, 8, 7, 4, 1, 1, 3, 4, 1, 3, 9, 6, 2, 3, 1, 0]",10,,,0.0,Infeasible
113,j20,12,3,"[0, 2, 10, 1, 9, 2, 7, 7, 8, 4, 1, 1, 2, 5, 1, 4, 7, 2, 3, 5, 1, 0]",10,,,0.0,Infeasible
114,j20,12,4,"[0, 2, 12, 2, 9, 5, 5, 9, 6, 4, 1, 1, 3, 4, 1, 5, 10, 4, 2, 2, 1, 0]",10,,,0.00999999,Infeasible
115,j20,12,5,"[0, 2, 7, 2, 8, 2, 4, 11, 11, 8, 1, 2, 3, 5, 1, 6, 9, 5, 2, 5, 1, 0]",10,,,0.00999999,Infeasible
116,j20,12,6,"[0, 1, 9, 1, 9, 5, 8, 7, 6, 8, 1, 1, 1, 5, 1, 6, 7, 3, 2, 4, 1, 0]",10,,,0.00999999,Infeasible
117,j20,12,7,"[0, 1, 10, 1, 9, 3, 8, 7, 6, 6, 1, 2, 2, 5, 1, 6, 10, 4, 4, 2, 1, 0]",10,,,0.0,Infeasible
118,j20,12,8,"[0, 2, 8, 1, 7, 5, 4, 12, 11, 5, 1, 1, 1, 3, 1, 3, 8, 3, 6, 4, 1, 0]",10,,,0.00999999,Infeasible
119,j20,12,9,"[0, 1, 11, 1, 6, 3, 4, 7, 9, 5, 1, 2, 3, 7, 1, 6, 9, 2, 5, 2, 1, 0]",10,,,0.0,Infeasible
120,j20,13,0,"[0, 7, 10, 5, 3, 2, 2, 2, 1, 6, 6, 7, 2, 9, 1, 4, 1, 10, 4, 6, 1, 0]",10,0.0,52.0,0.03,Optimal
121,j20,13,1,"[0, 7, 10, 7, 6, 2, 3, 1, 1, 7, 6, 3, 3, 6, 1, 4, 2, 11, 4, 5, 2, 0]",10,0.0,51.0,0.00999999,Optimal
122,j20,13,2,"[0, 4, 10, 6, 2, 1, 2, 2, 3, 7, 5, 6, 3, 6, 1, 4, 2, 10, 2, 5, 1, 0]",10,0.0,49.0,0.02,Optimal
123,j20,13,3,"[0, 6, 10, 5, 5, 2, 3, 2, 1, 10, 6, 5, 3, 6, 1, 3, 1, 7, 5, 8, 2, 0]",10,0.0,52.0,0.0,Optimal
124,j20,13,4,"[0, 5, 9, 5, 2, 1, 3, 2, 2, 9, 9, 5, 3, 5, 1, 3, 2, 7, 3, 7, 1, 0]",10,0.0,49.0,0.00999999,Optimal
125,j20,13,5,"[0, 4, 11, 9, 4, 1, 2, 2, 2, 6, 8, 7, 1, 9, 1, 7, 2, 6, 2, 6, 1, 0]",10,0.0,48.0,0.00999999,Optimal
126,j20,13,6,"[0, 6, 10, 6, 3, 1, 3, 1, 1, 6, 9, 4, 3, 9, 1, 4, 1, 8, 5, 5, 3, 0]",10,0.0,51.0,0.00999999,Optimal
127,j20,13,7,"[0, 8, 10, 7, 4, 1, 1, 2, 3, 12, 7, 3, 3, 6, 1, 5, 1, 12, 2, 5, 3, 0]",10,0.0,51.0,0.00999999,Optimal
128,j20,13,8,"[0, 5, 11, 9, 4, 1, 2, 1, 2, 11, 5, 4, 2, 6, 1, 7, 1, 9, 4, 4, 1, 0]",10,0.0,49.0,0.00999999,Optimal
129,j20,13,9,"[0, 7, 7, 7, 6, 2, 1, 2, 1, 11, 8, 4, 2, 5, 1, 3, 1, 8, 3, 7, 1, 0]",10,0.0,51.0,0.00999999,Optimal
130,j20,14,0,"[0, 7, 10, 4, 2, 3, 5, 3, 3, 2, 1, 10, 8, 5, 8, 8, 4, 9, 1, 6, 1, 0]",10,,,10.0,Unknown
131,j20,14,1,"[0, 6, 10, 6, 1, 3, 3, 3, 4, 2, 1, 11, 5, 5, 6, 8, 3, 5, 1, 3, 2, 0]",10,0.0,42.0,0.03,Optimal
132,j20,14,2,"[0, 7, 8, 5, 1, 5, 3, 4, 6, 1, 1, 6, 5, 7, 10, 6, 6, 5, 1, 6, 2, 0]",10,0.0,43.0,0.02,Optimal
133,j20,14,3,"[0, 6, 6, 8, 2, 4, 4, 4, 3, 1, 1, 7, 7, 8, 9, 5, 5, 5, 1, 3, 3, 0]",10,0.0,47.0,0.04,Optimal
134,j20,14,4,"[0, 6, 7, 7, 1, 4, 2, 3, 4, 2, 1, 11, 7, 4, 6, 8, 4, 9, 1, 6, 2, 0]",10,,,10.0,Unknown
135,j20,14,5,"[0, 7, 11, 4, 2, 6, 5, 7, 7, 2, 1, 11, 8, 5, 6, 8, 4, 5, 1, 5, 1, 0]",10,0.0,49.0,0.05,Optimal
136,j20,14,6,"[0, 5, 7, 4, 1, 6, 6, 3, 7, 2, 1, 10, 5, 4, 8, 7, 3, 7, 1, 7, 1, 0]",10,,,10.0,Unknown
137,j20,14,7,"[0, 6, 8, 4, 2, 4, 4, 3, 4, 1, 1, 10, 4, 5, 8, 5, 6, 7, 1, 3, 2, 0]",10,0.0,43.0,0.00999999,Optimal
138,j20,14,8,"[0, 4, 7, 4, 2, 5, 3, 4, 7, 1, 1, 9, 4, 7, 6, 7, 3, 7, 1, 7, 2, 0]",10,,,10.0,Unknown
139,j20,14,9,"[0, 4, 11, 4, 2, 5, 3, 4, 3, 1, 1, 11, 4, 8, 8, 7, 6, 7, 1, 3, 2, 0]",10,,,10.0,Unknown
140,j20,15,0,"[0, 3, 7, 1, 5, 2, 9, 11, 2, 6, 7, 10, 2, 8, 4, 8, 1, 12, 3, 1, 1, 0]",10,0.0,90.0,0.03,Optimal
141,j20,15,1,"[0, 2, 7, 1, 7, 1, 11, 8, 6, 7, 7, 12, 1, 5, 4, 11, 1, 7, 3, 1, 1, 0]",10,0.0,96.0,0.03,Optimal
142,j20,15,2,"[0, 2, 5, 1, 5, 2, 9, 8, 3, 6, 12, 9, 1, 5, 4, 9, 1, 6, 3, 2, 1, 0]",10,0.0,91.0,0.00999999,Optimal
143,j20,15,3,"[0, 2, 6, 1, 5, 2, 9, 7, 4, 6, 10, 7, 2, 6, 5, 7, 1, 12, 3, 2, 1, 0]",10,0.0,89.0,0.03,Optimal
144,j20,15,4,"[0, 5, 8, 2, 6, 3, 6, 6, 4, 8, 7, 9, 1, 6, 3, 6, 2, 7, 3, 2, 1, 0]",10,0.0,88.0,0.04,Optimal
145,j20,15,5,"[0, 5, 4, 1, 9, 2, 12, 8, 6, 9, 11, 9, 2, 4, 6, 10, 2, 10, 4, 1, 1, 0]",10,0.0,93.0,0.00999999,Optimal
146,j20,15,6,"[0, 5, 8, 2, 5, 1, 8, 6, 4, 10, 7, 7, 1, 6, 7, 10, 1, 10, 3, 1, 1, 0]",10,0.0,93.0,0.0599999,Optimal
147,j20,15,7,"[0, 2, 5, 1, 7, 2, 8, 10, 6, 8, 8, 12, 1, 5, 5, 12, 1, 8, 5, 2, 1, 0]",10,0.0,97.0,0.05,Optimal
148,j20,15,8,"[0, 2, 5, 3, 9, 3, 6, 11, 3, 8, 7, 11, 1, 6, 3, 11, 1, 7, 3, 2, 1, 0]",10,0.0,94.0,0.05,Optimal
149,j20,15,9,"[0, 2, 5, 2, 6, 3, 11, 10, 6, 9, 12, 11, 1, 7, 3, 9, 2, 8, 5, 2, 1, 0]",10,0.0,95.0,0.02,Optimal
150,j20,16,0,"[0, 6, 10, 6, 2, 5, 11, 6, 5, 2, 2, 2, 1, 4, 1, 1, 5, 1, 6, 1, 7, 0]",10,0.0,46.0,0.00999999,Optimal
151,j20,16,1,"[0, 7, 9, 10, 3, 2, 11, 8, 9, 2, 3, 3, 1, 4, 1, 1, 5, 2, 3, 1, 6, 0]",10,0.0,51.0,0.02,Optimal
152,j20,16,2,"[0, 3, 10, 7, 1, 2, 11, 9, 7, 2, 2, 3, 2, 5, 1, 1, 5, 2, 5, 1, 9, 0]",10,0.0,48.0,0.0,Optimal
153,j20,16,3,"[0, 3, 7, 9, 1, 4, 10, 6, 8, 2, 4, 1, 1, 3, 1, 1, 6, 2, 4, 1, 6, 0]",10,0.0,43.0,0.00999999,Optimal
154,j20,16,4,"[0, 3, 12, 7, 3, 5, 11, 10, 8, 2, 3, 3, 1, 2, 1, 1, 6, 1, 3, 1, 8, 0]",10,0.0,51.0,0.00999999,Optimal
155,j20,16,5,"[0, 7, 8, 6, 1, 5, 7, 7, 8, 1, 2, 2, 2, 4, 1, 1, 8, 2, 4, 1, 9, 0]",10,0.0,44.0,0.00999999,Optimal
156,j20,16,6,"[0, 6, 11, 9, 2, 2, 9, 10, 8, 1, 4, 1, 2, 5, 1, 1, 8, 2, 2, 1, 9, 0]",10,0.0,51.0,0.00999999,Optimal
157,j20,16,7,"[0, 5, 6, 11, 3, 5, 10, 7, 6, 1, 4, 1, 1, 2, 1, 1, 8, 2, 6, 1, 6, 0]",10,0.0,47.0,0.00999999,Optimal
158,j20,16,8,"[0, 3, 8, 9, 2, 4, 10, 10, 7, 3, 4, 1, 2, 4, 1, 1, 6, 2, 2, 1, 6, 0]",10,0.0,47.0,0.00999999,Optimal
159,j20,16,9,"[0, 5, 10, 6, 3, 3, 11, 7, 7, 2, 3, 1, 1, 2, 1, 1, 4, 2, 2, 1, 6, 0]",10,0.0,47.0,0.00999999,Optimal
160,j20,17,0,"[0, 7, 1, 2, 2, 5, 5, 2, 1, 5, 1, 2, 3, 2, 2, 9, 1, 1, 3, 1, 9, 0]",10,0.0,48.0,0.0599999,Optimal
161,j20,17,1,"[0, 6, 1, 2, 5, 2, 6, 1, 1, 7, 1, 2, 5, 5, 2, 6, 2, 1, 4, 1, 6, 0]",10,0.0,42.0,0.0400002,Optimal
162,j20,17,2,"[0, 5, 1, 5, 3, 3, 4, 1, 1, 6, 1, 2, 2, 3, 3, 6, 1, 1, 4, 2, 8, 0]",10,0.0,44.0,0.04,Optimal
163,j20,17,3,"[0, 5, 1, 3, 5, 2, 4, 2, 1, 8, 1, 2, 4, 2, 1, 8, 2, 1, 4, 2, 5, 0]",10,0.0,43.0,0.05,Optimal
164,j20,17,4,"[0, 8, 1, 3, 4, 5, 6, 2, 1, 5, 1, 4, 3, 5, 3, 9, 2, 1, 3, 2, 8, 0]",10,0.0,48.0,0.0899999,Optimal
165,j20,17,5,"[0, 4, 1, 2, 4, 4, 5, 1, 1, 7, 1, 4, 4, 2, 1, 6, 2, 1, 3, 2, 5, 0]",10,0.0,41.0,0.00999999,Optimal
166,j20,17,6,"[0, 4, 1, 3, 6, 3, 6, 1, 1, 8, 1, 3, 5, 5, 2, 5, 2, 1, 2, 2, 9, 0]",10,0.0,44.0,0.0400002,Optimal
167,j20,17,7,"[0, 8, 1, 5, 6, 3, 4, 1, 1, 7, 1, 2, 3, 4, 1, 6, 2, 1, 3, 1, 7, 0]",10,0.0,43.0,0.04,Optimal
168,j20,17,8,"[0, 8, 1, 2, 2, 2, 5, 3, 1, 9, 1, 3, 2, 4, 2, 7, 1, 1, 2, 2, 7, 0]",10,0.0,44.0,0.00999999,Optimal
169,j20,17,9,"[0, 6, 1, 4, 2, 3, 6, 3, 1, 7, 1, 5, 5, 2, 3, 6, 1, 1, 2, 1, 5, 0]",10,0.0,41.0,0.00999999,Optimal
170,j20,18,0,"[0, 3, 2, 10, 3, 2, 7, 4, 3, 5, 7, 7, 4, 5, 9, 3, 6, 7, 5, 1, 2, 0]",10,0.0,33.0,0.00999999,Optimal
171,j20,18,1,"[0, 4, 1, 11, 5, 1, 5, 5, 3, 5, 4, 4, 4, 3, 9, 2, 4, 3, 5, 1, 5, 0]",10,0.0,34.0,0.00999999,Optimal
172,j20,18,2,"[0, 4, 2, 6, 6, 3, 5, 5, 6, 8, 3, 4, 6, 7, 7, 1, 4, 6, 3, 1, 4, 0]",10,0.0,36.0,0.00999999,Optimal
173,j20,18,3,"[0, 5, 1, 10, 4, 3, 6, 5, 3, 5, 6, 7, 6, 4, 8, 3, 4, 3, 4, 1, 4, 0]",10,0.0,35.0,0.00999999,Optimal
174,j20,18,4,"[0, 5, 2, 7, 6, 1, 6, 4, 3, 5, 4, 6, 3, 3, 9, 2, 6, 7, 5, 1, 3, 0]",10,0.0,33.0,0.0,Optimal
175,j20,18,5,"[0, 5, 2, 11, 3, 1, 7, 8, 7, 8, 4, 3, 7, 5, 5, 2, 6, 7, 3, 1, 5, 0]",10,0.0,35.0,0.00999999,Optimal
176,j20,18,6,"[0, 3, 1, 8, 7, 1, 4, 8, 4, 8, 4, 3, 5, 6, 6, 3, 8, 7, 4, 1, 4, 0]",10,0.0,36.0,0.00999999,Optimal
177,j20,18,7,"[0, 4, 1, 7, 5, 3, 6, 4, 4, 6, 7, 3, 4, 5, 6, 2, 8, 5, 2, 1, 5, 0]",10,0.0,34.0,0.02,Optimal
178,j20,18,8,"[0, 3, 1, 7, 3, 2, 7, 5, 4, 8, 7, 6, 3, 6, 5, 2, 6, 7, 2, 1, 3, 0]",10,0.0,34.0,0.00999999,Optimal
179,j20,18,9,"[0, 2, 2, 9, 4, 2, 4, 4, 7, 6, 6, 7, 5, 3, 8, 2, 5, 5, 6, 1, 5, 0]",10,0.0,37.0,0.02,Optimal
180,j20,19,0,"[0, 11, 2, 1, 9, 1, 5, 7, 6, 5, 3, 1, 1, 6, 10, 1, 8, 3, 4, 1, 4, 0]",10,0.0,34.0,0.00999999,Optimal
181,j20,19,1,"[0, 11, 1, 1, 9, 2, 2, 8, 7, 7, 7, 1, 1, 6, 7, 1, 4, 3, 3, 2, 4, 0]",10,0.0,35.0,0.00999999,Optimal
182,j20,19,2,"[0, 7, 2, 1, 5, 1, 3, 6, 3, 8, 5, 1, 1, 6, 6, 1, 7, 3, 3, 1, 2, 0]",10,0.0,34.0,0.0700002,Optimal
183,j20,19,3,"[0, 7, 2, 1, 9, 1, 2, 6, 6, 6, 5, 1, 1, 5, 10, 1, 5, 4, 4, 2, 2, 0]",10,0.0,34.0,0.03,Optimal
184,j20,19,4,"[0, 12, 2, 1, 8, 2, 4, 11, 7, 8, 4, 1, 1, 8, 6, 1, 4, 4, 4, 2, 5, 0]",10,0.0,33.0,0.00999999,Optimal
185,j20,19,5,"[0, 9, 1, 1, 7, 1, 4, 6, 3, 6, 4, 1, 1, 8, 6, 1, 4, 6, 4, 1, 5, 0]",10,0.0,33.0,0.02,Optimal
186,j20,19,6,"[0, 11, 2, 1, 5, 2, 2, 9, 7, 9, 7, 1, 1, 6, 6, 1, 8, 4, 2, 2, 4, 0]",10,0.0,36.0,0.00999999,Optimal
187,j20,19,7,"[0, 10, 2, 1, 6, 1, 4, 10, 7, 5, 7, 1, 1, 6, 10, 1, 5, 2, 4, 2, 4, 0]",10,0.0,34.0,0.00999999,Optimal
188,j20,19,8,"[0, 10, 1, 1, 7, 1, 4, 6, 4, 7, 5, 1, 1, 5, 11, 1, 5, 4, 6, 3, 2, 0]",10,0.0,34.0,0.00999999,Optimal
189,j20,19,9,"[0, 12, 2, 1, 6, 1, 3, 11, 7, 7, 3, 1, 1, 5, 7, 1, 4, 3, 5, 2, 3, 0]",10,0.0,32.0,0.02,Optimal
190,j20,20,0,"[0, 1, 11, 8, 9, 1, 3, 2, 11, 5, 3, 1, 4, 3, 1, 5, 3, 2, 5, 6, 1, 0]",10,,,0.00999999,Infeasible
191,j20,20,1,"[0, 1, 11, 7, 9, 2, 6, 1, 10, 3, 5, 1, 8, 3, 2, 5, 4, 2, 5, 5, 2, 0]",10,,,0.0,Infeasible
192,j20,20,2,"[0, 1, 11, 6, 6, 1, 6, 2, 6, 2, 6, 1, 6, 3, 1, 4, 5, 5, 5, 5, 2, 0]",10,0.0,35.0,0.00999999,Optimal
193,j20,20,3,"[0, 1, 10, 5, 6, 2, 6, 1, 10, 2, 6, 1, 5, 4, 1, 2, 3, 5, 6, 6, 2, 0]",10,0.0,39.0,0.04,Optimal
194,j20,20,4,"[0, 1, 6, 6, 8, 2, 6, 2, 11, 3, 6, 1, 4, 2, 3, 4, 5, 5, 5, 7, 1, 0]",10,,,0.00999999,Infeasible
195,j20,20,5,"[0, 1, 8, 5, 5, 2, 3, 2, 11, 5, 3, 1, 4, 6, 2, 4, 4, 2, 7, 7, 2, 0]",10,0.0,39.0,0.0599999,Optimal
196,j20,20,6,"[0, 1, 11, 5, 8, 1, 5, 1, 12, 2, 7, 1, 5, 2, 1, 4, 2, 3, 6, 8, 2, 0]",10,,,0.0,Infeasible
197,j20,20,7,"[0, 1, 7, 5, 7, 1, 6, 1, 10, 3, 7, 1, 5, 2, 3, 5, 3, 4, 8, 8, 2, 0]",10,0.0,42.0,0.0699999,Optimal
198,j20,20,8,"[0, 1, 8, 7, 5, 2, 4, 1, 12, 4, 3, 1, 5, 4, 1, 4, 2, 4, 5, 6, 2, 0]",10,0.0,39.0,0.04,Optimal
199,j20,20,9,"[0, 1, 11, 9, 7, 1, 2, 2, 11, 5, 3, 1, 5, 5, 2, 3, 4, 3, 8, 8, 2, 0]",10,0.0,43.0,0.0999999,Optimal
200,j20,21,0,"[0, 7, 6, 1, 1, 4, 9, 11, 2, 6, 2, 10, 1, 7, 4, 5, 6, 4, 7, 1, 1, 0]",10,0.0,31.0,0.00999999,Optimal
201,j20,21,1,"[0, 6, 6, 1, 2, 5, 10, 7, 3, 6, 1, 11, 1, 4, 4, 4, 3, 2, 7, 2, 1, 0]",10,0.0,30.0,0.00999999,Optimal
202,j20,21,2,"[0, 4, 2, 1, 2, 6, 8, 7, 2, 9, 1, 11, 1, 4, 4, 6, 6, 2, 4, 1, 1, 0]",10,0.0,31.0,0.00999999,Optimal
203,j20,21,3,"[0, 6, 6, 1, 1, 6, 7, 8, 2, 10, 2, 8, 1, 5, 4, 3, 3, 5, 7, 2, 1, 0]",10,0.0,30.0,0.00999999,Optimal
204,j20,21,4,"[0, 5, 5, 1, 1, 3, 6, 8, 4, 7, 2, 9, 1, 7, 5, 3, 2, 3, 4, 2, 1, 0]",10,0.0,30.0,0.00999999,Optimal
205,j20,21,5,"[0, 7, 2, 1, 1, 7, 11, 8, 6, 9, 2, 9, 1, 3, 6, 7, 5, 6, 7, 2, 1, 0]",10,0.0,31.0,0.0,Optimal
206,j20,21,6,"[0, 8, 3, 1, 1, 7, 8, 6, 4, 10, 2, 7, 1, 3, 5, 7, 6, 2, 7, 2, 1, 0]",10,0.0,31.0,0.00999999,Optimal
207,j20,21,7,"[0, 8, 3, 1, 1, 5, 9, 7, 4, 10, 1, 8, 1, 5, 3, 4, 4, 4, 3, 3, 1, 0]",10,0.0,30.0,0.00999999,Optimal
208,j20,21,8,"[0, 5, 4, 1, 1, 3, 11, 11, 3, 8, 2, 11, 1, 7, 5, 3, 2, 3, 3, 2, 1, 0]",10,0.0,30.0,0.00999999,Optimal
209,j20,21,9,"[0, 7, 3, 1, 2, 7, 10, 9, 2, 9, 2, 6, 1, 6, 4, 5, 6, 2, 3, 2, 1, 0]",10,0.0,31.0,0.00999999,Optimal
210,j20,22,0,"[0, 6, 1, 1, 10, 5, 5, 9, 2, 1, 2, 6, 6, 3, 4, 1, 2, 4, 10, 2, 2, 0]",10,0.0,37.0,0.00999999,Optimal
211,j20,22,1,"[0, 5, 1, 1, 10, 7, 8, 7, 3, 3, 1, 3, 3, 3, 3, 1, 2, 6, 7, 1, 2, 0]",10,0.0,37.0,0.00999999,Optimal
212,j20,22,2,"[0, 6, 1, 1, 8, 6, 4, 9, 3, 2, 1, 2, 3, 5, 2, 1, 4, 6, 6, 2, 5, 0]",10,0.0,38.0,0.0,Optimal
213,j20,22,3,"[0, 4, 1, 1, 8, 5, 8, 7, 4, 3, 2, 2, 3, 5, 5, 1, 4, 6, 9, 2, 3, 0]",10,0.0,39.0,0.00999999,Optimal
214,j20,22,4,"[0, 6, 1, 1, 12, 5, 4, 8, 4, 2, 1, 4, 2, 2, 5, 1, 5, 3, 7, 2, 5, 0]",10,0.0,38.0,0.00999999,Optimal
215,j20,22,5,"[0, 3, 1, 1, 6, 9, 6, 10, 5, 2, 2, 2, 5, 6, 5, 1, 2, 6, 11, 1, 3, 0]",10,0.0,38.0,0.00999999,Optimal
216,j20,22,6,"[0, 3, 1, 1, 10, 7, 4, 11, 4, 1, 2, 3, 2, 4, 2, 1, 2, 2, 10, 2, 4, 0]",10,0.0,37.0,0.0,Optimal
217,j20,22,7,"[0, 7, 1, 1, 7, 5, 6, 9, 3, 3, 1, 6, 4, 4, 4, 1, 2, 3, 8, 1, 4, 0]",10,0.0,37.0,0.00999999,Optimal
218,j20,22,8,"[0, 5, 1, 1, 6, 6, 6, 10, 2, 3, 2, 3, 4, 3, 3, 1, 2, 4, 6, 2, 3, 0]",10,0.0,37.0,0.00999999,Optimal
219,j20,22,9,"[0, 3, 1, 1, 7, 5, 5, 9, 3, 2, 3, 6, 6, 5, 4, 1, 3, 2, 9, 2, 2, 0]",10,0.0,38.0,0.00999999,Optimal
220,j20,23,0,"[0, 2, 9, 10, 1, 7, 1, 9, 1, 11, 1, 2, 7, 10, 2, 1, 4, 4, 7, 1, 3, 0]",10,,,0.0,Infeasible
221,j20,23,1,"[0, 2, 8, 10, 2, 10, 1, 8, 1, 10, 2, 4, 10, 7, 2, 3, 3, 3, 4, 1, 2, 0]",10,,,0.0,Infeasible
222,j20,23,2,"[0, 1, 7, 7, 1, 10, 1, 7, 1, 6, 1, 5, 8, 7, 1, 3, 6, 3, 4, 1, 1, 0]",10,,,0.00999999,Infeasible
223,j20,23,3,"[0, 1, 7, 9, 1, 8, 1, 10, 1, 6, 2, 5, 7, 8, 1, 1, 4, 4, 5, 1, 2, 0]",10,,,0.0100002,Infeasible
224,j20,23,4,"[0, 1, 7, 9, 2, 12, 1, 11, 1, 10, 2, 3, 9, 6, 1, 3, 5, 3, 6, 1, 1, 0]",10,,,0.0,Infeasible
225,j20,23,5,"[0, 1, 6, 6, 2, 7, 1, 7, 1, 11, 1, 2, 11, 11, 3, 1, 5, 6, 6, 1, 2, 0]",10,,,0.0,Infeasible
226,j20,23,6,"[0, 2, 11, 6, 2, 10, 1, 9, 1, 10, 3, 6, 11, 10, 2, 1, 7, 4, 3, 1, 2, 0]",10,,,0.00999999,Infeasible
227,j20,23,7,"[0, 1, 10, 7, 2, 7, 1, 6, 1, 8, 1, 6, 6, 10, 2, 3, 7, 3, 3, 1, 3, 0]",10,,,0.0,Infeasible
228,j20,23,8,"[0, 2, 7, 8, 1, 10, 1, 8, 1, 8, 3, 2, 7, 8, 3, 3, 5, 2, 4, 1, 3, 0]",10,,,0.00999999,Infeasible
229,j20,23,9,"[0, 1, 6, 11, 2, 7, 1, 8, 1, 7, 2, 6, 8, 6, 2, 1, 4, 2, 4, 1, 2, 0]",10,,,0.00999999,Infeasible
230,j20,24,0,"[0, 1, 11, 6, 1, 6, 1, 6, 9, 3, 2, 2, 5, 3, 10, 1, 11, 6, 1, 3, 6, 0]",10,0.0,49.0,0.00999999,Optimal
231,j20,24,1,"[0, 1, 10, 5, 1, 6, 1, 7, 10, 3, 1, 4, 9, 3, 7, 1, 6, 3, 2, 5, 5, 0]",10,0.0,47.0,0.00999999,Optimal
232,j20,24,2,"[0, 1, 7, 3, 1, 6, 2, 5, 6, 3, 2, 4, 6, 2, 12, 1, 9, 3, 2, 5, 8, 0]",10,0.0,47.0,0.00999999,Optimal
233,j20,24,3,"[0, 1, 6, 4, 1, 5, 1, 7, 10, 2, 2, 5, 6, 4, 6, 1, 10, 3, 2, 4, 6, 0]",10,0.0,48.0,0.0,Optimal
234,j20,24,4,"[0, 1, 7, 3, 1, 3, 3, 9, 9, 3, 2, 5, 5, 2, 8, 1, 8, 3, 2, 5, 8, 0]",10,0.0,47.0,0.0,Optimal
235,j20,24,5,"[0, 1, 8, 3, 1, 2, 2, 6, 11, 5, 1, 2, 9, 4, 10, 1, 9, 5, 2, 3, 4, 0]",10,0.0,47.0,0.0,Optimal
236,j20,24,6,"[0, 1, 9, 7, 1, 5, 1, 9, 11, 2, 2, 2, 9, 4, 6, 1, 11, 4, 2, 2, 5, 0]",10,0.0,49.0,0.00999999,Optimal
237,j20,24,7,"[0, 1, 7, 3, 1, 4, 1, 9, 6, 2, 2, 6, 6, 2, 8, 1, 9, 3, 1, 2, 8, 0]",10,0.0,47.0,0.00999999,Optimal
238,j20,24,8,"[0, 1, 8, 5, 1, 2, 2, 7, 8, 5, 2, 2, 6, 4, 10, 1, 6, 3, 1, 3, 8, 0]",10,0.0,47.0,0.00999999,Optimal
239,j20,24,9,"[0, 1, 8, 3, 1, 2, 2, 5, 7, 5, 2, 3, 9, 6, 9, 1, 11, 2, 2, 5, 4, 0]",10,0.0,49.0,0.00999999,Optimal
240,j20,25,0,"[0, 2, 1, 2, 3, 5, 5, 1, 3, 7, 2, 11, 1, 7, 7, 8, 12, 3, 4, 1, 1, 0]",10,0.0,30.0,0.0100002,Optimal
241,j20,25,1,"[0, 2, 1, 4, 6, 3, 7, 1, 7, 7, 3, 6, 3, 11, 6, 5, 11, 4, 3, 1, 2, 0]",10,0.0,28.0,0.00999999,Optimal
242,j20,25,2,"[0, 1, 1, 3, 2, 2, 8, 1, 5, 7, 2, 9, 3, 11, 6, 5, 9, 2, 2, 1, 2, 0]",10,0.0,31.0,0.00999999,Optimal
243,j20,25,3,"[0, 2, 1, 4, 6, 2, 8, 1, 4, 8, 5, 6, 1, 7, 7, 6, 7, 2, 4, 1, 2, 0]",10,0.0,27.0,0.00999999,Optimal
244,j20,25,4,"[0, 2, 3, 5, 6, 5, 6, 1, 6, 12, 2, 6, 3, 8, 6, 7, 10, 4, 4, 1, 1, 0]",10,0.0,26.0,0.00999999,Optimal
245,j20,25,5,"[0, 1, 1, 5, 3, 3, 8, 1, 3, 6, 3, 11, 3, 10, 7, 8, 9, 3, 5, 1, 2, 0]",10,0.0,32.0,0.00999999,Optimal
246,j20,25,6,"[0, 2, 1, 5, 6, 5, 9, 1, 7, 11, 2, 7, 1, 10, 7, 4, 11, 4, 5, 1, 1, 0]",10,0.0,29.0,0.00999999,Optimal
247,j20,25,7,"[0, 2, 2, 2, 4, 2, 9, 1, 3, 10, 3, 10, 2, 6, 7, 7, 7, 4, 2, 1, 1, 0]",10,0.0,28.0,0.00999999,Optimal
248,j20,25,8,"[0, 2, 3, 4, 2, 3, 7, 1, 5, 6, 4, 11, 2, 8, 9, 4, 12, 3, 3, 1, 2, 0]",10,0.0,31.0,0.00999999,Optimal
249,j20,25,9,"[0, 1, 2, 3, 6, 4, 5, 1, 3, 7, 3, 6, 2, 9, 6, 5, 12, 3, 2, 1, 1, 0]",10,0.0,26.0,0.0,Optimal
250,j20,26,0,"[0, 3, 8, 10, 1, 6, 1, 2, 2, 6, 2, 6, 8, 4, 7, 1, 5, 10, 9, 8, 8, 0]",10,0.0,42.0,0.00999999,Optimal
251,j20,26,1,"[0, 2, 7, 10, 2, 6, 1, 2, 2, 12, 2, 3, 5, 4, 6, 1, 7, 7, 6, 4, 11, 0]",10,0.0,41.0,0.0,Optimal
252,j20,26,2,"[0, 5, 7, 7, 1, 8, 1, 3, 3, 7, 1, 2, 5, 6, 9, 3, 7, 6, 11, 7, 7, 0]",10,0.0,41.0,0.00999999,Optimal
253,j20,26,3,"[0, 4, 5, 10, 2, 7, 1, 3, 3, 6, 3, 3, 7, 7, 8, 2, 4, 9, 6, 4, 8, 0]",10,0.0,41.0,0.0,Optimal
254,j20,26,4,"[0, 4, 6, 9, 1, 7, 1, 3, 2, 6, 2, 3, 7, 3, 5, 2, 7, 11, 8, 8, 9, 0]",10,0.0,42.0,0.00999999,Optimal
255,j20,26,5,"[0, 3, 8, 11, 1, 8, 1, 1, 5, 10, 3, 6, 8, 4, 5, 1, 5, 6, 11, 6, 10, 0]",10,0.0,41.0,0.00999999,Optimal
256,j20,26,6,"[0, 3, 6, 6, 1, 9, 1, 1, 2, 10, 2, 6, 5, 3, 7, 2, 5, 10, 10, 6, 8, 0]",10,0.0,41.0,0.0,Optimal
257,j20,26,7,"[0, 4, 5, 7, 1, 7, 1, 1, 3, 8, 1, 2, 5, 5, 6, 2, 7, 8, 6, 4, 7, 0]",10,0.0,41.0,0.04,Optimal
258,j20,26,8,"[0, 3, 5, 7, 2, 6, 1, 2, 6, 10, 3, 2, 7, 3, 8, 2, 5, 11, 11, 8, 11, 0]",10,0.0,42.0,0.03,Optimal
259,j20,26,9,"[0, 2, 5, 11, 2, 6, 1, 2, 2, 12, 2, 2, 8, 5, 8, 1, 5, 12, 6, 7, 9, 0]",10,0.0,41.0,0.03,Optimal
260,j20,27,0,"[0, 11, 5, 7, 6, 7, 2, 5, 1, 1, 2, 9, 1, 2, 3, 1, 4, 7, 1, 4, 1, 0]",10,0.0,60.0,0.02,Optimal
261,j20,27,1,"[0, 12, 4, 7, 9, 10, 1, 9, 1, 2, 3, 7, 1, 1, 5, 2, 3, 7, 1, 2, 3, 0]",10,0.0,60.0,0.0100002,Optimal
262,j20,27,2,"[0, 11, 3, 4, 11, 12, 2, 6, 1, 1, 1, 6, 1, 1, 2, 2, 5, 8, 1, 3, 1, 0]",10,0.0,60.0,0.00999999,Optimal
263,j20,27,3,"[0, 12, 5, 4, 7, 9, 1, 5, 1, 2, 1, 7, 1, 1, 2, 2, 5, 7, 1, 4, 1, 0]",10,0.0,60.0,0.00999999,Optimal
264,j20,27,4,"[0, 10, 3, 5, 8, 7, 1, 6, 1, 3, 2, 9, 1, 2, 3, 2, 5, 6, 1, 2, 3, 0]",10,0.0,60.0,0.00999999,Optimal
265,j20,27,5,"[0, 8, 3, 6, 10, 8, 1, 5, 1, 1, 2, 6, 1, 2, 5, 1, 2, 11, 1, 6, 2, 0]",10,0.0,61.0,0.00999999,Optimal
266,j20,27,6,"[0, 12, 4, 7, 9, 11, 2, 5, 1, 1, 1, 9, 1, 2, 5, 2, 2, 7, 1, 2, 1, 0]",10,0.0,60.0,0.00999999,Optimal
267,j20,27,7,"[0, 8, 2, 5, 10, 7, 2, 6, 1, 1, 3, 9, 1, 1, 2, 1, 3, 10, 1, 3, 1, 0]",10,0.0,60.0,0.00999999,Optimal
268,j20,27,8,"[0, 8, 5, 4, 8, 10, 1, 7, 1, 3, 3, 5, 1, 2, 4, 1, 4, 8, 1, 2, 3, 0]",10,0.0,60.0,0.0,Optimal
269,j20,27,9,"[0, 11, 3, 5, 10, 12, 1, 6, 1, 3, 2, 9, 1, 1, 2, 2, 3, 6, 1, 3, 2, 0]",10,0.0,60.0,0.00999999,Optimal
270,j20,28,0,"[0, 7, 8, 4, 2, 5, 6, 11, 5, 2, 3, 10, 2, 2, 9, 1, 3, 1, 2, 11, 8, 0]",10,0.0,35.0,0.00999999,Optimal
271,j20,28,1,"[0, 8, 7, 8, 1, 8, 5, 10, 6, 3, 2, 11, 2, 2, 6, 2, 2, 1, 3, 6, 6, 0]",10,0.0,40.0,0.00999999,Optimal
272,j20,28,2,"[0, 7, 6, 5, 1, 7, 4, 7, 8, 2, 2, 7, 2, 1, 7, 1, 2, 2, 5, 7, 8, 0]",10,0.0,35.0,0.00999999,Optimal
273,j20,28,3,"[0, 4, 8, 5, 2, 6, 5, 7, 5, 4, 3, 9, 2, 1, 9, 2, 3, 2, 4, 6, 6, 0]",10,0.0,33.0,0.03,Optimal
274,j20,28,4,"[0, 6, 6, 5, 2, 7, 7, 8, 5, 2, 3, 7, 2, 2, 5, 1, 6, 2, 4, 8, 10, 0]",10,0.0,36.0,0.02,Optimal
275,j20,28,5,"[0, 7, 7, 4, 2, 8, 6, 10, 9, 5, 6, 7, 1, 1, 7, 1, 4, 2, 2, 7, 7, 0]",10,0.0,37.0,0.03,Optimal
276,j20,28,6,"[0, 4, 6, 8, 1, 4, 7, 7, 9, 3, 2, 8, 2, 2, 7, 1, 6, 2, 4, 8, 6, 0]",10,0.0,33.0,0.0300002,Optimal
277,j20,28,7,"[0, 5, 6, 6, 2, 4, 4, 8, 9, 4, 2, 11, 2, 2, 7, 2, 6, 1, 2, 11, 6, 0]",10,0.0,36.0,0.00999999,Optimal
278,j20,28,8,"[0, 5, 4, 5, 2, 5, 4, 12, 9, 2, 5, 11, 1, 2, 5, 2, 3, 1, 5, 11, 11, 0]",10,0.0,35.0,0.02,Optimal
279,j20,28,9,"[0, 8, 4, 4, 2, 7, 4, 7, 5, 4, 2, 10, 1, 2, 8, 1, 4, 1, 4, 6, 11, 0]",10,0.0,36.0,0.03,Optimal
280,j20,29,0,"[0, 11, 1, 5, 5, 7, 2, 4, 6, 5, 1, 2, 11, 7, 4, 2, 1, 4, 7, 1, 11, 0]",10,0.0,49.0,0.02,Optimal
281,j20,29,1,"[0, 8, 1, 8, 2, 8, 1, 6, 10, 5, 2, 2, 6, 4, 3, 2, 1, 5, 4, 2, 6, 0]",10,0.0,49.0,0.00999999,Optimal
282,j20,29,2,"[0, 10, 2, 5, 2, 11, 3, 5, 6, 7, 3, 2, 7, 4, 5, 1, 1, 2, 4, 2, 10, 0]",10,0.0,49.0,0.00999999,Optimal
283,j20,29,3,"[0, 8, 1, 5, 3, 9, 2, 6, 6, 8, 2, 2, 8, 5, 3, 1, 1, 4, 4, 2, 11, 0]",10,0.0,49.0,0.0,Optimal
284,j20,29,4,"[0, 10, 2, 6, 5, 6, 1, 6, 8, 5, 1, 1, 6, 3, 5, 2, 1, 3, 4, 2, 9, 0]",10,0.0,49.0,0.00999999,Optimal
285,j20,29,5,"[0, 6, 1, 9, 3, 8, 1, 7, 11, 7, 2, 1, 9, 7, 5, 1, 1, 4, 7, 2, 11, 0]",10,0.0,49.0,0.00999999,Optimal
286,j20,29,6,"[0, 10, 2, 5, 2, 8, 1, 6, 10, 5, 2, 1, 8, 7, 2, 1, 1, 2, 4, 1, 10, 0]",10,0.0,49.0,0.00999999,Optimal
287,j20,29,7,"[0, 7, 1, 7, 5, 7, 3, 8, 10, 6, 3, 1, 6, 4, 4, 1, 1, 4, 5, 2, 6, 0]",10,0.0,49.0,0.00999999,Optimal
288,j20,29,8,"[0, 11, 2, 7, 2, 6, 3, 5, 8, 5, 2, 1, 8, 3, 5, 2, 1, 2, 4, 2, 6, 0]",10,0.0,49.0,0.0,Optimal
289,j20,29,9,"[0, 7, 2, 6, 4, 11, 1, 8, 9, 4, 1, 2, 7, 5, 5, 2, 1, 3, 7, 2, 6, 0]",10,0.0,49.0,0.00999999,Optimal
290,j20,30,0,"[0, 1, 3, 2, 10, 5, 2, 1, 6, 3, 5, 2, 3, 10, 6, 12, 7, 4, 1, 7, 7, 0]",10,0.0,54.0,0.05,Optimal
291,j20,30,1,"[0, 1, 2, 2, 10, 7, 1, 1, 5, 2, 6, 3, 5, 12, 2, 12, 11, 3, 1, 4, 6, 0]",10,0.0,55.0,0.04,Optimal
292,j20,30,2,"[0, 1, 3, 1, 10, 6, 1, 1, 3, 3, 8, 5, 4, 7, 2, 12, 9, 3, 1, 4, 8, 0]",10,0.0,41.0,0.0300002,Optimal
293,j20,30,3,"[0, 1, 2, 1, 7, 8, 1, 1, 5, 2, 5, 3, 5, 7, 4, 6, 10, 3, 1, 5, 7, 0]",10,0.0,42.0,0.12,Optimal
294,j20,30,4,"[0, 1, 3, 1, 12, 6, 3, 1, 7, 5, 6, 5, 4, 6, 2, 8, 8, 3, 1, 6, 9, 0]",10,0.0,50.0,0.0500002,Optimal
295,j20,30,5,"[0, 1, 4, 1, 12, 5, 1, 1, 4, 3, 8, 2, 2, 11, 6, 11, 8, 6, 1, 6, 8, 0]",10,0.0,52.0,0.04,Optimal
296,j20,30,6,"[0, 1, 5, 2, 6, 8, 1, 1, 6, 2, 9, 5, 5, 11, 6, 7, 6, 6, 1, 5, 5, 0]",10,0.0,51.0,0.04,Optimal
297,j20,30,7,"[0, 1, 3, 1, 10, 6, 2, 1, 3, 4, 9, 2, 2, 10, 3, 12, 10, 3, 1, 3, 7, 0]",10,0.0,52.0,0.05,Optimal
298,j20,30,8,"[0, 1, 5, 2, 8, 9, 1, 1, 5, 4, 5, 3, 4, 12, 4, 6, 11, 3, 1, 5, 9, 0]",10,0.0,48.0,0.03,Optimal
299,j20,30,9,"[0, 1, 4, 1, 12, 6, 3, 1, 4, 3, 9, 4, 2, 11, 2, 7, 11, 2, 1, 4, 8, 0]",10,0.0,47.0,0.04,Optimal
300,j20,31,0,"[0, 11, 2, 7, 2, 7, 1, 9, 2, 1, 6, 1, 7, 7, 1, 11, 1, 7, 6, 10, 5, 0]",10,,,0.00999999,Infeasible
301,j20,31,1,"[0, 10, 2, 7, 4, 10, 1, 11, 3, 1, 8, 1, 7, 4, 1, 12, 1, 11, 5, 7, 4, 0]",10,,,0.0,Infeasible
302,j20,31,2,"[0, 7, 1, 7, 3, 6, 1, 6, 2, 1, 9, 3, 7, 3, 1, 12, 3, 11, 5, 7, 6, 0]",10,,,10.0,Unknown
303,j20,31,3,"[0, 10, 1, 4, 5, 10, 1, 8, 1, 1, 6, 2, 9, 4, 1, 8, 1, 10, 5, 8, 5, 0]",10,,,0.0,Infeasible
304,j20,31,4,"[0, 7, 1, 4, 5, 11, 1, 10, 2, 1, 7, 3, 6, 3, 1, 8, 3, 7, 7, 10, 5, 0]",10,,,10.0,Unknown
305,j20,31,5,"[0, 6, 1, 4, 3, 11, 1, 9, 1, 1, 6, 2, 11, 7, 1, 11, 3, 8, 8, 9, 6, 0]",10,,,0.00999999,Infeasible
306,j20,31,6,"[0, 11, 1, 6, 6, 9, 1, 10, 3, 1, 10, 2, 10, 4, 1, 6, 1, 8, 4, 11, 5, 0]",10,,,0.00999999,Infeasible
307,j20,31,7,"[0, 10, 2, 4, 2, 8, 1, 10, 1, 1, 6, 1, 7, 7, 1, 7, 1, 8, 7, 7, 5, 0]",10,,,0.00999999,Infeasible
308,j20,31,8,"[0, 10, 1, 5, 4, 6, 1, 7, 3, 1, 12, 3, 8, 3, 1, 12, 2, 7, 6, 10, 3, 0]",10,,,10.0,Unknown
309,j20,31,9,"[0, 11, 2, 4, 4, 7, 1, 11, 1, 1, 8, 1, 11, 3, 1, 7, 2, 6, 5, 9, 4, 0]",10,,,10.0,Unknown
310,j20,32,0,"[0, 2, 1, 2, 5, 5, 3, 2, 4, 2, 3, 10, 1, 2, 7, 7, 4, 6, 1, 5, 10, 0]",10,0.0,57.0,0.42,Optimal
311,j20,32,1,"[0, 2, 1, 4, 8, 4, 2, 2, 5, 3, 2, 12, 1, 2, 4, 7, 5, 3, 1, 4, 6, 0]",10,0.0,59.0,0.55,Optimal
312,j20,32,2,"[0, 1, 2, 2, 4, 5, 5, 1, 5, 2, 5, 12, 1, 2, 4, 7, 5, 6, 1, 3, 7, 0]",10,0.0,59.0,0.25,Optimal
313,j20,32,3,"[0, 2, 1, 4, 8, 2, 3, 2, 5, 4, 2, 10, 1, 2, 5, 8, 3, 2, 1, 4, 9, 0]",10,0.0,56.0,0.21,Optimal
314,j20,32,4,"[0, 2, 3, 5, 8, 5, 3, 2, 7, 4, 2, 6, 1, 3, 5, 7, 5, 5, 1, 7, 8, 0]",10,0.0,62.0,0.34,Optimal
315,j20,32,5,"[0, 1, 3, 2, 4, 3, 3, 2, 7, 2, 2, 11, 1, 2, 7, 11, 4, 4, 1, 7, 9, 0]",10,0.0,59.0,0.13,Optimal
316,j20,32,6,"[0, 2, 2, 2, 7, 6, 5, 1, 8, 5, 6, 7, 1, 1, 7, 8, 2, 4, 1, 7, 7, 0]",10,0.0,71.0,0.21,Optimal
317,j20,32,7,"[0, 2, 2, 2, 6, 6, 2, 1, 8, 3, 6, 7, 1, 1, 5, 9, 3, 4, 1, 7, 10, 0]",10,0.0,65.0,0.2,Optimal
318,j20,32,8,"[0, 2, 3, 4, 4, 3, 4, 1, 6, 5, 2, 12, 1, 2, 4, 8, 2, 2, 1, 4, 8, 0]",10,0.0,60.0,0.52,Optimal
319,j20,32,9,"[0, 2, 2, 2, 6, 2, 5, 2, 4, 3, 2, 7, 1, 2, 4, 11, 2, 6, 1, 6, 11, 0]",10,0.0,60.0,0.18,Optimal
320,j20,33,0,"[0, 7, 6, 2, 6, 1, 7, 2, 6, 7, 6, 11, 9, 3, 5, 6, 4, 9, 6, 1, 7, 0]",10,,,0.0,Infeasible
321,j20,33,1,"[0, 6, 6, 4, 9, 1, 5, 3, 6, 12, 3, 7, 6, 3, 3, 6, 3, 5, 3, 1, 6, 0]",10,0.0,93.0,0.14,Optimal
322,j20,33,2,"[0, 6, 3, 2, 8, 1, 5, 3, 9, 10, 2, 7, 8, 6, 5, 6, 2, 8, 4, 1, 5, 0]",10,0.0,106.0,0.14,Optimal
323,j20,33,3,"[0, 4, 6, 3, 7, 1, 6, 3, 6, 12, 3, 9, 9, 5, 4, 5, 2, 5, 5, 1, 5, 0]",10,,,0.0,Infeasible
324,j20,33,4,"[0, 5, 5, 6, 7, 1, 4, 2, 7, 7, 5, 6, 5, 6, 5, 6, 5, 8, 3, 1, 6, 0]",10,0.0,92.0,0.13,Optimal
325,j20,33,5,"[0, 8, 5, 6, 9, 1, 8, 3, 6, 10, 4, 6, 7, 6, 4, 3, 2, 7, 7, 1, 7, 0]",10,0.0,106.0,0.15,Optimal
326,j20,33,6,"[0, 4, 6, 3, 9, 1, 5, 2, 8, 9, 3, 8, 9, 6, 5, 4, 2, 6, 5, 1, 5, 0]",10,0.0,104.0,0.2,Optimal
327,j20,33,7,"[0, 4, 3, 4, 9, 1, 4, 3, 8, 7, 6, 8, 5, 2, 4, 2, 3, 8, 4, 1, 4, 0]",10,0.0,94.0,0.18,Optimal
328,j20,33,8,"[0, 8, 6, 5, 5, 1, 7, 2, 9, 7, 4, 11, 9, 2, 3, 5, 3, 6, 3, 1, 3, 0]",10,,,0.0,Infeasible
329,j20,33,9,"[0, 8, 4, 5, 9, 1, 6, 2, 11, 9, 5, 11, 6, 4, 7, 5, 2, 5, 7, 1, 5, 0]",10,,,0.0,Infeasible
330,j20,34,0,"[0, 7, 10, 3, 7, 2, 3, 2, 6, 2, 9, 3, 2, 1, 7, 4, 2, 4, 8, 5, 7, 0]",10,0.0,85.0,3.11,Optimal
331,j20,34,1,"[0, 6, 10, 5, 10, 2, 4, 2, 6, 3, 6, 2, 1, 1, 4, 2, 1, 5, 6, 3, 3, 0]",10,0.0,69.0,3.78,Optimal
332,j20,34,2,"[0, 7, 11, 4, 7, 1, 3, 3, 8, 2, 7, 1, 1, 2, 6, 3, 3, 2, 8, 3, 5, 0]",10,0.0,78.0,3.04,Optimal
333,j20,34,3,"[0, 6, 7, 3, 12, 2, 6, 6, 8, 3, 6, 3, 1, 1, 5, 4, 2, 5, 8, 4, 3, 0]",10,0.2875,80.0,10.0,Feasible
334,j20,34,4,"[0, 4, 7, 4, 11, 1, 3, 6, 7, 2, 8, 2, 2, 1, 6, 2, 1, 6, 8, 3, 3, 0]",10,0.0,74.0,2.39,Optimal
335,j20,34,5,"[0, 8, 8, 3, 11, 3, 7, 3, 6, 2, 7, 1, 1, 1, 7, 3, 3, 6, 5, 2, 5, 0]",10,0.0,79.0,1.08,Optimal
336,j20,34,6,"[0, 7, 7, 5, 10, 1, 5, 4, 5, 3, 7, 3, 3, 1, 3, 4, 2, 3, 6, 2, 3, 0]",10,0.0,71.0,5.41,Optimal
337,j20,34,7,"[0, 5, 8, 4, 11, 1, 5, 2, 5, 3, 5, 2, 2, 2, 7, 2, 3, 2, 7, 5, 3, 0]",10,0.0,70.0,1.16,Optimal
338,j20,34,8,"[0, 7, 7, 5, 11, 2, 7, 2, 5, 3, 8, 2, 2, 2, 3, 4, 2, 2, 8, 4, 6, 0]",10,0.0,78.0,3.02,Optimal
339,j20,34,9,"[0, 8, 8, 3, 11, 2, 4, 4, 9, 5, 5, 3, 1, 2, 7, 5, 3, 6, 6, 2, 6, 0]",10,0.0,84.0,5.46,Optimal
340,j20,35,0,"[0, 5, 10, 6, 3, 9, 2, 1, 5, 3, 7, 6, 11, 2, 5, 6, 10, 1, 6, 10, 8, 0]",10,0.0,90.0,3.3,Optimal
341,j20,35,1,"[0, 6, 8, 10, 4, 10, 2, 1, 6, 3, 12, 3, 7, 5, 5, 5, 6, 1, 5, 6, 5, 0]",10,0.0,84.0,2.67,Optimal
342,j20,35,2,"[0, 5, 8, 7, 2, 9, 3, 1, 6, 4, 9, 6, 6, 3, 7, 8, 8, 1, 4, 11, 8, 0]",10,0.0,91.0,3.63,Optimal
343,j20,35,3,"[0, 3, 8, 6, 6, 7, 3, 1, 7, 4, 6, 3, 9, 5, 8, 7, 11, 2, 7, 6, 5, 0]",10,0.0,84.0,3.12,Optimal
344,j20,35,4,"[0, 4, 8, 7, 5, 10, 3, 1, 5, 3, 7, 3, 11, 5, 4, 4, 11, 2, 8, 11, 7, 0]",10,0.0,88.0,3.68,Optimal
345,j20,35,5,"[0, 6, 9, 11, 5, 11, 1, 1, 8, 7, 9, 6, 12, 2, 8, 5, 6, 1, 6, 6, 7, 0]",10,0.0,100.0,1.99,Optimal
346,j20,35,6,"[0, 6, 7, 7, 2, 8, 1, 1, 9, 3, 10, 3, 12, 2, 5, 4, 8, 2, 5, 8, 9, 0]",10,0.0,83.0,2.36,Optimal
347,j20,35,7,"[0, 6, 8, 8, 2, 7, 3, 1, 7, 3, 12, 3, 8, 2, 4, 5, 8, 2, 8, 8, 5, 0]",10,0.0,85.0,3.03,Optimal
348,j20,35,8,"[0, 2, 7, 11, 2, 7, 2, 1, 6, 7, 10, 5, 12, 3, 4, 7, 6, 2, 5, 8, 9, 0]",10,0.0,92.0,2.31,Optimal
349,j20,35,9,"[0, 2, 11, 6, 5, 7, 2, 1, 5, 3, 10, 4, 11, 5, 8, 6, 6, 2, 7, 9, 6, 0]",10,0.0,91.0,1.86,Optimal
350,j20,36,0,"[0, 11, 6, 7, 6, 2, 6, 5, 2, 4, 6, 1, 2, 1, 1, 7, 5, 10, 4, 1, 7, 0]",10,0.0,66.0,0.28,Optimal
351,j20,36,1,"[0, 9, 7, 5, 10, 2, 7, 6, 3, 5, 5, 1, 2, 2, 1, 7, 4, 7, 2, 1, 7, 0]",10,0.0,63.0,0.39,Optimal
352,j20,36,2,"[0, 7, 3, 3, 11, 2, 7, 3, 2, 7, 6, 2, 1, 1, 1, 7, 6, 10, 4, 1, 7, 0]",10,0.0,61.0,0.25,Optimal
353,j20,36,3,"[0, 6, 6, 4, 8, 2, 5, 6, 3, 6, 7, 2, 1, 3, 1, 7, 6, 11, 6, 1, 6, 0]",10,0.0,62.0,0.15,Optimal
354,j20,36,4,"[0, 11, 4, 6, 12, 1, 5, 4, 4, 5, 8, 1, 3, 3, 1, 6, 3, 7, 3, 1, 6, 0]",10,0.0,63.0,0.27,Optimal
355,j20,36,5,"[0, 6, 3, 7, 11, 1, 7, 6, 5, 7, 5, 2, 1, 1, 1, 10, 7, 7, 2, 1, 7, 0]",10,0.0,67.0,0.2,Optimal
356,j20,36,6,"[0, 8, 3, 5, 10, 2, 6, 2, 4, 8, 9, 1, 1, 2, 1, 10, 4, 6, 4, 1, 6, 0]",10,0.0,58.0,0.15,Optimal
357,j20,36,7,"[0, 7, 5, 7, 10, 2, 7, 4, 2, 5, 7, 1, 3, 3, 1, 6, 4, 8, 6, 1, 3, 0]",10,0.0,60.0,0.22,Optimal
358,j20,36,8,"[0, 11, 4, 5, 7, 2, 9, 4, 2, 4, 6, 2, 1, 2, 1, 9, 4, 7, 6, 1, 7, 0]",10,0.0,68.0,0.49,Optimal
359,j20,36,9,"[0, 9, 3, 6, 6, 2, 6, 4, 6, 4, 5, 2, 2, 2, 1, 11, 3, 11, 2, 1, 7, 0]",10,0.0,62.0,0.13,Optimal
360,j20,37,0,"[0, 2, 5, 10, 1, 2, 7, 9, 2, 6, 2, 2, 8, 8, 3, 4, 1, 1, 9, 6, 1, 0]",10,0.0,68.0,0.15,Optimal
361,j20,37,1,"[0, 2, 6, 8, 1, 2, 11, 8, 1, 7, 3, 3, 4, 5, 3, 3, 1, 1, 6, 4, 1, 0]",10,0.0,66.0,0.13,Optimal
362,j20,37,2,"[0, 2, 2, 6, 1, 3, 9, 8, 2, 6, 5, 3, 5, 5, 5, 6, 1, 1, 5, 5, 2, 0]",10,0.0,65.0,0.33,Optimal
363,j20,37,3,"[0, 1, 4, 10, 1, 2, 11, 9, 2, 8, 2, 1, 5, 6, 4, 3, 1, 1, 5, 5, 2, 0]",10,0.0,66.0,0.19,Optimal
364,j20,37,4,"[0, 2, 6, 9, 1, 3, 7, 9, 3, 6, 2, 3, 6, 5, 5, 6, 1, 1, 7, 4, 1, 0]",10,0.0,68.0,0.28,Optimal
365,j20,37,5,"[0, 2, 3, 7, 1, 3, 9, 6, 1, 11, 6, 2, 6, 8, 5, 5, 1, 1, 5, 7, 1, 0]",10,0.0,72.0,0.23,Optimal
366,j20,37,6,"[0, 2, 6, 12, 1, 2, 11, 10, 2, 6, 6, 3, 4, 6, 6, 3, 1, 1, 6, 4, 1, 0]",10,,,10.0,Unknown
367,j20,37,7,"[0, 1, 6, 6, 1, 2, 7, 10, 2, 6, 4, 2, 6, 8, 6, 4, 1, 1, 7, 4, 2, 0]",10,0.0,67.0,0.27,Optimal
368,j20,37,8,"[0, 1, 4, 6, 1, 4, 11, 7, 3, 10, 2, 3, 5, 6, 3, 6, 1, 1, 7, 4, 2, 0]",10,0.0,73.0,0.23,Optimal
369,j20,37,9,"[0, 2, 2, 7, 1, 3, 6, 7, 2, 7, 6, 1, 7, 4, 5, 2, 1, 1, 8, 5, 1, 0]",10,0.0,59.0,0.25,Optimal
370,j20,38,0,"[0, 5, 8, 6, 7, 8, 11, 2, 4, 1, 7, 8, 11, 7, 3, 2, 4, 10, 1, 5, 1, 0]",10,0.0,95.0,3.99,Optimal
371,j20,38,1,"[0, 5, 8, 8, 10, 7, 10, 3, 5, 1, 12, 4, 11, 4, 2, 2, 4, 7, 1, 4, 1, 0]",10,0.0,94.0,6.98,Optimal
372,j20,38,2,"[0, 6, 5, 6, 6, 8, 8, 3, 4, 1, 12, 7, 11, 4, 2, 1, 2, 7, 1, 6, 1, 0]",10,0.0,89.0,2.65,Optimal
373,j20,38,3,"[0, 4, 8, 6, 11, 8, 7, 4, 4, 1, 10, 5, 8, 5, 2, 1, 4, 7, 1, 6, 2, 0]",10,0.304348,92.0,993.18,Feasible
374,j20,38,4,"[0, 6, 7, 11, 7, 8, 12, 2, 4, 1, 8, 6, 7, 6, 1, 3, 4, 12, 1, 3, 1, 0]",10,0.0,92.0,2.55,Optimal
375,j20,38,5,"[0, 3, 5, 11, 9, 5, 6, 6, 6, 1, 10, 7, 11, 6, 2, 1, 5, 10, 1, 6, 1, 0]",10,0.0,102.0,1.97,Optimal
376,j20,38,6,"[0, 6, 8, 7, 6, 9, 8, 2, 6, 1, 10, 5, 7, 3, 3, 1, 2, 6, 1, 7, 2, 0]",10,0.287356,87.0,1074.22,Feasible
377,j20,38,7,"[0, 6, 5, 6, 8, 8, 7, 4, 8, 1, 10, 6, 8, 3, 2, 3, 4, 12, 1, 5, 2, 0]",10,0.0,95.0,2.83,Optimal
378,j20,38,8,"[0, 2, 5, 8, 10, 5, 12, 3, 6, 1, 7, 8, 8, 3, 2, 1, 3, 11, 1, 3, 2, 0]",10,0.0,84.0,2.08,Optimal
379,j20,38,9,"[0, 5, 5, 7, 12, 9, 10, 5, 4, 1, 9, 4, 9, 4, 3, 2, 3, 10, 1, 3, 2, 0]",10,0.0,92.0,2.24,Optimal
380,j20,39,0,"[0, 5, 2, 4, 5, 7, 2, 11, 3, 1, 1, 3, 1, 6, 6, 7, 1, 6, 3, 4, 9, 0]",10,,,0.0,Infeasible
381,j20,39,1,"[0, 5, 2, 6, 2, 11, 1, 8, 7, 2, 1, 3, 2, 2, 6, 6, 1, 3, 2, 2, 9, 0]",10,,,0.0,Infeasible
382,j20,39,2,"[0, 3, 2, 4, 3, 9, 2, 8, 4, 1, 1, 5, 1, 3, 6, 8, 1, 6, 1, 3, 8, 0]",10,0.0,64.0,0.31,Optimal
383,j20,39,3,"[0, 6, 4, 8, 2, 11, 2, 7, 5, 2, 1, 2, 1, 3, 7, 7, 1, 3, 1, 3, 8, 0]",10,0.0,65.0,0.14,Optimal
384,j20,39,4,"[0, 6, 5, 5, 5, 6, 1, 8, 5, 2, 1, 3, 2, 5, 9, 7, 1, 2, 1, 3, 6, 0]",10,0.0,64.0,0.0900002,Optimal
385,j20,39,5,"[0, 5, 2, 4, 3, 11, 1, 10, 5, 1, 1, 5, 2, 5, 5, 8, 1, 6, 1, 6, 9, 0]",10,0.0,73.0,0.36,Optimal
386,j20,39,6,"[0, 3, 2, 8, 4, 6, 2, 8, 7, 2, 1, 3, 1, 4, 9, 9, 1, 2, 1, 3, 9, 0]",10,,,0.0,Infeasible
387,j20,39,7,"[0, 3, 2, 6, 5, 7, 1, 10, 7, 2, 1, 4, 1, 2, 6, 7, 1, 4, 1, 3, 7, 0]",10,,,0.0,Infeasible
388,j20,39,8,"[0, 6, 4, 4, 4, 11, 2, 7, 5, 2, 1, 6, 1, 2, 5, 6, 1, 2, 2, 5, 6, 0]",10,0.0,60.0,0.12,Optimal
389,j20,39,9,"[0, 3, 4, 8, 2, 9, 1, 11, 3, 2, 1, 2, 2, 3, 7, 9, 1, 2, 2, 2, 8, 0]",10,,,0.00999999,Infeasible
390,j20,40,0,"[0, 11, 7, 7, 6, 3, 2, 1, 6, 5, 2, 11, 10, 7, 8, 1, 1, 1, 1, 4, 11, 0]",10,0.0,87.0,0.0899999,Optimal
391,j20,40,1,"[0, 8, 8, 6, 10, 4, 1, 2, 12, 6, 2, 7, 7, 6, 12, 1, 1, 1, 2, 3, 7, 0]",10,0.0,86.0,0.0599999,Optimal
392,j20,40,2,"[0, 11, 5, 4, 6, 6, 2, 1, 6, 7, 5, 8, 7, 6, 12, 1, 1, 1, 2, 5, 12, 0]",10,0.0,85.0,0.11,Optimal
393,j20,40,3,"[0, 11, 5, 4, 9, 6, 1, 2, 9, 8, 4, 10, 6, 11, 9, 1, 1, 1, 2, 4, 6, 0]",10,0.0,88.0,0.05,Optimal
394,j20,40,4,"[0, 10, 5, 5, 8, 3, 1, 3, 7, 7, 5, 11, 10, 9, 11, 1, 1, 1, 2, 5, 12, 0]",10,0.0,93.0,0.11,Optimal
395,j20,40,5,"[0, 6, 4, 5, 8, 3, 1, 3, 12, 4, 2, 7, 7, 11, 9, 1, 1, 1, 1, 2, 11, 0]",10,0.0,83.0,0.0599999,Optimal
396,j20,40,6,"[0, 11, 8, 5, 10, 5, 2, 2, 6, 7, 2, 9, 10, 10, 11, 1, 1, 1, 1, 3, 6, 0]",10,0.0,90.0,0.0699999,Optimal
397,j20,40,7,"[0, 10, 6, 3, 11, 4, 1, 2, 7, 4, 4, 10, 10, 6, 10, 1, 1, 1, 2, 4, 10, 0]",10,0.0,88.0,0.11,Optimal
398,j20,40,8,"[0, 7, 4, 5, 9, 3, 3, 1, 10, 6, 4, 6, 7, 8, 12, 1, 1, 1, 1, 4, 6, 0]",10,0.0,81.0,0.0600002,Optimal
399,j20,40,9,"[0, 12, 5, 5, 10, 2, 3, 2, 11, 5, 4, 7, 11, 10, 8, 1, 1, 1, 1, 5, 11, 0]",10,0.0,91.0,0.0699999,Optimal
400,j20,41,0,"[0, 3, 5, 2, 4, 4, 1, 7, 11, 2, 6, 5, 9, 1, 2, 1, 3, 5, 5, 1, 6, 0]",10,0.0,47.0,0.05,Optimal
401,j20,41,1,"[0, 2, 5, 2, 6, 7, 1, 6, 10, 3, 7, 4, 6, 1, 2, 2, 2, 5, 4, 1, 8, 0]",10,,,0.0,Infeasible
402,j20,41,2,"[0, 3, 2, 2, 7, 5, 1, 5, 6, 5, 12, 5, 6, 1, 1, 1, 2, 7, 7, 1, 8, 0]",10,,,0.0,Infeasible
403,j20,41,3,"[0, 2, 5, 3, 6, 3, 1, 8, 7, 4, 8, 5, 5, 1, 3, 2, 3, 8, 6, 2, 5, 0]",10,,,0.0,Infeasible
404,j20,41,4,"[0, 5, 2, 2, 6, 5, 1, 5, 9, 6, 8, 4, 5, 1, 2, 2, 2, 7, 3, 1, 8, 0]",10,,,0.0,Infeasible
405,j20,41,5,"[0, 3, 4, 2, 7, 6, 1, 4, 9, 6, 9, 8, 9, 1, 2, 1, 2, 4, 7, 1, 4, 0]",10,,,0.0,Infeasible
406,j20,41,6,"[0, 3, 4, 5, 8, 4, 1, 5, 6, 4, 10, 8, 5, 1, 1, 2, 3, 8, 4, 1, 6, 0]",10,,,0.0400002,Infeasible
407,j20,41,7,"[0, 5, 3, 4, 8, 7, 1, 6, 8, 2, 7, 6, 7, 1, 1, 1, 2, 5, 5, 1, 4, 0]",10,,,0.0,Infeasible
408,j20,41,8,"[0, 4, 3, 4, 5, 7, 1, 6, 6, 2, 7, 4, 6, 1, 2, 2, 3, 8, 7, 2, 4, 0]",10,,,0.0,Infeasible
409,j20,41,9,"[0, 5, 2, 5, 5, 5, 1, 8, 11, 2, 11, 4, 8, 1, 2, 2, 2, 4, 3, 1, 6, 0]",10,,,0.0,Infeasible
410,j20,42,0,"[0, 3, 7, 6, 1, 2, 5, 2, 5, 4, 5, 10, 1, 7, 7, 3, 10, 3, 2, 1, 6, 0]",10,0.0,41.0,0.04,Optimal
411,j20,42,1,"[0, 5, 8, 4, 1, 2, 4, 1, 6, 5, 4, 11, 1, 4, 7, 2, 12, 2, 2, 1, 6, 0]",10,0.0,41.0,0.05,Optimal
412,j20,42,2,"[0, 3, 4, 2, 2, 3, 3, 1, 8, 5, 5, 9, 1, 7, 6, 2, 9, 1, 1, 1, 2, 0]",10,0.0,37.0,0.00999999,Optimal
413,j20,42,3,"[0, 3, 7, 3, 1, 1, 6, 2, 7, 6, 5, 6, 1, 4, 9, 3, 11, 1, 2, 2, 3, 0]",10,0.0,38.0,0.00999999,Optimal
414,j20,42,4,"[0, 5, 4, 2, 1, 3, 3, 1, 7, 4, 4, 7, 1, 4, 11, 1, 6, 2, 2, 1, 6, 0]",10,0.0,39.0,0.02,Optimal
415,j20,42,5,"[0, 3, 6, 6, 2, 2, 5, 2, 5, 7, 8, 9, 1, 7, 10, 2, 10, 2, 1, 1, 4, 0]",10,0.0,40.0,0.02,Optimal
416,j20,42,6,"[0, 2, 6, 6, 2, 2, 2, 3, 9, 8, 4, 10, 1, 4, 10, 2, 6, 3, 2, 2, 4, 0]",10,0.0,41.0,0.00999999,Optimal
417,j20,42,7,"[0, 2, 8, 4, 1, 3, 2, 2, 7, 6, 4, 11, 1, 4, 8, 1, 12, 1, 1, 2, 3, 0]",10,0.0,39.0,0.0,Optimal
418,j20,42,8,"[0, 4, 5, 6, 1, 1, 2, 2, 5, 5, 7, 7, 1, 4, 11, 1, 10, 3, 2, 1, 5, 0]",10,0.0,40.0,0.00999999,Optimal
419,j20,42,9,"[0, 5, 4, 5, 2, 3, 6, 2, 5, 4, 7, 7, 1, 4, 11, 1, 12, 2, 2, 1, 6, 0]",10,0.0,41.0,0.03,Optimal
420,j20,43,0,"[0, 5, 1, 6, 4, 5, 4, 6, 3, 1, 2, 5, 9, 1, 7, 5, 6, 4, 2, 4, 1, 0]",10,,,0.0,Infeasible
421,j20,43,1,"[0, 5, 1, 8, 7, 4, 8, 7, 3, 1, 5, 4, 5, 1, 11, 4, 3, 5, 2, 3, 1, 0]",10,,,0.00999999,Infeasible
422,j20,43,2,"[0, 3, 2, 6, 7, 3, 4, 6, 3, 1, 5, 5, 7, 2, 6, 6, 3, 3, 2, 2, 1, 0]",10,,,0.0,Infeasible
423,j20,43,3,"[0, 3, 2, 10, 5, 6, 4, 11, 5, 1, 3, 4, 5, 1, 7, 5, 4, 3, 1, 4, 2, 0]",10,,,0.00999999,Infeasible
424,j20,43,4,"[0, 5, 2, 11, 7, 5, 5, 9, 4, 1, 2, 2, 7, 1, 7, 6, 6, 4, 1, 4, 1, 0]",10,,,0.0,Infeasible
425,j20,43,5,"[0, 2, 2, 7, 4, 5, 4, 6, 3, 1, 3, 4, 9, 2, 8, 7, 5, 3, 2, 5, 2, 0]",10,,,0.00999999,Infeasible
426,j20,43,6,"[0, 2, 2, 10, 6, 6, 8, 11, 2, 1, 3, 2, 9, 1, 6, 5, 6, 3, 2, 3, 1, 0]",10,,,0.0,Infeasible
427,j20,43,7,"[0, 4, 1, 10, 3, 6, 5, 10, 3, 1, 2, 4, 8, 2, 8, 7, 6, 5, 1, 4, 1, 0]",10,,,0.0,Infeasible
428,j20,43,8,"[0, 2, 2, 8, 5, 2, 5, 8, 2, 1, 4, 2, 6, 1, 7, 7, 4, 2, 2, 3, 1, 0]",10,,,0.0,Infeasible
429,j20,43,9,"[0, 3, 2, 6, 4, 5, 5, 7, 4, 1, 3, 2, 9, 2, 11, 3, 5, 5, 1, 5, 2, 0]",10,,,0.0,Infeasible
430,j20,44,0,"[0, 2, 9, 9, 2, 3, 8, 5, 6, 2, 6, 2, 2, 1, 7, 4, 3, 1, 3, 2, 7, 0]",10,0.0,64.0,0.0,Optimal
431,j20,44,1,"[0, 1, 9, 9, 4, 6, 7, 9, 7, 2, 2, 1, 2, 1, 4, 3, 3, 1, 2, 2, 9, 0]",10,,,0.00999999,Infeasible
432,j20,44,2,"[0, 2, 6, 5, 3, 5, 7, 6, 6, 1, 5, 1, 2, 1, 4, 3, 5, 1, 1, 2, 6, 0]",10,,,0.0,Infeasible
433,j20,44,3,"[0, 1, 8, 9, 2, 5, 6, 7, 6, 1, 3, 2, 1, 1, 5, 3, 2, 1, 3, 3, 8, 0]",10,,,0.00999999,Infeasible
434,j20,44,4,"[0, 3, 11, 9, 5, 3, 8, 5, 6, 1, 4, 2, 2, 1, 4, 5, 5, 1, 1, 4, 5, 0]",10,0.0,64.0,0.0,Optimal
435,j20,44,5,"[0, 1, 7, 6, 3, 5, 5, 5, 11, 2, 6, 2, 1, 1, 5, 2, 5, 1, 2, 5, 5, 0]",10,0.0,65.0,0.0,Optimal
436,j20,44,6,"[0, 1, 9, 9, 4, 6, 9, 6, 6, 1, 4, 1, 2, 1, 5, 5, 6, 1, 2, 5, 6, 0]",10,,,0.0,Infeasible
437,j20,44,7,"[0, 1, 8, 9, 2, 2, 9, 6, 10, 2, 2, 1, 2, 1, 4, 4, 6, 1, 1, 5, 7, 0]",10,,,0.00999999,Infeasible
438,j20,44,8,"[0, 3, 6, 6, 4, 4, 5, 6, 8, 1, 2, 1, 2, 1, 4, 4, 3, 1, 2, 2, 7, 0]",10,,,0.0,Infeasible
439,j20,44,9,"[0, 1, 11, 5, 3, 2, 6, 8, 7, 2, 6, 1, 2, 1, 3, 5, 2, 1, 2, 4, 9, 0]",10,,,0.00999999,Infeasible
440,j20,45,0,"[0, 6, 1, 6, 3, 9, 5, 2, 6, 1, 7, 4, 8, 2, 4, 1, 9, 6, 6, 4, 1, 0]",10,0.0,35.0,0.00999999,Optimal
441,j20,45,1,"[0, 7, 2, 12, 4, 10, 6, 3, 5, 1, 4, 4, 11, 4, 3, 1, 6, 3, 6, 3, 1, 0]",10,0.0,36.0,0.0,Optimal
442,j20,45,2,"[0, 3, 1, 11, 5, 8, 6, 2, 8, 1, 4, 4, 9, 2, 2, 1, 6, 6, 6, 4, 1, 0]",10,0.0,36.0,0.0,Optimal
443,j20,45,3,"[0, 7, 1, 11, 5, 7, 7, 2, 9, 2, 5, 5, 7, 2, 3, 1, 8, 7, 5, 3, 1, 0]",10,0.0,37.0,0.0,Optimal
444,j20,45,4,"[0, 6, 1, 6, 2, 8, 7, 3, 8, 1, 5, 3, 6, 5, 3, 1, 6, 6, 2, 2, 1, 0]",10,0.0,35.0,0.0,Optimal
445,j20,45,5,"[0, 7, 2, 12, 4, 10, 8, 5, 5, 2, 7, 6, 10, 4, 6, 1, 9, 4, 2, 6, 1, 0]",10,0.0,39.0,0.0,Optimal
446,j20,45,6,"[0, 5, 1, 11, 4, 10, 6, 3, 5, 1, 7, 7, 6, 2, 3, 1, 9, 4, 2, 4, 1, 0]",10,0.0,36.0,0.0,Optimal
447,j20,45,7,"[0, 6, 2, 8, 6, 10, 7, 4, 5, 2, 5, 5, 6, 4, 3, 1, 7, 7, 2, 3, 1, 0]",10,0.0,35.0,0.0,Optimal
448,j20,45,8,"[0, 5, 2, 11, 6, 8, 5, 2, 6, 2, 3, 4, 9, 3, 3, 1, 9, 7, 5, 2, 1, 0]",10,0.0,36.0,0.00999999,Optimal
449,j20,45,9,"[0, 6, 2, 6, 5, 7, 7, 6, 5, 2, 3, 6, 7, 3, 2, 1, 5, 7, 4, 5, 1, 0]",10,0.0,35.0,0.00999999,Optimal
450,j20,46,0,"[0, 11, 9, 2, 1, 3, 5, 7, 5, 3, 6, 7, 9, 9, 6, 6, 9, 1, 1, 12, 4, 0]",10,0.0,56.0,0.00999999,Optimal
451,j20,46,1,"[0, 10, 9, 2, 1, 5, 2, 11, 4, 5, 10, 7, 6, 5, 6, 5, 6, 1, 1, 7, 2, 0]",10,0.0,55.0,0.00999999,Optimal
452,j20,46,2,"[0, 10, 7, 2, 1, 3, 3, 9, 5, 5, 7, 6, 8, 6, 6, 7, 9, 1, 1, 6, 3, 0]",10,0.0,56.0,0.00999999,Optimal
453,j20,46,3,"[0, 9, 10, 4, 1, 7, 2, 11, 5, 4, 8, 6, 9, 6, 7, 6, 6, 1, 1, 6, 3, 0]",10,0.0,55.0,0.0,Optimal
454,j20,46,4,"[0, 9, 12, 5, 1, 7, 5, 11, 3, 6, 6, 6, 7, 7, 6, 7, 9, 1, 1, 8, 2, 0]",10,0.0,56.0,0.0,Optimal
455,j20,46,5,"[0, 6, 7, 3, 1, 6, 2, 6, 3, 7, 11, 12, 7, 9, 8, 7, 5, 1, 1, 9, 6, 0]",10,0.0,55.0,0.0,Optimal
456,j20,46,6,"[0, 9, 10, 4, 1, 7, 5, 11, 2, 4, 6, 10, 7, 5, 7, 8, 6, 1, 1, 7, 2, 0]",10,0.0,55.0,0.0,Optimal
457,j20,46,7,"[0, 8, 10, 2, 1, 3, 2, 7, 4, 7, 7, 6, 7, 8, 6, 6, 9, 1, 1, 10, 4, 0]",10,0.0,56.0,0.0,Optimal
458,j20,46,8,"[0, 8, 12, 2, 1, 4, 4, 12, 4, 5, 6, 12, 6, 7, 9, 4, 6, 1, 1, 8, 3, 0]",10,0.0,55.0,0.0,Optimal
459,j20,46,9,"[0, 11, 10, 4, 1, 3, 5, 11, 2, 4, 11, 6, 6, 8, 6, 5, 9, 1, 1, 10, 5, 0]",10,0.0,56.0,0.0,Optimal
460,j20,47,0,"[0, 3, 5, 7, 6, 6, 5, 1, 2, 2, 2, 2, 2, 2, 2, 2, 2, 1, 7, 8, 1, 0]",10,0.0454545,44.0,0.04,Optimal
461,j20,47,1,"[0, 4, 3, 5, 10, 8, 2, 1, 1, 1, 3, 4, 1, 2, 2, 2, 3, 2, 6, 11, 2, 0]",10,0.0,44.0,0.05,Optimal
462,j20,47,2,"[0, 3, 5, 4, 7, 5, 2, 1, 2, 1, 2, 3, 2, 5, 1, 2, 2, 1, 9, 11, 2, 0]",10,0.0,45.0,0.05,Optimal
463,j20,47,3,"[0, 3, 5, 7, 6, 6, 5, 1, 1, 1, 2, 2, 2, 5, 2, 3, 5, 1, 10, 7, 3, 0]",10,0.0,50.0,0.0700002,Optimal
464,j20,47,4,"[0, 5, 5, 5, 7, 5, 4, 1, 2, 2, 5, 4, 2, 3, 1, 2, 3, 2, 6, 6, 3, 0]",10,0.0,43.0,0.05,Optimal
465,j20,47,5,"[0, 4, 5, 4, 9, 9, 4, 1, 1, 1, 2, 2, 2, 5, 2, 2, 3, 2, 6, 6, 2, 0]",10,0.0,44.0,0.05,Optimal
466,j20,47,6,"[0, 3, 4, 7, 11, 7, 2, 1, 2, 2, 5, 5, 2, 2, 2, 1, 5, 1, 10, 11, 1, 0]",10,0.0,49.0,0.05,Optimal
467,j20,47,7,"[0, 3, 2, 7, 8, 5, 3, 1, 1, 2, 2, 3, 2, 3, 1, 3, 2, 1, 6, 10, 2, 0]",10,0.0,42.0,0.04,Optimal
468,j20,47,8,"[0, 4, 2, 4, 6, 7, 5, 1, 2, 1, 2, 2, 2, 4, 1, 3, 2, 2, 8, 8, 1, 0]",10,0.0,43.0,0.0599999,Optimal
469,j20,47,9,"[0, 4, 5, 4, 8, 9, 4, 1, 1, 1, 3, 3, 2, 4, 2, 2, 2, 1, 6, 11, 1, 0]",10,0.0,44.0,0.11,Optimal
470,j20,48,0,"[0, 1, 6, 10, 2, 2, 5, 9, 11, 4, 5, 1, 7, 1, 2, 11, 1, 9, 4, 6, 1, 0]",10,0.0,47.0,0.02,Optimal
471,j20,48,1,"[0, 1, 7, 11, 4, 1, 7, 10, 8, 8, 7, 1, 10, 2, 2, 7, 1, 6, 3, 5, 1, 0]",10,0.0,50.0,0.02,Optimal
472,j20,48,2,"[0, 1, 4, 11, 4, 2, 5, 6, 10, 5, 5, 1, 6, 2, 2, 8, 1, 6, 3, 7, 1, 0]",10,0.0,43.0,0.0,Optimal
473,j20,48,3,"[0, 1, 4, 7, 5, 1, 4, 7, 9, 8, 7, 1, 10, 1, 2, 9, 1, 6, 5, 4, 1, 0]",10,0.0,50.0,0.04,Optimal
474,j20,48,4,"[0, 1, 7, 7, 5, 1, 6, 7, 6, 5, 8, 1, 11, 1, 2, 11, 1, 6, 6, 4, 1, 0]",10,0.0,47.0,0.00999999,Optimal
475,j20,48,5,"[0, 1, 3, 8, 4, 2, 5, 9, 10, 6, 5, 1, 6, 2, 2, 7, 1, 6, 6, 4, 1, 0]",10,0.0,47.0,0.02,Optimal
476,j20,48,6,"[0, 1, 3, 11, 3, 1, 8, 11, 8, 8, 8, 1, 11, 2, 2, 11, 1, 5, 6, 8, 1, 0]",10,0.0,52.0,0.0300002,Optimal
477,j20,48,7,"[0, 1, 6, 10, 4, 1, 8, 7, 6, 8, 7, 1, 6, 2, 1, 10, 1, 6, 4, 4, 1, 0]",10,0.0,43.0,0.00999999,Optimal
478,j20,48,8,"[0, 1, 5, 10, 2, 1, 8, 7, 10, 5, 5, 1, 8, 2, 2, 8, 1, 9, 7, 6, 1, 0]",10,0.0,47.0,0.00999999,Optimal
479,j20,48,9,"[0, 1, 5, 6, 3, 1, 6, 6, 11, 5, 7, 1, 10, 1, 1, 11, 1, 6, 5, 5, 1, 0]",10,0.0,47.0,0.00999999,Optimal
480,j20,49,0,"[0, 7, 8, 3, 6, 5, 3, 3, 1, 1, 3, 7, 11, 1, 7, 1, 5, 8, 7, 7, 1, 0]",10,,,0.0,Infeasible
481,j20,49,1,"[0, 7, 8, 5, 9, 4, 2, 4, 2, 1, 2, 4, 7, 1, 4, 1, 5, 6, 7, 6, 1, 0]",10,,,0.00999999,Infeasible
482,j20,49,2,"[0, 4, 7, 5, 6, 2, 4, 6, 1, 1, 3, 4, 9, 1, 7, 1, 4, 7, 6, 9, 3, 0]",10,,,0.0,Infeasible
483,j20,49,3,"[0, 8, 4, 6, 6, 4, 5, 3, 1, 1, 3, 5, 8, 1, 4, 1, 4, 7, 6, 9, 2, 0]",10,,,0.00999999,Infeasible
484,j20,49,4,"[0, 5, 7, 3, 5, 4, 4, 4, 2, 1, 5, 7, 8, 1, 3, 1, 4, 7, 4, 8, 1, 0]",10,,,0.0,Infeasible
485,j20,49,5,"[0, 4, 8, 5, 9, 5, 3, 6, 2, 1, 2, 6, 10, 1, 6, 1, 8, 10, 7, 6, 1, 0]",10,,,0.0,Infeasible
486,j20,49,6,"[0, 8, 6, 3, 7, 6, 3, 4, 1, 1, 4, 7, 10, 1, 3, 1, 8, 7, 7, 6, 1, 0]",10,,,0.0,Infeasible
487,j20,49,7,"[0, 6, 7, 4, 7, 6, 2, 5, 1, 1, 2, 4, 8, 1, 5, 1, 4, 11, 4, 7, 1, 0]",10,,,0.0,Infeasible
488,j20,49,8,"[0, 4, 5, 5, 6, 6, 4, 3, 2, 1, 2, 4, 11, 1, 3, 1, 5, 9, 4, 6, 3, 0]",10,,,0.0,Infeasible
489,j20,49,9,"[0, 8, 8, 6, 5, 5, 5, 3, 2, 1, 3, 5, 11, 1, 7, 1, 4, 11, 3, 8, 2, 0]",10,,,0.0,Infeasible
490,j20,50,0,"[0, 7, 1, 6, 1, 5, 8, 11, 2, 1, 5, 4, 1, 1, 8, 6, 1, 1, 1, 6, 7, 0]",10,0.0,58.0,0.0,Optimal
491,j20,50,1,"[0, 8, 1, 8, 1, 8, 7, 10, 2, 2, 6, 4, 2, 1, 4, 6, 1, 1, 2, 3, 6, 0]",10,0.0,57.0,0.0,Optimal
492,j20,50,2,"[0, 4, 1, 7, 1, 4, 5, 11, 2, 2, 7, 4, 1, 1, 7, 6, 1, 1, 2, 5, 9, 0]",10,0.0,57.0,0.0,Optimal
493,j20,50,3,"[0, 4, 2, 9, 1, 8, 7, 10, 1, 2, 8, 4, 1, 1, 4, 9, 1, 1, 2, 4, 7, 0]",10,0.0,57.0,0.0,Optimal
494,j20,50,4,"[0, 5, 1, 7, 1, 7, 9, 9, 2, 2, 8, 3, 1, 1, 6, 7, 1, 1, 2, 3, 8, 0]",10,0.0,57.0,0.0,Optimal
495,j20,50,5,"[0, 8, 3, 6, 1, 4, 6, 7, 2, 2, 5, 3, 2, 1, 8, 7, 1, 1, 1, 5, 8, 0]",10,0.0,57.0,0.00999999,Optimal
496,j20,50,6,"[0, 4, 1, 9, 1, 8, 9, 11, 1, 2, 5, 7, 1, 1, 4, 7, 1, 1, 2, 6, 6, 0]",10,0.0,58.0,0.00999999,Optimal
497,j20,50,7,"[0, 5, 1, 8, 1, 8, 9, 6, 1, 2, 9, 4, 1, 1, 6, 8, 1, 1, 2, 4, 9, 0]",10,0.0,57.0,0.00999999,Optimal
498,j20,50,8,"[0, 8, 3, 8, 1, 4, 6, 8, 1, 1, 7, 3, 1, 1, 5, 7, 1, 1, 1, 2, 6, 0]",10,0.0,57.0,0.0,Optimal
499,j20,50,9,"[0, 6, 2, 11, 1, 8, 7, 6, 2, 2, 5, 4, 2, 1, 4, 6, 1, 1, 2, 3, 6, 0]",10,0.0,57.0,0.0,Optimal
500,j20,51,0,"[0, 8, 10, 2, 2, 8, 3, 1, 6, 1, 2, 7, 10, 2, 9, 6, 4, 1, 10, 7, 9, 0]",10,0.0,41.0,0.00999999,Optimal
501,j20,51,1,"[0, 8, 10, 4, 1, 7, 2, 1, 7, 1, 3, 6, 11, 2, 6, 6, 3, 1, 6, 9, 6, 0]",10,0.0,42.0,0.00999999,Optimal
502,j20,51,2,"[0, 5, 6, 5, 3, 6, 2, 1, 9, 1, 3, 7, 9, 1, 5, 6, 5, 1, 10, 7, 9, 0]",10,0.0,41.0,0.00999999,Optimal
503,j20,51,3,"[0, 5, 11, 5, 2, 7, 5, 1, 6, 1, 6, 7, 8, 2, 7, 6, 2, 1, 7, 8, 9, 0]",10,0.0,41.0,0.00999999,Optimal
504,j20,51,4,"[0, 8, 11, 3, 3, 5, 2, 1, 8, 1, 4, 7, 9, 1, 7, 5, 2, 1, 7, 6, 8, 0]",10,0.0,41.0,0.00999999,Optimal
505,j20,51,5,"[0, 5, 6, 6, 2, 7, 2, 1, 9, 1, 5, 11, 6, 2, 9, 8, 6, 1, 10, 9, 6, 0]",10,0.0,42.0,0.00999999,Optimal
506,j20,51,6,"[0, 5, 10, 4, 1, 7, 5, 1, 10, 1, 3, 7, 6, 1, 9, 9, 2, 1, 10, 6, 9, 0]",10,0.0,41.0,0.00999999,Optimal
507,j20,51,7,"[0, 6, 6, 4, 2, 7, 2, 1, 10, 1, 4, 8, 6, 2, 7, 7, 2, 1, 11, 6, 7, 0]",10,0.0,41.0,0.00999999,Optimal
508,j20,51,8,"[0, 9, 6, 3, 3, 6, 3, 1, 10, 1, 4, 6, 11, 1, 6, 5, 3, 1, 9, 6, 6, 0]",10,0.0,41.0,0.00999999,Optimal
509,j20,51,9,"[0, 9, 10, 5, 3, 5, 5, 1, 6, 1, 5, 7, 8, 2, 9, 5, 2, 1, 11, 8, 6, 0]",10,0.0,41.0,0.00999999,Optimal
510,j20,52,0,"[0, 8, 7, 6, 7, 2, 2, 6, 4, 1, 11, 1, 6, 12, 2, 4, 2, 4, 8, 1, 2, 0]",10,0.0,34.0,0.0,Optimal
511,j20,52,1,"[0, 9, 5, 10, 11, 1, 4, 10, 4, 2, 6, 1, 3, 7, 2, 3, 3, 2, 8, 1, 2, 0]",10,0.0,32.0,0.00999999,Optimal
512,j20,52,2,"[0, 5, 3, 11, 9, 2, 4, 7, 3, 1, 9, 1, 3, 7, 1, 2, 3, 5, 8, 1, 1, 0]",10,0.0,32.0,0.00999999,Optimal
513,j20,52,3,"[0, 9, 3, 11, 9, 2, 4, 6, 7, 2, 8, 1, 4, 7, 1, 3, 5, 6, 7, 1, 2, 0]",10,0.0,32.0,0.0100002,Optimal
514,j20,52,4,"[0, 6, 6, 6, 6, 1, 4, 7, 6, 1, 8, 1, 2, 6, 2, 3, 3, 5, 4, 1, 1, 0]",10,0.0,32.0,0.00999999,Optimal
515,j20,52,5,"[0, 9, 5, 10, 9, 2, 5, 11, 3, 2, 10, 1, 5, 10, 3, 6, 5, 6, 5, 1, 1, 0]",10,0.0,32.0,0.0,Optimal
516,j20,52,6,"[0, 9, 5, 6, 11, 1, 6, 7, 4, 1, 8, 1, 6, 10, 1, 6, 3, 6, 5, 1, 1, 0]",10,0.0,32.0,0.00999999,Optimal
517,j20,52,7,"[0, 7, 6, 7, 8, 1, 6, 8, 5, 1, 6, 1, 3, 8, 3, 4, 5, 2, 5, 1, 1, 0]",10,0.0,32.0,0.00999999,Optimal
518,j20,52,8,"[0, 9, 3, 11, 11, 2, 4, 7, 7, 1, 6, 1, 2, 7, 2, 2, 3, 5, 5, 1, 2, 0]",10,0.0,32.0,0.00999999,Optimal
519,j20,52,9,"[0, 9, 7, 9, 11, 1, 5, 6, 6, 2, 8, 1, 6, 11, 1, 2, 3, 5, 5, 1, 2, 0]",10,0.0,33.0,0.0,Optimal
520,j20,53,0,"[0, 8, 6, 1, 1, 2, 1, 2, 6, 5, 6, 3, 1, 11, 6, 4, 7, 6, 12, 6, 1, 0]",10,0.0,72.0,0.0,Optimal
521,j20,53,1,"[0, 8, 6, 1, 3, 1, 1, 2, 5, 9, 7, 3, 2, 12, 2, 4, 6, 3, 7, 4, 1, 0]",10,0.0,72.0,0.0,Optimal
522,j20,53,2,"[0, 6, 2, 1, 1, 2, 1, 2, 5, 6, 6, 4, 2, 9, 3, 4, 8, 6, 6, 5, 2, 0]",10,0.0,72.0,0.0,Optimal
523,j20,53,3,"[0, 9, 4, 1, 1, 1, 1, 2, 6, 6, 8, 5, 1, 10, 3, 5, 7, 3, 6, 5, 2, 0]",10,0.0,72.0,0.0,Optimal
524,j20,53,4,"[0, 9, 5, 1, 2, 2, 1, 2, 3, 5, 8, 4, 2, 7, 5, 7, 7, 2, 6, 5, 2, 0]",10,0.0,72.0,0.0,Optimal
525,j20,53,5,"[0, 8, 2, 1, 1, 2, 1, 2, 7, 7, 10, 5, 2, 9, 2, 6, 9, 5, 10, 8, 2, 0]",10,0.0,73.0,0.0,Optimal
526,j20,53,6,"[0, 9, 3, 1, 1, 1, 1, 1, 3, 7, 10, 3, 2, 7, 2, 5, 9, 6, 6, 8, 2, 0]",10,0.0,73.0,0.0,Optimal
527,j20,53,7,"[0, 9, 3, 1, 1, 1, 1, 2, 4, 7, 10, 2, 2, 8, 4, 3, 6, 4, 12, 6, 2, 0]",10,0.0,72.0,0.0,Optimal
528,j20,53,8,"[0, 5, 3, 1, 3, 1, 1, 1, 3, 6, 8, 3, 2, 10, 4, 3, 5, 3, 11, 4, 2, 0]",10,0.0,72.0,0.0,Optimal
529,j20,53,9,"[0, 8, 3, 1, 2, 1, 1, 2, 7, 9, 9, 4, 2, 6, 5, 3, 8, 3, 8, 8, 2, 0]",10,0.0,73.0,0.0,Optimal
530,j20,54,0,"[0, 1, 6, 6, 2, 3, 5, 3, 2, 2, 4, 1, 7, 4, 3, 8, 1, 11, 6, 7, 6, 0]",10,0.0,49.0,0.0,Optimal
531,j20,54,1,"[0, 1, 7, 4, 2, 4, 6, 5, 3, 3, 3, 1, 4, 3, 5, 11, 3, 7, 5, 3, 7, 0]",10,0.0,47.0,0.0,Optimal
532,j20,54,2,"[0, 1, 4, 2, 2, 5, 4, 3, 2, 5, 4, 2, 6, 2, 2, 7, 1, 8, 8, 3, 6, 0]",10,0.0,47.0,0.0,Optimal
533,j20,54,3,"[0, 1, 4, 4, 5, 2, 6, 3, 4, 4, 4, 1, 4, 5, 5, 12, 2, 10, 7, 4, 6, 0]",10,0.0,48.0,0.0,Optimal
534,j20,54,4,"[0, 1, 3, 2, 4, 4, 3, 5, 5, 6, 5, 1, 3, 2, 5, 7, 2, 11, 7, 3, 3, 0]",10,0.0,49.0,0.0,Optimal
535,j20,54,5,"[0, 1, 7, 4, 2, 5, 5, 5, 2, 5, 7, 2, 7, 4, 2, 11, 1, 7, 4, 7, 5, 0]",10,0.0,47.0,0.0,Optimal
536,j20,54,6,"[0, 1, 3, 4, 5, 6, 3, 5, 3, 2, 5, 1, 7, 2, 2, 7, 3, 10, 5, 3, 5, 0]",10,0.0,48.0,0.0,Optimal
537,j20,54,7,"[0, 1, 6, 3, 4, 6, 6, 5, 4, 4, 3, 2, 5, 4, 4, 8, 1, 11, 5, 5, 7, 0]",10,0.0,49.0,0.00999999,Optimal
538,j20,54,8,"[0, 1, 3, 3, 4, 3, 6, 4, 2, 2, 4, 2, 3, 3, 5, 7, 2, 11, 8, 7, 6, 0]",10,0.0,49.0,0.00999999,Optimal
539,j20,54,9,"[0, 1, 3, 5, 5, 2, 5, 3, 4, 6, 3, 2, 3, 3, 5, 7, 2, 11, 4, 3, 7, 0]",10,0.0,49.0,0.00999999,Optimal
540,j20,55,0,"[0, 7, 10, 1, 4, 7, 8, 1, 4, 5, 6, 1, 6, 4, 7, 3, 8, 6, 9, 7, 9, 0]",10,0.0,44.0,0.0,Optimal
541,j20,55,1,"[0, 6, 10, 1, 6, 10, 6, 1, 5, 5, 6, 2, 3, 3, 6, 1, 5, 4, 5, 7, 7, 0]",10,0.0,43.0,0.0,Optimal
542,j20,55,2,"[0, 5, 6, 1, 7, 12, 6, 1, 5, 8, 9, 1, 3, 5, 10, 3, 8, 4, 8, 5, 7, 0]",10,0.0,43.0,0.0,Optimal
543,j20,55,3,"[0, 4, 10, 1, 5, 8, 7, 1, 5, 5, 6, 3, 6, 5, 11, 2, 7, 4, 5, 6, 7, 0]",10,0.0,43.0,0.0,Optimal
544,j20,55,4,"[0, 5, 9, 1, 8, 8, 5, 1, 4, 6, 6, 2, 5, 2, 6, 2, 8, 6, 9, 7, 8, 0]",10,0.0,44.0,0.0,Optimal
545,j20,55,5,"[0, 4, 9, 1, 8, 9, 9, 1, 8, 9, 6, 1, 6, 4, 6, 2, 6, 8, 6, 5, 5, 0]",10,0.0,43.0,0.0,Optimal
546,j20,55,6,"[0, 6, 10, 1, 8, 6, 9, 1, 5, 9, 6, 1, 4, 5, 7, 3, 8, 8, 7, 6, 5, 0]",10,0.0,43.0,0.00999999,Optimal
547,j20,55,7,"[0, 5, 8, 1, 6, 6, 6, 1, 6, 9, 5, 3, 3, 4, 7, 2, 8, 6, 5, 4, 6, 0]",10,0.0,43.0,0.00999999,Optimal
548,j20,55,8,"[0, 4, 7, 1, 7, 7, 6, 1, 8, 9, 8, 3, 2, 5, 6, 2, 6, 8, 5, 4, 8, 0]",10,0.0,43.0,0.00999999,Optimal
549,j20,55,9,"[0, 5, 7, 1, 4, 12, 5, 1, 8, 7, 8, 1, 4, 4, 12, 1, 7, 7, 6, 6, 9, 0]",10,0.0,43.0,0.00999999,Optimal
550,j20,56,0,"[0, 6, 7, 2, 3, 5, 4, 1, 3, 10, 5, 11, 10, 1, 3, 7, 1, 4, 1, 5, 10, 0]",10,0.0,49.0,0.0,Optimal
551,j20,56,1,"[0, 6, 7, 4, 6, 3, 6, 1, 3, 7, 5, 6, 11, 1, 2, 7, 1, 5, 2, 4, 7, 0]",10,0.0,50.0,0.00999999,Optimal
552,j20,56,2,"[0, 3, 7, 3, 2, 2, 7, 3, 3, 6, 4, 9, 11, 1, 2, 7, 1, 5, 1, 3, 7, 0]",10,0.0,50.0,0.00999999,Optimal
553,j20,56,3,"[0, 6, 7, 4, 6, 2, 7, 2, 4, 6, 2, 7, 8, 1, 3, 7, 1, 2, 1, 4, 9, 0]",10,0.0,48.0,0.0,Optimal
554,j20,56,4,"[0, 7, 6, 3, 3, 5, 4, 1, 4, 8, 5, 7, 9, 1, 1, 8, 1, 4, 1, 3, 6, 0]",10,0.0,48.0,0.00999999,Optimal
555,j20,56,5,"[0, 4, 4, 3, 5, 2, 4, 2, 6, 11, 4, 8, 10, 1, 2, 9, 1, 5, 2, 3, 9, 0]",10,0.0,49.0,0.0,Optimal
556,j20,56,6,"[0, 7, 6, 2, 6, 5, 8, 2, 2, 10, 4, 6, 11, 1, 3, 10, 1, 3, 2, 4, 6, 0]",10,0.0,51.0,0.0,Optimal
557,j20,56,7,"[0, 5, 7, 2, 2, 2, 5, 3, 6, 7, 2, 8, 9, 1, 2, 8, 1, 2, 1, 5, 8, 0]",10,0.0,48.0,0.0,Optimal
558,j20,56,8,"[0, 3, 4, 4, 4, 5, 4, 3, 3, 8, 2, 6, 11, 1, 2, 7, 1, 4, 2, 7, 8, 0]",10,0.0,50.0,0.0,Optimal
559,j20,56,9,"[0, 3, 3, 3, 2, 3, 7, 2, 3, 11, 2, 10, 9, 1, 3, 11, 1, 2, 2, 3, 9, 0]",10,0.0,49.0,0.00999999,Optimal
560,j20,57,0,"[0, 6, 10, 6, 2, 7, 9, 11, 4, 2, 6, 6, 2, 1, 8, 1, 7, 8, 10, 1, 5, 0]",10,0.0,49.0,0.00999999,Optimal
561,j20,57,1,"[0, 7, 9, 10, 1, 10, 11, 8, 8, 5, 6, 3, 2, 1, 4, 1, 11, 7, 7, 2, 4, 0]",10,0.0,48.0,0.00999999,Optimal
562,j20,57,2,"[0, 4, 6, 10, 2, 6, 6, 11, 7, 5, 7, 3, 1, 1, 7, 1, 11, 7, 7, 2, 7, 0]",10,0.0,48.0,0.00999999,Optimal
563,j20,57,3,"[0, 3, 7, 9, 1, 8, 10, 6, 7, 3, 7, 2, 1, 1, 5, 1, 8, 8, 7, 1, 4, 0]",10,0.0,48.0,0.0,Optimal
564,j20,57,4,"[0, 6, 11, 10, 2, 11, 7, 9, 4, 2, 7, 4, 2, 1, 5, 1, 9, 10, 8, 1, 3, 0]",10,0.0,50.0,0.0,Optimal
565,j20,57,5,"[0, 3, 7, 7, 2, 9, 6, 6, 8, 3, 7, 6, 2, 1, 7, 1, 11, 6, 9, 1, 6, 0]",10,0.0,48.0,0.0,Optimal
566,j20,57,6,"[0, 7, 10, 11, 1, 7, 6, 10, 6, 2, 7, 6, 2, 1, 5, 1, 6, 8, 10, 1, 3, 0]",10,0.0,49.0,0.0,Optimal
567,j20,57,7,"[0, 7, 7, 12, 1, 7, 6, 8, 7, 3, 7, 6, 1, 1, 6, 1, 8, 12, 6, 2, 5, 0]",10,0.0,48.0,0.0,Optimal
568,j20,57,8,"[0, 5, 6, 12, 2, 11, 7, 8, 8, 4, 5, 3, 1, 1, 5, 1, 11, 10, 8, 1, 3, 0]",10,0.0,48.0,0.0,Optimal
569,j20,57,9,"[0, 4, 11, 6, 2, 9, 7, 7, 8, 2, 8, 2, 2, 1, 4, 1, 9, 7, 8, 2, 7, 0]",10,0.0,50.0,0.0,Optimal
570,j20,58,0,"[0, 2, 7, 10, 5, 3, 2, 3, 6, 2, 7, 6, 4, 7, 5, 8, 7, 6, 9, 1, 8, 0]",10,0.0,60.0,0.0,Optimal
571,j20,58,1,"[0, 1, 6, 10, 6, 3, 3, 3, 12, 2, 4, 3, 5, 11, 4, 5, 5, 6, 7, 1, 6, 0]",10,0.0,60.0,0.0,Optimal
572,j20,58,2,"[0, 2, 7, 8, 6, 2, 3, 6, 12, 2, 4, 3, 5, 10, 3, 5, 8, 6, 8, 1, 6, 0]",10,0.0,60.0,0.0,Optimal
573,j20,58,3,"[0, 2, 7, 7, 7, 2, 1, 4, 8, 2, 5, 3, 2, 12, 4, 7, 9, 5, 11, 2, 9, 0]",10,0.0,61.0,0.00999999,Optimal
574,j20,58,4,"[0, 1, 4, 6, 7, 4, 2, 6, 10, 1, 3, 2, 5, 7, 4, 7, 5, 2, 11, 2, 10, 0]",10,0.0,60.0,0.0,Optimal
575,j20,58,5,"[0, 2, 6, 10, 8, 5, 2, 3, 9, 1, 6, 6, 4, 10, 7, 5, 5, 6, 8, 1, 11, 0]",10,0.0,61.0,0.0599999,Optimal
576,j20,58,6,"[0, 1, 8, 7, 6, 2, 3, 7, 10, 1, 7, 3, 4, 10, 4, 4, 7, 5, 7, 3, 10, 0]",10,0.0,60.0,0.00999999,Optimal
577,j20,58,7,"[0, 1, 6, 8, 5, 3, 3, 5, 6, 1, 4, 4, 2, 12, 3, 5, 7, 3, 11, 1, 8, 0]",10,0.0,59.0,0.00999999,Optimal
578,j20,58,8,"[0, 1, 4, 7, 5, 3, 2, 4, 12, 2, 7, 6, 5, 12, 3, 7, 5, 5, 7, 3, 11, 0]",10,0.0,62.0,0.0400002,Optimal
579,j20,58,9,"[0, 2, 8, 11, 5, 2, 2, 6, 7, 2, 3, 2, 2, 8, 6, 8, 7, 2, 11, 2, 11, 0]",10,0.0,60.0,0.00999999,Optimal
580,j20,59,0,"[0, 6, 10, 2, 3, 6, 2, 4, 2, 10, 2, 6, 3, 2, 5, 8, 6, 1, 7, 9, 2, 0]",10,0.0,42.0,0.02,Optimal
581,j20,59,1,"[0, 5, 10, 4, 6, 4, 3, 4, 3, 11, 2, 3, 2, 1, 4, 5, 4, 1, 7, 7, 2, 0]",10,0.0,39.0,0.00999999,Optimal
582,j20,59,2,"[0, 3, 11, 5, 4, 4, 2, 7, 3, 11, 2, 3, 1, 1, 4, 7, 8, 1, 5, 10, 2, 0]",10,0.0,42.0,0.00999999,Optimal
583,j20,59,3,"[0, 6, 7, 4, 2, 7, 3, 6, 3, 7, 1, 3, 3, 2, 7, 7, 5, 1, 6, 12, 2, 0]",10,0.0,39.0,0.0,Optimal
584,j20,59,4,"[0, 3, 8, 4, 3, 6, 6, 6, 3, 6, 1, 3, 2, 2, 6, 4, 4, 1, 7, 11, 4, 0]",10,0.0,39.0,0.0,Optimal
585,j20,59,5,"[0, 5, 10, 5, 5, 3, 5, 8, 1, 10, 2, 6, 2, 1, 7, 6, 4, 1, 5, 10, 3, 0]",10,0.0,43.0,0.02,Optimal
586,j20,59,6,"[0, 4, 6, 4, 6, 7, 2, 8, 2, 10, 2, 2, 3, 2, 4, 6, 8, 1, 7, 8, 4, 0]",10,0.0,42.0,0.00999999,Optimal
587,j20,59,7,"[0, 3, 7, 4, 4, 3, 3, 6, 1, 6, 1, 3, 3, 2, 7, 6, 4, 1, 3, 7, 3, 0]",10,0.0,39.0,0.0,Optimal
588,j20,59,8,"[0, 3, 7, 5, 3, 4, 6, 8, 3, 11, 1, 5, 1, 2, 4, 6, 8, 1, 3, 11, 2, 0]",10,0.0,42.0,0.0,Optimal
589,j20,59,9,"[0, 6, 7, 3, 2, 3, 6, 6, 2, 9, 1, 4, 3, 1, 3, 7, 7, 1, 4, 8, 2, 0]",10,0.0,39.0,0.0,Optimal
590,j20,60,0,"[0, 8, 8, 2, 5, 9, 2, 1, 7, 10, 7, 1, 3, 8, 1, 1, 1, 3, 4, 8, 2, 0]",10,0.0,40.0,0.00999999,Optimal
591,j20,60,1,"[0, 9, 6, 6, 6, 10, 3, 2, 6, 11, 4, 2, 3, 7, 1, 1, 1, 3, 2, 4, 2, 0]",10,0.0,40.0,0.00999999,Optimal
592,j20,60,2,"[0, 8, 6, 3, 4, 9, 3, 2, 9, 10, 3, 2, 5, 10, 1, 1, 1, 2, 3, 7, 2, 0]",10,0.0,41.0,0.00999999,Optimal
593,j20,60,3,"[0, 7, 4, 6, 5, 8, 4, 2, 6, 7, 6, 2, 6, 9, 2, 1, 2, 5, 4, 4, 1, 0]",10,0.0,40.0,0.00999999,Optimal
594,j20,60,4,"[0, 7, 6, 3, 7, 10, 4, 3, 6, 6, 4, 2, 5, 6, 1, 1, 2, 3, 4, 8, 2, 0]",10,0.0,40.0,0.0100002,Optimal
595,j20,60,5,"[0, 7, 8, 5, 7, 11, 2, 1, 9, 10, 7, 2, 6, 7, 1, 1, 1, 4, 2, 6, 2, 0]",10,0.0,40.0,0.00999999,Optimal
596,j20,60,6,"[0, 9, 5, 3, 4, 8, 6, 1, 6, 10, 4, 1, 6, 7, 1, 1, 1, 5, 3, 6, 1, 0]",10,0.0,40.0,0.00999999,Optimal
597,j20,60,7,"[0, 9, 6, 4, 4, 7, 4, 3, 8, 6, 4, 1, 6, 6, 1, 1, 2, 3, 3, 6, 2, 0]",10,0.0,40.0,0.0,Optimal
598,j20,60,8,"[0, 9, 6, 2, 4, 7, 2, 2, 9, 7, 4, 1, 6, 10, 2, 1, 1, 3, 2, 7, 2, 0]",10,0.0,41.0,0.0,Optimal
599,j20,60,9,"[0, 5, 7, 3, 6, 11, 6, 2, 6, 11, 3, 2, 5, 7, 2, 1, 2, 3, 2, 4, 1, 0]",10,0.0,40.0,0.0,Optimal
600,j20,61,0,"[0, 6, 2, 4, 2, 9, 2, 1, 2, 9, 2, 2, 3, 7, 1, 1, 6, 10, 8, 1, 8, 0]",10,,,0.0,Infeasible
601,j20,61,1,"[0, 7, 3, 6, 1, 7, 3, 2, 1, 5, 3, 3, 3, 6, 2, 2, 5, 7, 5, 1, 7, 0]",10,,,0.0,Infeasible
602,j20,61,2,"[0, 3, 2, 7, 3, 7, 2, 1, 2, 8, 3, 3, 3, 6, 2, 1, 4, 7, 8, 1, 8, 0]",10,,,0.0,Infeasible
603,j20,61,3,"[0, 7, 2, 7, 2, 8, 2, 1, 2, 7, 3, 3, 2, 6, 2, 2, 8, 9, 6, 2, 12, 0]",10,,,0.0,Infeasible
604,j20,61,4,"[0, 3, 2, 6, 3, 7, 5, 1, 1, 5, 1, 5, 3, 6, 2, 2, 4, 6, 9, 2, 12, 0]",10,,,0.0,Infeasible
605,j20,61,5,"[0, 5, 2, 7, 2, 9, 2, 2, 1, 8, 1, 4, 6, 9, 2, 1, 8, 8, 5, 2, 8, 0]",10,,,0.0,Infeasible
606,j20,61,6,"[0, 7, 3, 5, 1, 8, 6, 1, 1, 9, 2, 4, 6, 6, 1, 1, 7, 7, 7, 1, 10, 0]",10,,,0.0,Infeasible
607,j20,61,7,"[0, 5, 4, 4, 2, 8, 4, 2, 2, 5, 3, 5, 3, 7, 1, 1, 4, 11, 6, 1, 7, 0]",10,,,0.0,Infeasible
608,j20,61,8,"[0, 7, 4, 4, 2, 6, 3, 2, 2, 5, 2, 5, 3, 6, 1, 2, 8, 10, 8, 1, 11, 0]",10,,,0.0,Infeasible
609,j20,61,9,"[0, 3, 5, 4, 2, 8, 6, 2, 1, 5, 2, 5, 3, 6, 2, 2, 4, 11, 5, 1, 8, 0]",10,,,0.00999999,Infeasible
610,j20,62,0,"[0, 2, 1, 6, 2, 6, 7, 8, 5, 2, 4, 1, 2, 9, 4, 6, 7, 3, 11, 8, 10, 0]",10,,,0.00999999,Infeasible
611,j20,62,1,"[0, 2, 1, 7, 4, 10, 11, 7, 9, 3, 4, 2, 1, 5, 4, 5, 4, 2, 6, 10, 7, 0]",10,,,0.0,Infeasible
612,j20,62,2,"[0, 1, 1, 3, 3, 9, 8, 6, 5, 5, 4, 2, 2, 9, 3, 5, 6, 1, 8, 10, 6, 0]",10,,,0.0,Infeasible
613,j20,62,3,"[0, 2, 1, 6, 3, 8, 6, 9, 6, 4, 5, 2, 1, 6, 6, 8, 6, 2, 7, 9, 6, 0]",10,,,0.0,Infeasible
614,j20,62,4,"[0, 1, 1, 5, 4, 7, 9, 9, 7, 2, 3, 2, 2, 6, 4, 7, 3, 1, 11, 11, 10, 0]",10,,,0.0,Infeasible
615,j20,62,5,"[0, 2, 1, 5, 2, 9, 11, 8, 5, 5, 7, 2, 1, 9, 7, 5, 3, 1, 8, 6, 11, 0]",10,,,0.00999999,Infeasible
616,j20,62,6,"[0, 1, 1, 7, 3, 7, 6, 7, 9, 6, 3, 1, 2, 9, 4, 4, 5, 2, 8, 10, 10, 0]",10,,,0.0,Infeasible
617,j20,62,7,"[0, 2, 1, 5, 4, 6, 7, 7, 7, 2, 4, 1, 1, 5, 4, 6, 4, 2, 10, 8, 6, 0]",10,,,0.0,Infeasible
618,j20,62,8,"[0, 2, 1, 3, 3, 11, 6, 6, 8, 3, 4, 1, 2, 9, 7, 7, 3, 1, 9, 7, 8, 0]",10,,,0.0,Infeasible
619,j20,62,9,"[0, 2, 1, 7, 3, 6, 11, 5, 8, 3, 4, 2, 2, 5, 3, 8, 5, 2, 9, 10, 8, 0]",10,,,0.0,Infeasible
620,j20,63,0,"[0, 1, 3, 2, 1, 1, 3, 9, 3, 2, 2, 2, 2, 10, 3, 1, 4, 6, 7, 1, 1, 0]",10,0.0,60.0,0.13,Optimal
621,j20,63,1,"[0, 1, 5, 1, 3, 1, 4, 10, 4, 3, 3, 2, 3, 11, 3, 1, 3, 3, 6, 1, 1, 0]",10,,,0.0,Infeasible
622,j20,63,2,"[0, 1, 2, 2, 1, 1, 5, 8, 4, 2, 3, 5, 3, 11, 3, 1, 3, 5, 9, 1, 1, 0]",10,,,0.0,Infeasible
623,j20,63,3,"[0, 1, 3, 2, 1, 1, 6, 6, 6, 3, 3, 5, 1, 10, 3, 1, 4, 4, 6, 1, 1, 0]",10,,,0.00999999,Infeasible
624,j20,63,4,"[0, 1, 4, 2, 3, 2, 6, 9, 4, 5, 3, 2, 1, 8, 4, 1, 3, 5, 9, 1, 3, 0]",10,,,0.0,Infeasible
625,j20,63,5,"[0, 1, 4, 1, 1, 1, 3, 7, 6, 2, 1, 3, 2, 12, 6, 1, 4, 6, 8, 1, 2, 0]",10,,,0.0,Infeasible
626,j20,63,6,"[0, 1, 5, 2, 2, 1, 5, 10, 6, 6, 3, 2, 2, 10, 3, 1, 2, 6, 7, 1, 1, 0]",10,,,0.0,Infeasible
627,j20,63,7,"[0, 1, 3, 1, 1, 2, 3, 6, 5, 6, 1, 2, 1, 7, 6, 1, 3, 2, 7, 1, 2, 0]",10,,,0.0,Infeasible
628,j20,63,8,"[0, 1, 4, 1, 1, 2, 4, 8, 3, 3, 3, 4, 3, 8, 2, 1, 3, 4, 9, 1, 3, 0]",10,,,0.0,Infeasible
629,j20,63,9,"[0, 1, 2, 1, 2, 2, 3, 8, 4, 6, 3, 2, 2, 6, 3, 1, 2, 3, 8, 1, 2, 0]",10,,,0.0,Infeasible
630,j20,64,0,"[0, 1, 3, 5, 1, 4, 7, 6, 3, 4, 2, 1, 2, 10, 2, 7, 1, 2, 1, 1, 4, 0]",10,0.0,69.0,0.25,Optimal
631,j20,64,1,"[0, 1, 3, 4, 1, 7, 10, 5, 2, 6, 6, 1, 2, 7, 2, 3, 1, 2, 2, 2, 5, 0]",10,0.0,76.0,0.21,Optimal
632,j20,64,2,"[0, 1, 5, 3, 1, 5, 7, 3, 2, 5, 2, 1, 1, 11, 2, 5, 2, 1, 1, 2, 5, 0]",10,0.0,67.0,0.0899999,Optimal
633,j20,64,3,"[0, 1, 4, 3, 2, 5, 9, 7, 2, 5, 5, 1, 1, 8, 1, 3, 2, 2, 2, 1, 5, 0]",10,0.0,69.0,0.2,Optimal
634,j20,64,4,"[0, 1, 2, 2, 2, 6, 8, 4, 2, 5, 5, 1, 3, 11, 1, 6, 2, 2, 2, 1, 2, 0]",10,0.0,70.0,0.15,Optimal
635,j20,64,5,"[0, 1, 2, 4, 1, 5, 9, 7, 4, 4, 2, 1, 2, 7, 2, 6, 1, 1, 2, 2, 4, 0]",10,0.0,67.0,0.24,Optimal
636,j20,64,6,"[0, 1, 2, 3, 1, 6, 10, 6, 3, 7, 2, 1, 1, 9, 1, 7, 2, 2, 2, 1, 3, 0]",10,0.0,75.0,0.0899999,Optimal
637,j20,64,7,"[0, 1, 2, 2, 1, 4, 11, 5, 5, 8, 3, 1, 2, 6, 1, 7, 1, 1, 1, 2, 4, 0]",10,0.0,72.0,0.15,Optimal
638,j20,64,8,"[0, 1, 2, 3, 1, 6, 9, 4, 4, 8, 6, 1, 3, 8, 1, 3, 2, 1, 1, 1, 4, 0]",10,0.0,76.0,0.18,Optimal
639,j20,64,9,"[0, 1, 5, 5, 1, 5, 8, 7, 4, 4, 3, 1, 3, 7, 2, 7, 1, 1, 2, 2, 2, 0]",10,0.0,76.0,0.35,Optimal
640,j20,65,0,"[0, 2, 9, 1, 10, 1, 3, 1, 7, 2, 4, 2, 1, 3, 1, 1, 6, 7, 8, 8, 4, 0]",10,0.216216,74.0,1028.57,Feasible
641,j20,65,1,"[0, 1, 9, 1, 10, 1, 5, 1, 10, 2, 6, 2, 1, 5, 1, 2, 3, 6, 11, 5, 3, 0]",10,0.0,81.0,4.48,Optimal
642,j20,65,2,"[0, 2, 11, 1, 12, 1, 4, 1, 7, 1, 8, 3, 1, 2, 1, 1, 5, 8, 7, 4, 5, 0]",10,0.0,80.0,3.98,Optimal
643,j20,65,3,"[0, 1, 11, 1, 7, 1, 4, 1, 9, 1, 4, 3, 1, 5, 1, 1, 4, 10, 6, 7, 3, 0]",10,0.0,76.0,5.37,Optimal
644,j20,65,4,"[0, 1, 6, 1, 10, 1, 4, 1, 8, 2, 6, 3, 1, 2, 1, 3, 3, 9, 11, 8, 5, 0]",10,0.292683,82.0,938.92,Feasible
645,j20,65,5,"[0, 2, 7, 1, 9, 1, 3, 1, 6, 1, 6, 5, 1, 5, 1, 2, 5, 10, 8, 4, 2, 0]",10,0.2,75.0,934.82,Feasible
646,j20,65,6,"[0, 2, 7, 1, 7, 1, 6, 1, 6, 1, 8, 3, 1, 4, 1, 3, 6, 9, 11, 7, 2, 0]",10,0.225,80.0,963.87,Feasible
647,j20,65,7,"[0, 2, 10, 1, 9, 1, 7, 1, 12, 1, 8, 3, 1, 2, 1, 1, 4, 6, 11, 6, 6, 0]",10,0.204545,88.0,807.87,Feasible
648,j20,65,8,"[0, 2, 7, 1, 6, 1, 5, 1, 10, 1, 4, 2, 1, 3, 1, 3, 6, 7, 6, 6, 5, 0]",10,0.225352,71.0,924.85,Feasible
649,j20,65,9,"[0, 2, 8, 1, 10, 1, 7, 1, 8, 1, 4, 3, 1, 4, 1, 3, 4, 6, 11, 5, 4, 0]",10,0.225,80.0,1072.85,Feasible
650,j20,66,0,"[0, 11, 7, 9, 4, 7, 9, 4, 1, 7, 2, 6, 7, 3, 7, 12, 7, 1, 5, 1, 1, 0]",10,0.0,112.0,1.07,Optimal
651,j20,66,1,"[0, 8, 8, 7, 8, 7, 7, 4, 1, 11, 3, 3, 11, 3, 4, 7, 5, 1, 3, 1, 1, 0]",10,,,0.00999999,Infeasible
652,j20,66,2,"[0, 6, 7, 7, 5, 6, 9, 5, 2, 9, 2, 2, 7, 1, 5, 10, 5, 2, 5, 2, 1, 0]",10,,,1037.7,Unknown
653,j20,66,3,"[0, 8, 4, 9, 5, 8, 8, 5, 1, 7, 5, 6, 9, 2, 4, 9, 5, 1, 4, 3, 1, 0]",10,,,0.0,Infeasible
654,j20,66,4,"[0, 7, 7, 9, 6, 6, 6, 5, 2, 11, 5, 2, 6, 2, 7, 11, 7, 1, 5, 2, 1, 0]",10,0.0,108.0,0.71,Optimal
655,j20,66,5,"[0, 9, 4, 8, 8, 9, 10, 8, 2, 11, 2, 3, 6, 1, 5, 6, 7, 2, 2, 2, 1, 0]",10,,,0.0,Infeasible
656,j20,66,6,"[0, 7, 4, 7, 8, 10, 6, 8, 2, 10, 3, 2, 8, 2, 5, 10, 9, 2, 4, 3, 1, 0]",10,,,0.0,Infeasible
657,j20,66,7,"[0, 6, 5, 7, 6, 6, 11, 5, 1, 10, 4, 2, 11, 2, 4, 8, 6, 2, 2, 3, 1, 0]",10,,,0.0,Infeasible
658,j20,66,8,"[0, 6, 4, 6, 4, 7, 9, 5, 2, 11, 2, 6, 9, 3, 3, 9, 5, 2, 3, 3, 1, 0]",10,,,0.00999999,Infeasible
659,j20,66,9,"[0, 11, 8, 5, 4, 11, 9, 5, 2, 11, 2, 2, 10, 3, 6, 10, 7, 1, 4, 1, 1, 0]",10,,,0.00999999,Infeasible
660,j20,67,0,"[0, 2, 5, 10, 1, 5, 8, 1, 5, 1, 3, 7, 2, 7, 6, 1, 8, 1, 7, 1, 7, 0]",10,0.0,83.0,0.37,Optimal
661,j20,67,1,"[0, 1, 4, 10, 2, 6, 9, 1, 6, 2, 5, 3, 1, 4, 6, 1, 11, 1, 6, 1, 4, 0]",10,,,0.0,Infeasible
662,j20,67,2,"[0, 1, 2, 7, 1, 4, 8, 1, 7, 2, 2, 6, 1, 4, 6, 1, 9, 1, 5, 1, 4, 0]",10,,,0.00999999,Infeasible
663,j20,67,3,"[0, 1, 4, 10, 1, 7, 6, 1, 7, 2, 2, 7, 2, 5, 7, 1, 7, 1, 6, 1, 6, 0]",10,,,0.0,Infeasible
664,j20,67,4,"[0, 3, 5, 11, 1, 7, 6, 1, 8, 1, 2, 3, 1, 5, 6, 1, 9, 1, 7, 1, 3, 0]",10,0.0,75.0,0.33,Optimal
665,j20,67,5,"[0, 1, 5, 7, 2, 7, 5, 1, 5, 2, 3, 7, 2, 5, 9, 1, 9, 2, 8, 1, 3, 0]",10,,,0.00999999,Infeasible
666,j20,67,6,"[0, 1, 5, 10, 1, 8, 9, 1, 6, 1, 2, 5, 1, 5, 9, 1, 7, 2, 6, 1, 3, 0]",10,,,0.0,Infeasible
667,j20,67,7,"[0, 3, 2, 10, 1, 8, 6, 1, 9, 2, 2, 5, 2, 4, 7, 1, 10, 1, 7, 1, 5, 0]",10,,,0.00999999,Infeasible
668,j20,67,8,"[0, 3, 2, 7, 1, 6, 5, 1, 6, 1, 2, 3, 1, 4, 7, 1, 7, 2, 9, 1, 5, 0]",10,0.0,68.0,0.38,Optimal
669,j20,67,9,"[0, 1, 5, 11, 1, 5, 5, 1, 6, 2, 3, 4, 1, 7, 9, 1, 9, 1, 5, 1, 6, 0]",10,,,0.0,Infeasible
670,j20,68,0,"[0, 6, 1, 2, 1, 1, 2, 6, 4, 4, 3, 1, 5, 7, 3, 1, 1, 6, 6, 2, 9, 0]",10,0.0,69.0,0.25,Optimal
671,j20,68,1,"[0, 7, 1, 6, 1, 1, 2, 5, 8, 5, 3, 3, 2, 4, 3, 1, 2, 3, 5, 2, 10, 0]",10,0.0,72.0,0.13,Optimal
672,j20,68,2,"[0, 4, 1, 2, 1, 1, 2, 6, 6, 5, 2, 3, 5, 6, 3, 1, 2, 5, 8, 2, 7, 0]",10,0.0,70.0,0.2,Optimal
673,j20,68,3,"[0, 6, 1, 4, 1, 1, 1, 3, 7, 5, 4, 1, 2, 4, 4, 1, 2, 4, 5, 2, 12, 0]",10,0.0,68.0,0.0999999,Optimal
674,j20,68,4,"[0, 4, 2, 6, 1, 1, 2, 4, 7, 4, 2, 3, 4, 4, 5, 1, 1, 4, 4, 2, 7, 0]",10,0.0,65.0,0.18,Optimal
675,j20,68,5,"[0, 4, 2, 5, 1, 1, 1, 3, 8, 6, 2, 2, 5, 3, 5, 1, 1, 5, 8, 4, 10, 0]",10,0.0,76.0,0.21,Optimal
676,j20,68,6,"[0, 7, 2, 2, 1, 1, 1, 5, 4, 6, 5, 1, 3, 4, 2, 1, 1, 6, 8, 2, 10, 0]",10,0.0,70.0,0.13,Optimal
677,j20,68,7,"[0, 4, 1, 6, 1, 1, 2, 3, 6, 7, 3, 3, 2, 7, 4, 1, 1, 2, 5, 4, 12, 0]",10,0.0,74.0,0.0899999,Optimal
678,j20,68,8,"[0, 5, 2, 2, 1, 1, 3, 4, 6, 8, 4, 1, 4, 4, 4, 1, 2, 6, 6, 2, 11, 0]",10,0.0,78.0,0.0599999,Optimal
679,j20,68,9,"[0, 3, 2, 2, 1, 1, 2, 6, 5, 5, 4, 2, 2, 7, 5, 1, 1, 2, 7, 5, 6, 0]",10,0.0,68.0,0.17,Optimal
680,j20,69,0,"[0, 7, 8, 2, 2, 3, 5, 5, 6, 6, 1, 10, 2, 3, 1, 12, 2, 6, 1, 11, 8, 0]",10,,,0.00999999,Infeasible
681,j20,69,1,"[0, 8, 7, 2, 1, 6, 4, 9, 7, 6, 1, 12, 1, 4, 2, 7, 2, 5, 2, 6, 10, 0]",10,,,0.00999999,Infeasible
682,j20,69,2,"[0, 5, 4, 2, 2, 5, 4, 6, 6, 8, 1, 12, 2, 3, 2, 9, 1, 4, 2, 9, 10, 0]",10,,,0.0,Infeasible
683,j20,69,3,"[0, 6, 8, 2, 2, 5, 3, 7, 6, 9, 1, 7, 2, 4, 3, 7, 1, 5, 3, 11, 10, 0]",10,,,0.0,Infeasible
684,j20,69,4,"[0, 7, 5, 5, 1, 2, 2, 7, 8, 6, 1, 9, 1, 4, 3, 12, 1, 4, 2, 7, 11, 0]",10,,,0.0,Infeasible
685,j20,69,5,"[0, 7, 4, 2, 2, 6, 4, 9, 9, 8, 1, 11, 1, 5, 1, 9, 1, 8, 2, 10, 7, 0]",10,,,0.0,Infeasible
686,j20,69,6,"[0, 4, 8, 4, 1, 4, 6, 6, 7, 5, 1, 8, 1, 2, 1, 10, 2, 8, 2, 6, 8, 0]",10,,,0.0,Infeasible
687,j20,69,7,"[0, 7, 5, 4, 1, 6, 4, 7, 6, 6, 1, 8, 1, 4, 3, 6, 1, 5, 3, 10, 12, 0]",10,,,0.0,Infeasible
688,j20,69,8,"[0, 4, 5, 4, 2, 6, 4, 5, 11, 5, 1, 7, 2, 5, 1, 7, 2, 5, 2, 11, 10, 0]",10,,,0.0,Infeasible
689,j20,69,9,"[0, 8, 7, 4, 2, 2, 5, 5, 9, 6, 1, 8, 2, 3, 2, 10, 2, 4, 2, 6, 11, 0]",10,,,0.0,Infeasible
690,j20,70,0,"[0, 2, 9, 6, 2, 5, 4, 6, 3, 4, 5, 10, 6, 12, 7, 8, 6, 11, 5, 1, 5, 0]",10,0.280374,107.0,618.16,Feasible
691,j20,70,1,"[0, 1, 8, 6, 4, 2, 4, 4, 3, 5, 5, 11, 3, 7, 6, 10, 3, 6, 3, 2, 5, 0]",10,0.0,85.0,0.32,Optimal
692,j20,70,2,"[0, 3, 7, 2, 5, 4, 4, 4, 6, 8, 4, 7, 5, 10, 8, 10, 2, 11, 6, 2, 4, 0]",10,0.0,102.0,0.59,Optimal
693,j20,70,3,"[0, 1, 10, 3, 4, 5, 5, 4, 3, 5, 7, 11, 6, 9, 11, 7, 5, 6, 3, 3, 4, 0]",10,0.0,104.0,0.32,Optimal
694,j20,70,4,"[0, 2, 9, 6, 4, 4, 3, 3, 4, 5, 7, 6, 2, 11, 11, 10, 4, 10, 6, 2, 5, 0]",10,0.0,102.0,0.7,Optimal
695,j20,70,5,"[0, 2, 6, 5, 6, 5, 7, 7, 7, 5, 4, 10, 4, 6, 11, 8, 6, 7, 4, 1, 4, 0]",10,0.0,104.0,0.31,Optimal
696,j20,70,6,"[0, 1, 10, 2, 6, 3, 7, 4, 3, 6, 7, 7, 4, 10, 10, 8, 4, 6, 4, 3, 4, 0]",10,0.0,103.0,0.39,Optimal
697,j20,70,7,"[0, 3, 8, 2, 3, 4, 7, 3, 4, 6, 5, 11, 6, 8, 6, 11, 2, 7, 3, 2, 5, 0]",10,0.0,96.0,0.65,Optimal
698,j20,70,8,"[0, 2, 7, 6, 6, 5, 3, 6, 3, 7, 5, 8, 6, 11, 6, 11, 2, 11, 6, 2, 3, 0]",10,0.0,103.0,0.68,Optimal
699,j20,70,9,"[0, 2, 6, 2, 6, 4, 6, 7, 5, 4, 7, 9, 3, 8, 10, 9, 2, 6, 7, 3, 5, 0]",10,0.0,105.0,0.67,Optimal
700,j20,71,0,"[0, 8, 9, 6, 2, 2, 9, 1, 3, 6, 4, 1, 5, 8, 7, 4, 8, 7, 7, 6, 2, 0]",10,0.0,51.0,0.0899999,Optimal
701,j20,71,1,"[0, 7, 9, 11, 1, 1, 10, 1, 4, 7, 3, 3, 3, 5, 7, 5, 5, 6, 3, 7, 3, 0]",10,0.0,51.0,0.11,Optimal
702,j20,71,2,"[0, 5, 5, 11, 2, 2, 8, 1, 4, 6, 6, 3, 3, 5, 7, 5, 8, 5, 4, 6, 2, 0]",10,0.0,49.0,0.05,Optimal
703,j20,71,3,"[0, 7, 9, 6, 2, 2, 7, 1, 5, 6, 7, 2, 5, 6, 8, 3, 4, 6, 6, 7, 5, 0]",10,0.0,50.0,0.0699999,Optimal
704,j20,71,4,"[0, 6, 8, 6, 1, 1, 8, 1, 4, 9, 7, 3, 4, 4, 6, 5, 5, 6, 6, 3, 2, 0]",10,0.0,47.0,0.0700002,Optimal
705,j20,71,5,"[0, 9, 7, 10, 2, 2, 9, 1, 3, 9, 7, 1, 4, 8, 11, 2, 5, 5, 7, 5, 2, 0]",10,0.0,53.0,0.24,Optimal
706,j20,71,6,"[0, 7, 9, 7, 2, 2, 6, 1, 5, 10, 7, 1, 2, 5, 10, 3, 4, 7, 6, 4, 4, 0]",10,0.0,49.0,0.0699999,Optimal
707,j20,71,7,"[0, 9, 9, 8, 1, 1, 6, 1, 4, 8, 5, 1, 4, 5, 8, 2, 4, 6, 5, 4, 3, 0]",10,0.0,48.0,0.0599999,Optimal
708,j20,71,8,"[0, 9, 7, 6, 2, 2, 6, 1, 4, 11, 3, 2, 5, 5, 7, 4, 8, 9, 6, 3, 5, 0]",10,0.0,51.0,0.22,Optimal
709,j20,71,9,"[0, 5, 8, 7, 1, 2, 11, 1, 7, 11, 3, 2, 2, 7, 7, 3, 4, 5, 7, 5, 3, 0]",10,0.0,50.0,0.0999999,Optimal
710,j20,72,0,"[0, 3, 6, 10, 5, 6, 8, 2, 2, 1, 6, 2, 2, 9, 1, 6, 8, 8, 3, 6, 1, 0]",10,0.0,42.0,0.14,Optimal
711,j20,72,1,"[0, 5, 7, 8, 9, 7, 9, 2, 2, 3, 6, 1, 3, 6, 2, 6, 7, 4, 1, 5, 1, 0]",10,0.0,42.0,0.11,Optimal
712,j20,72,2,"[0, 2, 6, 8, 6, 5, 8, 3, 2, 2, 7, 2, 2, 5, 2, 8, 10, 6, 1, 4, 2, 0]",10,0.0,41.0,0.0799999,Optimal
713,j20,72,3,"[0, 5, 4, 8, 5, 9, 6, 3, 2, 3, 7, 1, 4, 6, 2, 9, 9, 5, 3, 4, 1, 0]",10,0.0,43.0,0.26,Optimal
714,j20,72,4,"[0, 4, 5, 7, 8, 9, 7, 3, 1, 1, 6, 2, 5, 6, 2, 8, 6, 4, 2, 8, 2, 0]",10,0.0,42.0,0.12,Optimal
715,j20,72,5,"[0, 4, 5, 10, 8, 8, 5, 1, 2, 1, 10, 2, 5, 9, 2, 5, 10, 6, 1, 6, 2, 0]",10,0.0,45.0,0.28,Optimal
716,j20,72,6,"[0, 2, 4, 7, 5, 7, 9, 1, 1, 1, 7, 1, 2, 6, 1, 7, 9, 5, 3, 8, 1, 0]",10,0.0,40.0,0.0699999,Optimal
717,j20,72,7,"[0, 5, 5, 8, 5, 6, 7, 3, 1, 3, 6, 1, 5, 6, 1, 9, 12, 4, 3, 5, 1, 0]",10,0.0,43.0,0.15,Optimal
718,j20,72,8,"[0, 3, 7, 8, 5, 5, 6, 2, 2, 1, 7, 2, 3, 6, 1, 9, 10, 7, 3, 4, 2, 0]",10,0.0,41.0,0.0800002,Optimal
719,j20,72,9,"[0, 5, 3, 9, 6, 7, 9, 2, 1, 2, 6, 2, 5, 6, 2, 5, 12, 4, 1, 6, 2, 0]",10,0.0,43.0,0.15,Optimal
720,j20,73,0,"[0, 2, 9, 1, 2, 1, 7, 7, 5, 6, 3, 1, 11, 9, 3, 8, 1, 5, 10, 7, 9, 0]",10,0.0,55.0,0.00999999,Optimal
721,j20,73,1,"[0, 1, 10, 2, 4, 1, 10, 5, 6, 12, 2, 3, 11, 6, 3, 11, 3, 4, 7, 4, 9, 0]",10,0.0178571,56.0,0.0999999,Optimal
722,j20,73,2,"[0, 2, 6, 1, 5, 1, 8, 5, 5, 12, 5, 3, 11, 6, 3, 9, 1, 3, 7, 7, 9, 0]",10,0.0,55.0,0.0500002,Optimal
723,j20,73,3,"[0, 1, 10, 1, 5, 1, 7, 6, 5, 10, 3, 3, 8, 6, 2, 12, 2, 6, 11, 8, 8, 0]",10,0.0,55.0,0.02,Optimal
724,j20,73,4,"[0, 2, 7, 3, 2, 1, 6, 6, 7, 7, 5, 1, 8, 5, 2, 7, 2, 6, 6, 4, 9, 0]",10,0.0,53.0,0.00999999,Optimal
725,j20,73,5,"[0, 2, 8, 1, 5, 1, 11, 7, 5, 9, 6, 1, 10, 9, 3, 6, 1, 5, 6, 6, 9, 0]",10,0.0,55.0,0.0799999,Optimal
726,j20,73,6,"[0, 2, 7, 1, 4, 1, 10, 8, 5, 10, 3, 3, 10, 6, 2, 8, 2, 5, 10, 8, 7, 0]",10,0.0,55.0,0.00999999,Optimal
727,j20,73,7,"[0, 1, 6, 2, 4, 1, 12, 6, 5, 12, 3, 3, 10, 5, 3, 8, 2, 7, 8, 4, 5, 0]",10,0.0,53.0,0.00999999,Optimal
728,j20,73,8,"[0, 2, 11, 1, 3, 1, 9, 5, 6, 12, 6, 1, 9, 5, 5, 6, 2, 5, 11, 8, 5, 0]",10,0.0,55.0,0.05,Optimal
729,j20,73,9,"[0, 2, 6, 2, 5, 1, 7, 5, 5, 12, 2, 1, 8, 8, 6, 8, 3, 3, 11, 7, 8, 0]",10,0.0,53.0,0.00999999,Optimal
730,j20,74,0,"[0, 2, 6, 9, 6, 3, 8, 11, 2, 1, 1, 5, 1, 3, 2, 2, 6, 1, 7, 8, 1, 0]",10,0.0,60.0,0.0500002,Optimal
731,j20,74,1,"[0, 3, 5, 9, 9, 6, 7, 10, 2, 1, 3, 7, 1, 6, 5, 2, 3, 2, 12, 6, 1, 0]",10,0.0,66.0,0.04,Optimal
732,j20,74,2,"[0, 2, 4, 6, 11, 3, 6, 6, 1, 1, 2, 5, 1, 2, 3, 2, 4, 2, 6, 12, 2, 0]",10,0.0,63.0,0.05,Optimal
733,j20,74,3,"[0, 3, 4, 6, 9, 6, 5, 7, 2, 1, 1, 7, 1, 6, 2, 2, 5, 2, 8, 6, 1, 0]",10,0.0,63.0,0.0599999,Optimal
734,j20,74,4,"[0, 2, 5, 7, 7, 2, 6, 9, 2, 1, 3, 9, 1, 5, 3, 2, 5, 1, 6, 6, 1, 0]",10,0.0,61.0,0.0599999,Optimal
735,j20,74,5,"[0, 3, 4, 8, 10, 4, 5, 6, 2, 1, 2, 6, 1, 5, 2, 1, 6, 2, 12, 8, 1, 0]",10,0.0,66.0,0.05,Optimal
736,j20,74,6,"[0, 2, 6, 5, 9, 6, 8, 10, 1, 1, 1, 9, 1, 3, 2, 1, 4, 1, 11, 8, 2, 0]",10,0.0,63.0,0.04,Optimal
737,j20,74,7,"[0, 1, 4, 6, 6, 4, 9, 10, 1, 1, 1, 6, 1, 6, 3, 1, 4, 2, 7, 8, 1, 0]",10,0.0,60.0,0.0599999,Optimal
738,j20,74,8,"[0, 1, 5, 7, 6, 3, 7, 12, 1, 1, 3, 5, 1, 3, 4, 1, 2, 1, 11, 11, 2, 0]",10,0.0,65.0,0.04,Optimal
739,j20,74,9,"[0, 3, 4, 9, 8, 2, 5, 7, 2, 1, 1, 6, 1, 5, 3, 2, 6, 1, 9, 12, 2, 0]",10,0.0,69.0,0.04,Optimal
740,j20,75,0,"[0, 11, 1, 5, 7, 1, 2, 2, 2, 1, 4, 5, 7, 1, 6, 1, 12, 2, 1, 9, 1, 0]",10,0.0,22.0,0.00999999,Optimal
741,j20,75,1,"[0, 12, 1, 3, 5, 1, 1, 3, 1, 2, 6, 8, 4, 1, 3, 1, 12, 1, 1, 6, 1, 0]",10,0.0,22.0,0.0,Optimal
742,j20,75,2,"[0, 7, 1, 5, 4, 2, 1, 1, 2, 1, 4, 7, 5, 1, 3, 1, 6, 3, 2, 8, 1, 0]",10,0.0,20.0,0.00999999,Optimal
743,j20,75,3,"[0, 12, 1, 3, 4, 2, 1, 1, 2, 1, 6, 8, 3, 1, 5, 1, 7, 3, 2, 5, 1, 0]",10,0.0,20.0,0.00999999,Optimal
744,j20,75,4,"[0, 10, 1, 3, 5, 3, 2, 1, 1, 2, 7, 8, 6, 1, 3, 1, 9, 3, 1, 5, 1, 0]",10,0.0,20.0,0.00999999,Optimal
745,j20,75,5,"[0, 8, 1, 4, 4, 1, 3, 3, 1, 1, 4, 5, 4, 1, 5, 1, 6, 1, 2, 9, 1, 0]",10,0.0,20.0,0.00999999,Optimal
746,j20,75,6,"[0, 11, 1, 4, 5, 1, 2, 2, 1, 1, 7, 8, 7, 1, 6, 1, 7, 1, 1, 7, 1, 0]",10,0.0,21.0,0.00999999,Optimal
747,j20,75,7,"[0, 6, 1, 3, 5, 1, 2, 2, 1, 3, 8, 8, 3, 1, 6, 1, 7, 3, 1, 6, 1, 0]",10,0.0,20.0,0.00999999,Optimal
748,j20,75,8,"[0, 6, 1, 4, 6, 2, 3, 1, 1, 3, 6, 4, 4, 1, 4, 1, 12, 3, 1, 5, 1, 0]",10,0.0,22.0,0.0,Optimal
749,j20,75,9,"[0, 12, 1, 5, 4, 3, 1, 3, 1, 3, 5, 6, 4, 1, 6, 1, 8, 1, 2, 5, 1, 0]",10,0.0,21.0,0.0600002,Optimal
750,j20,76,0,"[0, 5, 6, 2, 5, 7, 2, 2, 2, 1, 7, 10, 2, 6, 3, 8, 2, 5, 1, 5, 10, 0]",10,0.0,52.0,0.00999999,Optimal
751,j20,76,1,"[0, 4, 6, 4, 2, 7, 2, 2, 2, 3, 11, 7, 2, 3, 3, 6, 2, 4, 1, 2, 11, 0]",10,0.0,51.0,0.00999999,Optimal
752,j20,76,2,"[0, 5, 4, 3, 2, 9, 3, 2, 3, 2, 9, 10, 1, 3, 5, 10, 4, 7, 1, 3, 9, 0]",10,0.0,56.0,0.05,Optimal
753,j20,76,3,"[0, 3, 4, 2, 2, 7, 3, 2, 4, 2, 6, 7, 3, 6, 5, 11, 3, 6, 3, 2, 6, 0]",10,0.0,53.0,0.00999999,Optimal
754,j20,76,4,"[0, 4, 4, 3, 5, 9, 1, 1, 2, 1, 7, 7, 2, 5, 2, 6, 3, 7, 2, 4, 8, 0]",10,0.0,49.0,0.00999999,Optimal
755,j20,76,5,"[0, 6, 5, 5, 5, 11, 1, 2, 6, 1, 10, 11, 1, 3, 2, 10, 4, 3, 2, 4, 10, 0]",10,0.0,58.0,0.05,Optimal
756,j20,76,6,"[0, 3, 3, 2, 4, 10, 1, 1, 6, 2, 10, 7, 1, 4, 5, 7, 4, 7, 1, 5, 8, 0]",10,0.0,55.0,0.02,Optimal
757,j20,76,7,"[0, 4, 2, 3, 4, 8, 1, 1, 3, 3, 10, 6, 3, 3, 4, 7, 3, 7, 3, 2, 11, 0]",10,0.0,53.0,0.02,Optimal
758,j20,76,8,"[0, 2, 3, 2, 3, 9, 2, 2, 6, 1, 9, 11, 1, 5, 2, 9, 3, 5, 2, 3, 10, 0]",10,0.0,55.0,0.05,Optimal
759,j20,76,9,"[0, 2, 2, 5, 3, 7, 2, 1, 2, 1, 8, 11, 1, 4, 2, 11, 5, 6, 2, 3, 7, 0]",10,0.0,52.0,0.00999999,Optimal
760,j20,77,0,"[0, 2, 9, 7, 4, 4, 7, 3, 2, 6, 4, 2, 6, 11, 7, 4, 7, 1, 6, 7, 4, 0]",10,0.0,44.0,0.1,Optimal
761,j20,77,1,"[0, 2, 8, 7, 7, 7, 6, 2, 2, 12, 6, 1, 3, 7, 3, 4, 11, 1, 5, 4, 5, 0]",10,0.0,41.0,0.0599999,Optimal
762,j20,77,2,"[0, 2, 11, 4, 5, 3, 8, 3, 1, 6, 7, 2, 4, 7, 3, 4, 9, 1, 5, 4, 5, 0]",10,0.0,40.0,0.03,Optimal
763,j20,77,3,"[0, 1, 6, 4, 7, 7, 6, 2, 1, 11, 7, 2, 4, 6, 7, 3, 8, 1, 6, 4, 2, 0]",10,0.0,41.0,0.0799999,Optimal
764,j20,77,4,"[0, 1, 7, 6, 8, 6, 5, 5, 1, 6, 4, 1, 4, 7, 6, 2, 8, 1, 4, 3, 5, 0]",10,0.0263158,38.0,0.0599999,Optimal
765,j20,77,5,"[0, 2, 7, 4, 7, 3, 4, 3, 2, 12, 8, 2, 4, 10, 6, 3, 9, 1, 4, 6, 2, 0]",10,0.0,42.0,0.0400002,Optimal
766,j20,77,6,"[0, 2, 10, 7, 8, 4, 4, 2, 1, 6, 6, 2, 6, 7, 4, 2, 8, 1, 8, 7, 2, 0]",10,0.0,42.0,0.0999999,Optimal
767,j20,77,7,"[0, 1, 7, 7, 5, 3, 6, 5, 2, 8, 8, 1, 4, 8, 3, 3, 8, 1, 6, 3, 4, 0]",10,0.0,39.0,0.02,Optimal
768,j20,77,8,"[0, 2, 11, 4, 6, 7, 4, 4, 2, 11, 5, 1, 3, 11, 7, 4, 6, 1, 4, 4, 3, 0]",10,0.0,42.0,0.16,Optimal
769,j20,77,9,"[0, 2, 6, 4, 7, 4, 5, 4, 2, 10, 8, 2, 2, 9, 3, 5, 7, 1, 6, 7, 3, 0]",10,0.0,42.0,0.05,Optimal
770,j20,78,0,"[0, 5, 9, 2, 2, 5, 2, 1, 1, 6, 2, 2, 7, 5, 8, 10, 4, 3, 8, 9, 1, 0]",10,0.0,35.0,0.03,Optimal
771,j20,78,1,"[0, 4, 9, 4, 1, 5, 3, 1, 2, 5, 4, 2, 4, 5, 11, 12, 3, 3, 6, 9, 2, 0]",10,0.0,36.0,0.00999999,Optimal
772,j20,78,2,"[0, 2, 5, 5, 3, 3, 2, 1, 1, 8, 4, 2, 4, 5, 9, 10, 2, 3, 9, 9, 3, 0]",10,0.0,34.0,0.00999999,Optimal
773,j20,78,3,"[0, 6, 5, 5, 2, 4, 2, 1, 1, 6, 5, 1, 5, 5, 6, 12, 3, 5, 12, 9, 2, 0]",10,0.0,38.0,0.00999999,Optimal
774,j20,78,4,"[0, 3, 8, 2, 1, 4, 4, 1, 2, 6, 5, 2, 7, 6, 12, 12, 2, 2, 7, 6, 2, 0]",10,0.0,36.0,0.0100002,Optimal
775,j20,78,5,"[0, 5, 5, 2, 2, 3, 6, 1, 2, 7, 2, 2, 6, 4, 9, 10, 5, 2, 12, 9, 2, 0]",10,0.0,37.0,0.00999999,Optimal
776,j20,78,6,"[0, 6, 6, 2, 1, 4, 2, 1, 2, 7, 5, 1, 4, 5, 6, 8, 2, 2, 6, 9, 2, 0]",10,0.0,34.0,0.00999999,Optimal
777,j20,78,7,"[0, 6, 6, 2, 3, 5, 3, 1, 1, 9, 2, 2, 5, 6, 12, 6, 3, 4, 12, 7, 1, 0]",10,0.0277778,36.0,0.04,Optimal
778,j20,78,8,"[0, 3, 7, 6, 3, 2, 3, 1, 1, 6, 3, 1, 5, 4, 11, 6, 3, 3, 6, 6, 2, 0]",10,0.0,34.0,0.00999999,Optimal
779,j20,78,9,"[0, 3, 9, 6, 3, 3, 2, 1, 2, 5, 5, 2, 5, 8, 11, 6, 3, 2, 11, 8, 2, 0]",10,0.0,35.0,0.0699999,Optimal
780,j20,79,0,"[0, 8, 7, 1, 2, 5, 6, 3, 1, 3, 9, 2, 2, 4, 3, 10, 1, 2, 1, 3, 8, 0]",10,0.0,84.0,0.04,Optimal
781,j20,79,1,"[0, 8, 7, 1, 4, 8, 5, 7, 2, 3, 5, 3, 3, 4, 2, 11, 1, 2, 1, 2, 4, 0]",10,0.0,84.0,0.02,Optimal
782,j20,79,2,"[0, 9, 4, 1, 2, 4, 6, 5, 2, 2, 8, 3, 3, 4, 2, 9, 1, 1, 1, 2, 7, 0]",10,0.0,79.0,0.03,Optimal
783,j20,79,3,"[0, 9, 5, 1, 2, 4, 6, 4, 3, 5, 5, 1, 3, 5, 3, 7, 1, 1, 1, 2, 7, 0]",10,0.0,80.0,0.0599999,Optimal
784,j20,79,4,"[0, 9, 6, 1, 3, 5, 6, 3, 1, 4, 7, 2, 5, 6, 1, 8, 1, 1, 1, 1, 4, 0]",10,0.0,77.0,0.04,Optimal
785,j20,79,5,"[0, 6, 4, 1, 3, 7, 3, 3, 2, 3, 9, 2, 4, 5, 1, 9, 2, 2, 1, 2, 4, 0]",10,0.0,75.0,0.03,Optimal
786,j20,79,6,"[0, 8, 7, 1, 5, 8, 7, 7, 2, 2, 9, 3, 2, 5, 1, 7, 2, 2, 1, 1, 6, 0]",10,0.0,81.0,0.04,Optimal
787,j20,79,7,"[0, 9, 7, 1, 2, 8, 4, 7, 2, 2, 7, 2, 4, 7, 1, 8, 1, 1, 1, 1, 5, 0]",10,0.0,82.0,0.04,Optimal
788,j20,79,8,"[0, 7, 5, 1, 5, 4, 4, 5, 1, 4, 5, 3, 3, 4, 3, 7, 2, 1, 1, 3, 4, 0]",10,0.0,74.0,0.0500002,Optimal
789,j20,79,9,"[0, 5, 4, 1, 3, 4, 4, 6, 2, 3, 9, 1, 5, 3, 1, 9, 2, 1, 1, 2, 8, 0]",10,0.0,79.0,0.04,Optimal
790,j20,80,0,"[0, 11, 5, 1, 2, 7, 9, 2, 2, 1, 2, 1, 6, 3, 3, 3, 2, 1, 1, 4, 2, 0]",10,0.0,23.0,0.0899999,Optimal
791,j20,80,1,"[0, 8, 2, 2, 2, 8, 10, 4, 6, 1, 2, 2, 3, 3, 2, 3, 3, 1, 1, 3, 2, 0]",10,0.0,24.0,0.0899999,Optimal
792,j20,80,2,"[0, 11, 4, 2, 3, 6, 10, 3, 2, 1, 1, 2, 5, 3, 3, 1, 4, 1, 1, 5, 3, 0]",10,0.0,24.0,0.1,Optimal
793,j20,80,3,"[0, 11, 3, 2, 5, 10, 6, 3, 5, 1, 1, 3, 6, 1, 5, 2, 4, 1, 1, 5, 1, 0]",10,0.0,26.0,0.16,Optimal
794,j20,80,4,"[0, 10, 3, 2, 4, 8, 7, 2, 3, 1, 2, 3, 6, 2, 3, 3, 2, 1, 1, 2, 3, 0]",10,0.0,23.0,0.1,Optimal
795,j20,80,5,"[0, 8, 5, 2, 5, 7, 9, 6, 4, 1, 1, 3, 2, 1, 3, 2, 3, 1, 1, 5, 1, 0]",10,0.0,24.0,0.0599999,Optimal
796,j20,80,6,"[0, 6, 3, 2, 4, 10, 11, 4, 6, 1, 2, 2, 5, 2, 2, 1, 5, 1, 1, 2, 3, 0]",10,0.0,25.0,0.0700002,Optimal
797,j20,80,7,"[0, 10, 5, 2, 3, 10, 7, 2, 6, 1, 1, 1, 4, 1, 3, 2, 2, 1, 1, 4, 1, 0]",10,0.0,23.0,0.0699999,Optimal
798,j20,80,8,"[0, 10, 2, 1, 3, 10, 7, 2, 4, 1, 2, 2, 4, 1, 6, 3, 4, 1, 1, 4, 1, 0]",10,0.0,24.0,0.0800002,Optimal
799,j20,80,9,"[0, 7, 4, 1, 4, 8, 6, 3, 4, 1, 1, 3, 2, 3, 3, 3, 3, 1, 1, 3, 1, 0]",10,0.0,22.0,0.0,Optimal
800,j20,81,0,"[0, 7, 1, 6, 1, 2, 8, 4, 4, 5, 1, 8, 11, 1, 4, 1, 5, 7, 2, 4, 2, 0]",10,0.0,43.0,0.00999999,Optimal
801,j20,81,1,"[0, 6, 1, 9, 1, 1, 7, 8, 6, 8, 1, 5, 7, 2, 4, 1, 4, 6, 3, 5, 2, 0]",10,0.0,41.0,0.0,Optimal
802,j20,81,2,"[0, 5, 2, 6, 1, 1, 6, 4, 4, 7, 1, 6, 7, 1, 4, 1, 7, 6, 3, 5, 1, 0]",10,0.0,41.0,0.00999999,Optimal
803,j20,81,3,"[0, 4, 2, 9, 1, 1, 7, 8, 4, 7, 1, 5, 8, 2, 2, 1, 8, 6, 5, 4, 2, 0]",10,0.0,41.0,0.0,Optimal
804,j20,81,4,"[0, 6, 2, 6, 1, 3, 6, 7, 8, 7, 1, 5, 9, 1, 2, 1, 4, 7, 4, 5, 2, 0]",10,0.0,41.0,0.00999999,Optimal
805,j20,81,5,"[0, 5, 1, 8, 1, 3, 5, 4, 5, 5, 1, 7, 6, 1, 3, 1, 8, 7, 2, 5, 2, 0]",10,0.0,41.0,0.0,Optimal
806,j20,81,6,"[0, 7, 2, 6, 1, 1, 8, 8, 8, 8, 1, 5, 6, 1, 4, 1, 4, 7, 5, 2, 2, 0]",10,0.0,43.0,0.04,Optimal
807,j20,81,7,"[0, 5, 1, 8, 1, 1, 9, 4, 8, 5, 1, 8, 7, 1, 4, 1, 7, 6, 4, 2, 1, 0]",10,0.0,41.0,0.00999999,Optimal
808,j20,81,8,"[0, 6, 3, 6, 1, 2, 7, 6, 4, 5, 1, 6, 10, 1, 2, 1, 5, 7, 3, 3, 1, 0]",10,0.0,42.0,0.00999999,Optimal
809,j20,81,9,"[0, 6, 1, 11, 1, 1, 6, 4, 5, 7, 1, 5, 7, 1, 3, 1, 8, 9, 5, 4, 2, 0]",10,0.0,43.0,0.05,Optimal
810,j20,82,0,"[0, 2, 5, 2, 6, 2, 3, 9, 1, 2, 2, 3, 1, 10, 1, 7, 4, 3, 4, 2, 4, 0]",10,0.0,33.0,0.0,Optimal
811,j20,82,1,"[0, 2, 4, 2, 9, 1, 4, 10, 1, 4, 6, 5, 1, 7, 1, 4, 5, 4, 2, 4, 3, 0]",10,0.0,34.0,0.00999999,Optimal
812,j20,82,2,"[0, 2, 3, 5, 11, 1, 3, 7, 1, 2, 6, 3, 1, 6, 1, 3, 3, 5, 4, 3, 2, 0]",10,0.0,33.0,0.0,Optimal
813,j20,82,3,"[0, 3, 5, 4, 11, 2, 3, 9, 1, 6, 2, 3, 1, 9, 1, 7, 4, 2, 2, 3, 5, 0]",10,0.0,35.0,0.00999999,Optimal
814,j20,82,4,"[0, 2, 4, 5, 6, 1, 3, 8, 1, 4, 3, 2, 1, 12, 1, 4, 5, 5, 6, 5, 3, 0]",10,0.0,34.0,0.0,Optimal
815,j20,82,5,"[0, 2, 5, 4, 6, 1, 4, 8, 1, 3, 5, 2, 1, 8, 1, 3, 2, 5, 3, 3, 3, 0]",10,0.0,33.0,0.00999999,Optimal
816,j20,82,6,"[0, 1, 2, 3, 11, 1, 2, 11, 1, 4, 6, 5, 1, 11, 1, 6, 5, 3, 2, 5, 2, 0]",10,0.0,35.0,0.00999999,Optimal
817,j20,82,7,"[0, 1, 6, 5, 11, 1, 3, 6, 1, 6, 4, 2, 1, 11, 1, 5, 5, 2, 3, 5, 3, 0]",10,0.0,34.0,0.0,Optimal
818,j20,82,8,"[0, 1, 4, 2, 10, 1, 2, 7, 1, 6, 3, 2, 1, 8, 1, 6, 3, 4, 6, 2, 5, 0]",10,0.0,33.0,0.0100002,Optimal
819,j20,82,9,"[0, 3, 4, 4, 6, 2, 4, 12, 1, 4, 2, 4, 1, 11, 1, 4, 4, 2, 2, 4, 3, 0]",10,0.0,34.0,0.0,Optimal
820,j20,83,0,"[0, 11, 5, 6, 1, 7, 8, 4, 5, 3, 8, 8, 4, 5, 6, 3, 11, 8, 7, 9, 9, 0]",10,0.0,42.0,0.00999999,Optimal
821,j20,83,1,"[0, 8, 6, 4, 1, 7, 6, 4, 6, 3, 5, 5, 3, 7, 3, 1, 6, 11, 6, 8, 6, 0]",10,0.0,41.0,0.0,Optimal
822,j20,83,2,"[0, 6, 5, 3, 2, 9, 9, 4, 6, 5, 8, 6, 7, 3, 5, 2, 8, 6, 7, 7, 7, 0]",10,0.0,42.0,0.00999999,Optimal
823,j20,83,3,"[0, 8, 3, 2, 3, 7, 8, 8, 8, 3, 7, 4, 3, 5, 4, 2, 9, 10, 5, 12, 5, 0]",10,0.0,41.0,0.00999999,Optimal
824,j20,83,4,"[0, 6, 3, 3, 2, 9, 5, 4, 9, 4, 8, 7, 6, 3, 5, 1, 9, 10, 7, 11, 9, 0]",10,0.0,42.0,0.0,Optimal
825,j20,83,5,"[0, 7, 2, 6, 3, 6, 7, 8, 6, 3, 4, 6, 7, 7, 2, 1, 7, 10, 4, 6, 7, 0]",10,0.0,41.0,0.00999999,Optimal
826,j20,83,6,"[0, 9, 3, 4, 1, 10, 7, 6, 5, 3, 6, 6, 3, 4, 4, 1, 6, 11, 4, 8, 6, 0]",10,0.0,41.0,0.0,Optimal
827,j20,83,7,"[0, 11, 6, 4, 1, 11, 5, 5, 5, 3, 7, 5, 4, 7, 6, 3, 11, 6, 6, 6, 8, 0]",10,0.0,41.0,0.00999999,Optimal
828,j20,83,8,"[0, 7, 4, 6, 2, 6, 5, 7, 6, 3, 4, 4, 7, 5, 5, 1, 8, 6, 6, 9, 6, 0]",10,0.0,41.0,0.00999999,Optimal
829,j20,83,9,"[0, 8, 6, 5, 1, 12, 5, 8, 7, 6, 6, 4, 6, 3, 2, 1, 11, 8, 4, 6, 9, 0]",10,0.0,41.0,0.0,Optimal
830,j20,84,0,"[0, 5, 6, 1, 6, 2, 6, 5, 1, 3, 4, 9, 2, 9, 1, 3, 7, 10, 4, 1, 9, 0]",10,0.0,30.0,0.00999999,Optimal
831,j20,84,1,"[0, 5, 6, 1, 8, 1, 5, 9, 1, 4, 4, 5, 1, 6, 1, 3, 6, 7, 2, 1, 9, 0]",10,0.0,29.0,0.0,Optimal
832,j20,84,2,"[0, 3, 2, 1, 6, 2, 6, 7, 1, 4, 3, 8, 1, 6, 1, 3, 8, 10, 2, 1, 6, 0]",10,0.0,30.0,0.00999999,Optimal
833,j20,84,3,"[0, 5, 6, 1, 8, 1, 3, 8, 1, 4, 5, 5, 1, 6, 1, 4, 7, 7, 2, 1, 6, 0]",10,0.0,29.0,0.00999999,Optimal
834,j20,84,4,"[0, 5, 6, 1, 9, 2, 4, 8, 1, 3, 3, 7, 1, 6, 1, 5, 9, 8, 2, 1, 5, 0]",10,0.0,29.0,0.0,Optimal
835,j20,84,5,"[0, 3, 3, 1, 11, 1, 3, 9, 1, 5, 7, 8, 2, 8, 1, 2, 8, 10, 5, 1, 9, 0]",10,0.0,30.0,0.0,Optimal
836,j20,84,6,"[0, 6, 6, 1, 7, 1, 7, 7, 1, 3, 5, 9, 2, 6, 1, 2, 7, 10, 6, 1, 5, 0]",10,0.0,30.0,0.00999999,Optimal
837,j20,84,7,"[0, 6, 3, 1, 10, 2, 3, 7, 1, 6, 4, 7, 1, 9, 1, 4, 7, 6, 3, 1, 7, 0]",10,0.0,29.0,0.0,Optimal
838,j20,84,8,"[0, 4, 2, 1, 11, 2, 5, 9, 1, 3, 4, 7, 2, 9, 1, 4, 5, 11, 2, 1, 6, 0]",10,0.0,31.0,0.00999999,Optimal
839,j20,84,9,"[0, 2, 3, 1, 9, 2, 4, 9, 1, 7, 6, 5, 2, 5, 1, 5, 6, 8, 6, 1, 5, 0]",10,0.0,29.0,0.00999999,Optimal
840,j20,85,0,"[0, 2, 6, 7, 1, 1, 7, 5, 3, 1, 1, 1, 7, 10, 5, 11, 1, 4, 3, 2, 7, 0]",10,0.0,36.0,0.0,Optimal
841,j20,85,1,"[0, 1, 6, 7, 1, 1, 10, 3, 4, 3, 1, 1, 7, 7, 5, 6, 1, 4, 2, 5, 6, 0]",10,0.0,36.0,0.00999999,Optimal
842,j20,85,2,"[0, 2, 3, 7, 2, 1, 6, 2, 3, 3, 1, 2, 6, 9, 4, 11, 2, 4, 1, 2, 6, 0]",10,0.0,36.0,0.0,Optimal
843,j20,85,3,"[0, 1, 5, 7, 1, 1, 11, 5, 3, 3, 1, 2, 6, 10, 3, 8, 2, 5, 2, 2, 6, 0]",10,0.0,36.0,0.0,Optimal
844,j20,85,4,"[0, 3, 7, 6, 2, 1, 7, 5, 4, 1, 1, 1, 8, 8, 5, 7, 2, 6, 1, 4, 5, 0]",10,0.0,36.0,0.00999999,Optimal
845,j20,85,5,"[0, 1, 4, 4, 2, 1, 9, 2, 2, 2, 1, 2, 10, 11, 4, 8, 1, 6, 2, 5, 5, 0]",10,0.0,36.0,0.0,Optimal
846,j20,85,6,"[0, 1, 6, 7, 1, 1, 10, 5, 5, 2, 1, 1, 7, 6, 2, 8, 1, 5, 1, 3, 6, 0]",10,0.0,36.0,0.00999999,Optimal
847,j20,85,7,"[0, 1, 5, 7, 1, 1, 6, 2, 3, 3, 1, 1, 7, 6, 4, 9, 2, 5, 1, 2, 7, 0]",10,0.0,36.0,0.00999999,Optimal
848,j20,85,8,"[0, 3, 3, 4, 1, 1, 8, 5, 5, 1, 1, 1, 11, 7, 4, 10, 1, 3, 3, 3, 6, 0]",10,0.0,36.0,0.0,Optimal
849,j20,85,9,"[0, 3, 4, 7, 1, 1, 6, 5, 3, 1, 1, 2, 11, 6, 3, 9, 2, 4, 3, 3, 9, 0]",10,0.0,36.0,0.00999999,Optimal
850,j20,86,0,"[0, 5, 1, 7, 1, 6, 4, 2, 4, 6, 3, 1, 11, 8, 7, 8, 8, 6, 9, 2, 7, 0]",10,0.0,51.0,0.00999999,Optimal
851,j20,86,1,"[0, 4, 1, 7, 1, 11, 5, 1, 5, 7, 5, 3, 6, 5, 7, 11, 5, 5, 5, 1, 4, 0]",10,0.0,46.0,0.0,Optimal
852,j20,86,2,"[0, 2, 1, 3, 1, 11, 6, 2, 6, 7, 2, 3, 9, 5, 7, 9, 8, 4, 6, 2, 7, 0]",10,0.0,47.0,0.0100002,Optimal
853,j20,86,3,"[0, 4, 1, 7, 1, 6, 6, 2, 6, 6, 2, 2, 8, 6, 7, 6, 5, 7, 9, 2, 4, 0]",10,0.0,47.0,0.00999999,Optimal
854,j20,86,4,"[0, 5, 1, 3, 1, 6, 5, 1, 5, 9, 2, 3, 6, 4, 7, 7, 7, 4, 5, 2, 7, 0]",10,0.0,46.0,0.0,Optimal
855,j20,86,5,"[0, 4, 1, 7, 1, 9, 6, 2, 4, 9, 2, 1, 10, 8, 7, 6, 8, 6, 5, 2, 5, 0]",10,0.0,48.0,0.0,Optimal
856,j20,86,6,"[0, 6, 1, 4, 1, 7, 3, 1, 8, 10, 2, 1, 7, 8, 7, 6, 6, 7, 6, 1, 7, 0]",10,0.0,47.0,0.02,Optimal
857,j20,86,7,"[0, 6, 1, 5, 1, 8, 3, 2, 6, 8, 5, 1, 11, 5, 8, 10, 4, 5, 7, 2, 7, 0]",10,0.0,49.0,0.0,Optimal
858,j20,86,8,"[0, 4, 1, 3, 1, 11, 3, 2, 4, 7, 5, 2, 7, 8, 10, 9, 4, 7, 5, 2, 4, 0]",10,0.0,46.0,0.00999999,Optimal
859,j20,86,9,"[0, 4, 1, 7, 1, 11, 3, 2, 4, 11, 5, 2, 7, 4, 11, 6, 8, 6, 8, 1, 5, 0]",10,0.0,47.0,0.0,Optimal
860,j20,87,0,"[0, 8, 8, 2, 1, 1, 5, 5, 7, 2, 1, 1, 1, 4, 7, 5, 8, 3, 6, 9, 6, 0]",10,0.0,32.0,0.0,Optimal
861,j20,87,1,"[0, 9, 7, 2, 1, 1, 4, 8, 6, 1, 1, 2, 2, 3, 4, 3, 5, 3, 4, 9, 5, 0]",10,0.0,31.0,0.0,Optimal
862,j20,87,2,"[0, 5, 4, 3, 1, 1, 5, 6, 5, 1, 1, 3, 3, 4, 4, 5, 8, 2, 5, 8, 8, 0]",10,0.0,32.0,0.0100002,Optimal
863,j20,87,3,"[0, 7, 8, 2, 1, 1, 3, 7, 5, 3, 1, 1, 1, 4, 5, 5, 6, 3, 4, 6, 7, 0]",10,0.0,31.0,0.0,Optimal
864,j20,87,4,"[0, 9, 7, 3, 1, 1, 3, 7, 4, 1, 1, 3, 3, 4, 6, 2, 6, 2, 4, 6, 5, 0]",10,0.0,31.0,0.0,Optimal
865,j20,87,5,"[0, 8, 4, 2, 1, 1, 3, 8, 6, 1, 1, 2, 2, 3, 6, 2, 7, 6, 8, 9, 5, 0]",10,0.0,31.0,0.00999999,Optimal
866,j20,87,6,"[0, 5, 8, 4, 1, 1, 2, 6, 8, 2, 1, 2, 1, 5, 7, 2, 4, 6, 5, 9, 5, 0]",10,0.0,31.0,0.0,Optimal
867,j20,87,7,"[0, 5, 6, 5, 1, 1, 3, 6, 8, 1, 1, 3, 3, 3, 4, 4, 6, 2, 5, 7, 8, 0]",10,0.0,31.0,0.00999999,Optimal
868,j20,87,8,"[0, 5, 5, 4, 1, 1, 3, 8, 6, 1, 1, 2, 1, 4, 3, 3, 7, 3, 5, 9, 8, 0]",10,0.0,31.0,0.00999999,Optimal
869,j20,87,9,"[0, 8, 4, 5, 1, 1, 5, 4, 7, 2, 1, 3, 2, 7, 3, 3, 4, 5, 5, 6, 4, 0]",10,0.0,31.0,0.0,Optimal
870,j20,88,0,"[0, 1, 1, 5, 1, 6, 4, 5, 11, 3, 3, 7, 8, 9, 5, 7, 8, 12, 2, 5, 7, 0]",10,0.0,36.0,0.0,Optimal
871,j20,88,1,"[0, 1, 1, 5, 1, 8, 7, 4, 10, 4, 4, 12, 4, 6, 5, 6, 5, 6, 1, 4, 3, 0]",10,0.0,34.0,0.00999999,Optimal
872,j20,88,2,"[0, 1, 1, 2, 2, 9, 5, 3, 6, 6, 4, 7, 7, 9, 4, 6, 7, 10, 1, 7, 3, 0]",10,0.0,34.0,0.0,Optimal
873,j20,88,3,"[0, 1, 1, 5, 2, 8, 3, 6, 7, 5, 5, 7, 4, 6, 7, 9, 7, 11, 2, 6, 3, 0]",10,0.0,35.0,0.00999999,Optimal
874,j20,88,4,"[0, 1, 1, 2, 1, 8, 4, 5, 10, 5, 3, 6, 5, 6, 7, 5, 4, 11, 2, 7, 5, 0]",10,0.0,35.0,0.00999999,Optimal
875,j20,88,5,"[0, 1, 1, 6, 2, 11, 6, 2, 9, 7, 6, 10, 8, 9, 5, 5, 8, 8, 1, 5, 7, 0]",10,0.0,34.0,0.0,Optimal
876,j20,88,6,"[0, 1, 1, 3, 2, 7, 3, 4, 10, 7, 3, 10, 5, 9, 5, 5, 6, 9, 2, 5, 7, 0]",10,0.0,34.0,0.00999999,Optimal
877,j20,88,7,"[0, 1, 1, 6, 2, 8, 5, 2, 7, 5, 5, 6, 5, 7, 8, 5, 5, 8, 2, 7, 5, 0]",10,0.0,34.0,0.0,Optimal
878,j20,88,8,"[0, 1, 1, 2, 2, 11, 3, 3, 11, 3, 4, 9, 5, 6, 8, 9, 7, 12, 2, 3, 6, 0]",10,0.0,36.0,0.00999999,Optimal
879,j20,88,9,"[0, 1, 1, 2, 2, 7, 5, 6, 11, 3, 3, 11, 7, 6, 5, 5, 4, 10, 1, 6, 7, 0]",10,0.0,34.0,0.0,Optimal
880,j20,89,0,"[0, 8, 6, 1, 7, 6, 2, 3, 2, 3, 2, 2, 1, 1, 2, 3, 9, 1, 11, 8, 2, 0]",10,0.0,50.0,0.00999999,Optimal
881,j20,89,1,"[0, 8, 6, 3, 10, 5, 1, 4, 3, 5, 4, 1, 1, 2, 2, 2, 6, 2, 6, 10, 3, 0]",10,0.0,48.0,0.0,Optimal
882,j20,89,2,"[0, 5, 2, 2, 9, 5, 2, 3, 5, 4, 3, 2, 2, 2, 1, 1, 6, 2, 10, 8, 2, 0]",10,0.0,49.0,0.00999999,Optimal
883,j20,89,3,"[0, 5, 5, 2, 8, 3, 1, 4, 4, 5, 5, 3, 2, 1, 1, 2, 8, 2, 11, 10, 5, 0]",10,0.0,50.0,0.0,Optimal
884,j20,89,4,"[0, 6, 5, 3, 6, 3, 1, 5, 3, 5, 5, 1, 1, 1, 1, 1, 5, 2, 7, 7, 3, 0]",10,0.0,48.0,0.0,Optimal
885,j20,89,5,"[0, 8, 2, 1, 11, 7, 2, 5, 6, 5, 3, 2, 1, 2, 1, 1, 9, 2, 11, 10, 3, 0]",10,0.0,50.0,0.00999999,Optimal
886,j20,89,6,"[0, 5, 6, 3, 6, 5, 2, 7, 3, 5, 3, 1, 1, 1, 1, 1, 9, 2, 10, 7, 2, 0]",10,0.0,49.0,0.0,Optimal
887,j20,89,7,"[0, 7, 5, 2, 8, 7, 1, 5, 4, 4, 2, 2, 1, 1, 1, 3, 5, 1, 11, 7, 4, 0]",10,0.0,50.0,0.0,Optimal
888,j20,89,8,"[0, 9, 2, 3, 11, 4, 1, 4, 6, 4, 2, 2, 1, 2, 2, 1, 6, 2, 7, 7, 4, 0]",10,0.0,48.0,0.00999999,Optimal
889,j20,89,9,"[0, 9, 6, 3, 11, 3, 2, 3, 5, 3, 4, 2, 2, 1, 2, 1, 5, 2, 9, 7, 3, 0]",10,0.0,48.0,0.0,Optimal
890,j20,90,0,"[0, 3, 2, 1, 6, 7, 2, 3, 6, 3, 8, 2, 9, 1, 4, 8, 1, 4, 11, 1, 8, 0]",10,0.0,41.0,0.0100002,Optimal
891,j20,90,1,"[0, 2, 2, 1, 8, 10, 2, 5, 10, 3, 5, 3, 5, 1, 4, 7, 2, 4, 7, 1, 7, 0]",10,0.0,38.0,0.0,Optimal
892,j20,90,2,"[0, 2, 1, 2, 6, 6, 2, 6, 8, 3, 4, 3, 8, 1, 4, 7, 1, 2, 7, 1, 9, 0]",10,0.0,37.0,0.00999999,Optimal
893,j20,90,3,"[0, 2, 1, 1, 6, 11, 2, 4, 8, 2, 8, 2, 7, 2, 5, 7, 1, 4, 7, 1, 9, 0]",10,0.0,41.0,0.0,Optimal
894,j20,90,4,"[0, 5, 1, 2, 10, 9, 2, 4, 9, 2, 4, 3, 7, 2, 4, 9, 1, 4, 6, 1, 6, 0]",10,0.0,37.0,0.0,Optimal
895,j20,90,5,"[0, 5, 2, 2, 7, 11, 2, 3, 6, 6, 6, 1, 8, 2, 6, 11, 1, 5, 10, 1, 9, 0]",10,0.0,39.0,0.00999999,Optimal
896,j20,90,6,"[0, 2, 1, 1, 11, 10, 2, 3, 10, 4, 4, 2, 7, 2, 7, 7, 2, 2, 8, 1, 10, 0]",10,0.0,38.0,0.0,Optimal
897,j20,90,7,"[0, 2, 1, 1, 7, 12, 1, 4, 6, 4, 7, 2, 7, 1, 7, 8, 3, 4, 6, 1, 7, 0]",10,0.0,40.0,0.00999999,Optimal
898,j20,90,8,"[0, 4, 1, 3, 8, 6, 1, 4, 8, 6, 4, 3, 6, 1, 4, 11, 1, 4, 6, 1, 11, 0]",10,0.0,39.0,0.0,Optimal
899,j20,90,9,"[0, 2, 2, 2, 6, 7, 2, 4, 7, 6, 8, 3, 5, 2, 3, 9, 2, 4, 11, 1, 11, 0]",10,0.0,42.0,0.00999999,Optimal
