instance_folder,instance_id,method,time_limit,feasibility,obj,time_offline,time_online,start_times,real_durations,mode,obj_pi
j20,1,proactive_quantile_0.9,60,False,inf,inf,inf,,"[0, 7, 1, 6, 2, 2, 1, 6, 2, 9, 2, 2, 10, 1, 4, 1, 3, 1, 6, 6, 5, 0]",quantile_0.9,46.0
j20,1,proactive_quantile_0.9,60,False,inf,inf,inf,,"[0, 8, 2, 6, 1, 2, 3, 7, 1, 8, 1, 2, 7, 1, 4, 1, 1, 1, 5, 5, 2, 0]",quantile_0.9,43.0
j20,1,proactive_quantile_0.9,60,False,inf,inf,inf,,"[0, 6, 1, 6, 2, 2, 3, 6, 1, 6, 2, 3, 8, 1, 4, 1, 1, 3, 5, 5, 5, 0]",quantile_0.9,42.0
j20,1,proactive_quantile_0.9,60,False,inf,inf,inf,,"[0, 8, 2, 7, 3, 1, 1, 8, 1, 6, 2, 1, 8, 1, 3, 1, 1, 2, 5, 5, 2, 0]",quantile_0.9,44.0
j20,1,proactive_quantile_0.9,60,False,inf,inf,inf,,"[0, 4, 2, 11, 3, 1, 2, 8, 1, 8, 2, 2, 6, 1, 6, 1, 1, 1, 8, 6, 3, 0]",quantile_0.9,49.0
j20,1,proactive_quantile_0.9,60,False,inf,inf,inf,,"[0, 4, 1, 8, 1, 2, 3, 10, 2, 6, 1, 3, 10, 1, 7, 1, 1, 1, 5, 6, 3, 0]",quantile_0.9,50.0
j20,1,proactive_quantile_0.9,60,False,inf,inf,inf,,"[0, 4, 2, 9, 2, 2, 3, 11, 1, 9, 2, 3, 11, 1, 3, 1, 1, 2, 6, 6, 3, 0]",quantile_0.9,50.0
j20,3,proactive_quantile_0.9,60,False,inf,inf,inf,,"[0, 6, 8, 4, 5, 5, 9, 1, 3, 8, 1, 6, 8, 5, 11, 6, 4, 8, 4, 10, 3, 0]",quantile_0.9,80.0
j20,3,proactive_quantile_0.9,60,False,inf,inf,inf,,"[0, 7, 5, 7, 6, 2, 7, 1, 3, 6, 1, 6, 8, 9, 6, 7, 4, 10, 5, 6, 4, 0]",quantile_0.9,71.0
j20,3,proactive_quantile_0.9,60,False,inf,inf,inf,,"[0, 11, 9, 5, 4, 2, 6, 2, 2, 6, 2, 5, 5, 9, 10, 6, 3, 9, 4, 9, 3, 0]",quantile_0.9,77.0
j20,3,proactive_quantile_0.9,60,False,inf,inf,inf,,"[0, 8, 9, 3, 4, 5, 6, 2, 2, 5, 1, 6, 7, 9, 8, 3, 6, 9, 5, 8, 2, 0]",quantile_0.9,69.0
j20,4,proactive_quantile_0.9,60,False,inf,inf,inf,,"[0, 1, 3, 4, 5, 2, 1, 2, 1, 7, 2, 1, 2, 6, 2, 1, 1, 8, 4, 2, 9, 0]",quantile_0.9,40.0
j20,4,proactive_quantile_0.9,60,False,inf,inf,inf,,"[0, 1, 3, 4, 7, 1, 1, 2, 2, 9, 6, 3, 1, 3, 2, 1, 1, 9, 4, 4, 6, 0]",quantile_0.9,42.0
j20,4,proactive_quantile_0.9,60,False,inf,inf,inf,,"[0, 1, 3, 6, 4, 1, 1, 4, 1, 7, 5, 1, 1, 3, 1, 1, 1, 7, 4, 3, 9, 0]",quantile_0.9,40.0
j20,4,proactive_quantile_0.9,60,False,inf,inf,inf,,"[0, 1, 2, 3, 8, 2, 1, 4, 1, 10, 5, 2, 2, 3, 2, 1, 1, 10, 6, 2, 10, 0]",quantile_0.9,44.0
j20,4,proactive_quantile_0.9,60,False,inf,inf,inf,,"[0, 1, 3, 5, 6, 2, 1, 5, 1, 11, 3, 3, 1, 3, 1, 1, 1, 11, 4, 4, 7, 0]",quantile_0.9,46.0
j20,7,proactive_quantile_0.9,60,True,68.0,0.07343006134033203,0.0004649162292480469,"[0, 0, 14, 0, 25, 18, 42, 12, 12, 42, 9, 58, 27, 12, 35, 21, 62, 42, 61, 51, 33, 68]","[0, 8, 1, 6, 2, 4, 2, 6, 1, 6, 10, 2, 6, 3, 1, 10, 5, 7, 2, 2, 7, 0]",quantile_0.9,65.0
j20,7,proactive_quantile_0.9,60,True,68.0,0.07343006134033203,0.0003960132598876953,"[0, 0, 14, 0, 25, 18, 42, 12, 12, 42, 9, 58, 27, 12, 35, 21, 62, 42, 61, 51, 33, 68]","[0, 9, 2, 12, 1, 7, 2, 7, 2, 5, 12, 2, 3, 3, 2, 11, 4, 4, 1, 2, 6, 0]",quantile_0.9,67.0
j20,7,proactive_quantile_0.9,60,True,68.0,0.07343006134033203,0.00036215782165527344,"[0, 0, 14, 0, 25, 18, 42, 12, 12, 42, 9, 58, 27, 12, 35, 21, 62, 42, 61, 51, 33, 68]","[0, 5, 1, 11, 2, 5, 2, 6, 1, 8, 12, 2, 3, 3, 2, 10, 3, 4, 2, 2, 7, 0]",quantile_0.9,65.0
j20,7,proactive_quantile_0.9,60,True,68.0,0.07343006134033203,0.0003581047058105469,"[0, 0, 14, 0, 25, 18, 42, 12, 12, 42, 9, 58, 27, 12, 35, 21, 62, 42, 61, 51, 33, 68]","[0, 9, 1, 11, 2, 4, 3, 6, 1, 6, 8, 2, 4, 3, 1, 12, 4, 6, 2, 4, 9, 0]",quantile_0.9,65.0
j20,7,proactive_quantile_0.9,60,True,68.0,0.07343006134033203,0.00033211708068847656,"[0, 0, 14, 0, 25, 18, 42, 12, 12, 42, 9, 58, 27, 12, 35, 21, 62, 42, 61, 51, 33, 68]","[0, 8, 2, 7, 2, 3, 1, 8, 1, 6, 9, 1, 4, 2, 1, 7, 4, 6, 1, 2, 9, 0]",quantile_0.9,65.0
j20,7,proactive_quantile_0.9,60,True,69.0,0.07343006134033203,0.0004031658172607422,"[0, 0, 14, 0, 25, 18, 42, 12, 12, 42, 9, 58, 27, 12, 35, 21, 62, 42, 61, 51, 33, 68]","[0, 7, 1, 9, 2, 6, 2, 6, 2, 9, 9, 1, 6, 6, 2, 6, 7, 5, 1, 3, 7, 0]",quantile_0.9,66.0
j20,7,proactive_quantile_0.9,60,True,68.0,0.07343006134033203,0.0003771781921386719,"[0, 0, 14, 0, 25, 18, 42, 12, 12, 42, 9, 58, 27, 12, 35, 21, 62, 42, 61, 51, 33, 68]","[0, 9, 2, 7, 1, 5, 1, 10, 1, 9, 7, 1, 6, 3, 1, 8, 6, 4, 1, 2, 9, 0]",quantile_0.9,65.0
j20,7,proactive_quantile_0.9,60,True,68.0,0.07343006134033203,0.0003857612609863281,"[0, 0, 14, 0, 25, 18, 42, 12, 12, 42, 9, 58, 27, 12, 35, 21, 62, 42, 61, 51, 33, 68]","[0, 7, 1, 12, 1, 4, 3, 8, 2, 5, 12, 2, 3, 4, 1, 12, 3, 4, 1, 3, 9, 0]",quantile_0.9,65.0
j20,7,proactive_quantile_0.9,60,True,68.0,0.07343006134033203,0.0003819465637207031,"[0, 0, 14, 0, 25, 18, 42, 12, 12, 42, 9, 58, 27, 12, 35, 21, 62, 42, 61, 51, 33, 68]","[0, 7, 1, 11, 1, 4, 2, 6, 2, 8, 7, 2, 6, 6, 2, 12, 3, 6, 2, 2, 8, 0]",quantile_0.9,65.0
j20,7,proactive_quantile_0.9,60,True,68.0,0.07343006134033203,0.0003561973571777344,"[0, 0, 14, 0, 25, 18, 42, 12, 12, 42, 9, 58, 27, 12, 35, 21, 62, 42, 61, 51, 33, 68]","[0, 6, 1, 11, 2, 7, 2, 6, 2, 5, 11, 2, 3, 3, 2, 11, 3, 3, 1, 4, 8, 0]",quantile_0.9,65.0
j20,8,proactive_quantile_0.9,60,True,80.0,0.13413214683532715,0.0005090236663818359,"[0, 0, 9, 9, 12, 0, 29, 1, 0, 46, 0, 34, 20, 67, 71, 47, 40, 57, 64, 46, 64, 80]","[0, 8, 9, 6, 2, 1, 3, 7, 4, 6, 7, 10, 9, 12, 7, 4, 2, 5, 2, 1, 1, 0]",quantile_0.9,61.0
j20,8,proactive_quantile_0.9,60,True,82.0,0.13413214683532715,0.00043201446533203125,"[0, 0, 9, 9, 12, 0, 29, 1, 0, 46, 0, 34, 20, 67, 71, 47, 40, 57, 64, 46, 64, 80]","[0, 7, 9, 11, 1, 1, 4, 8, 5, 7, 12, 6, 6, 7, 11, 3, 3, 3, 2, 1, 2, 0]",quantile_0.9,60.0
j20,8,proactive_quantile_0.9,60,True,80.0,0.13413214683532715,0.0003867149353027344,"[0, 0, 9, 9, 12, 0, 29, 1, 0, 46, 0, 34, 20, 67, 71, 47, 40, 57, 64, 46, 64, 80]","[0, 5, 5, 11, 2, 1, 5, 6, 5, 6, 12, 9, 6, 7, 9, 6, 2, 4, 5, 1, 1, 0]",quantile_0.9,58.0
j20,8,proactive_quantile_0.9,60,True,80.0,0.13413214683532715,0.00038909912109375,"[0, 0, 9, 9, 12, 0, 29, 1, 0, 46, 0, 34, 20, 67, 71, 47, 40, 57, 64, 46, 64, 80]","[0, 7, 9, 6, 2, 1, 5, 5, 6, 6, 10, 7, 7, 8, 7, 2, 4, 4, 5, 1, 3, 0]",quantile_0.9,55.0
j20,8,proactive_quantile_0.9,60,True,80.0,0.13413214683532715,0.00045800209045410156,"[0, 0, 9, 9, 12, 0, 29, 1, 0, 46, 0, 34, 20, 67, 71, 47, 40, 57, 64, 46, 64, 80]","[0, 9, 8, 11, 2, 1, 5, 4, 4, 8, 8, 7, 8, 10, 8, 2, 2, 4, 3, 1, 2, 0]",quantile_0.9,63.0
j20,8,proactive_quantile_0.9,60,True,80.0,0.13413214683532715,0.0003960132598876953,"[0, 0, 9, 9, 12, 0, 29, 1, 0, 46, 0, 34, 20, 67, 71, 47, 40, 57, 64, 46, 64, 80]","[0, 8, 5, 6, 2, 1, 3, 8, 6, 10, 9, 11, 8, 11, 6, 5, 2, 6, 2, 1, 3, 0]",quantile_0.9,71.0
j20,8,proactive_quantile_0.9,60,True,80.0,0.13413214683532715,0.0003857612609863281,"[0, 0, 9, 9, 12, 0, 29, 1, 0, 46, 0, 34, 20, 67, 71, 47, 40, 57, 64, 46, 64, 80]","[0, 9, 9, 7, 1, 1, 2, 6, 4, 11, 8, 10, 6, 7, 6, 4, 2, 7, 2, 1, 1, 0]",quantile_0.9,68.0
j20,8,proactive_quantile_0.9,60,True,80.0,0.13413214683532715,0.00039076805114746094,"[0, 0, 9, 9, 12, 0, 29, 1, 0, 46, 0, 34, 20, 67, 71, 47, 40, 57, 64, 46, 64, 80]","[0, 6, 9, 7, 1, 1, 4, 7, 5, 8, 10, 10, 7, 8, 6, 3, 4, 5, 5, 1, 1, 0]",quantile_0.9,59.0
j20,8,proactive_quantile_0.9,60,True,82.0,0.13413214683532715,0.00038623809814453125,"[0, 0, 9, 9, 12, 0, 29, 1, 0, 46, 0, 34, 20, 67, 71, 47, 40, 57, 64, 46, 64, 80]","[0, 6, 7, 10, 1, 1, 2, 5, 6, 7, 11, 10, 7, 6, 11, 2, 3, 3, 3, 1, 2, 0]",quantile_0.9,59.0
j20,8,proactive_quantile_0.9,60,True,82.0,0.13413214683532715,0.0004038810729980469,"[0, 0, 9, 9, 12, 0, 29, 1, 0, 46, 0, 34, 20, 67, 71, 47, 40, 57, 64, 46, 64, 80]","[0, 6, 9, 10, 2, 1, 4, 4, 7, 6, 9, 7, 7, 11, 11, 6, 3, 3, 3, 1, 1, 0]",quantile_0.9,60.0
j20,9,proactive_quantile_0.9,60,False,inf,inf,inf,,"[0, 4, 1, 10, 11, 6, 2, 6, 2, 12, 6, 3, 6, 3, 3, 2, 8, 7, 4, 3, 2, 0]",quantile_0.9,82.0
j20,9,proactive_quantile_0.9,60,False,inf,inf,inf,,"[0, 3, 1, 9, 7, 6, 5, 5, 1, 7, 8, 4, 6, 2, 3, 5, 8, 9, 5, 6, 3, 0]",quantile_0.9,84.0
j20,9,proactive_quantile_0.9,60,False,inf,inf,inf,,"[0, 4, 1, 12, 6, 5, 4, 7, 1, 12, 11, 3, 7, 6, 2, 4, 5, 8, 5, 7, 3, 0]",quantile_0.9,91.0
j20,9,proactive_quantile_0.9,60,False,inf,inf,inf,,"[0, 2, 1, 11, 6, 5, 3, 5, 2, 9, 7, 3, 9, 6, 5, 4, 4, 9, 4, 6, 2, 0]",quantile_0.9,84.0
j20,10,proactive_quantile_0.9,60,False,inf,inf,inf,,"[0, 3, 6, 3, 3, 5, 2, 1, 1, 3, 1, 3, 8, 2, 6, 2, 7, 5, 2, 4, 1, 0]",quantile_0.9,64.0
j20,10,proactive_quantile_0.9,60,False,inf,inf,inf,,"[0, 3, 7, 4, 4, 4, 2, 1, 1, 5, 1, 3, 5, 1, 8, 4, 4, 3, 1, 5, 2, 0]",quantile_0.9,66.0
j20,11,proactive_quantile_0.9,60,False,inf,inf,inf,,"[0, 1, 2, 9, 9, 6, 6, 2, 8, 2, 5, 2, 3, 2, 3, 4, 4, 6, 2, 10, 6, 0]",quantile_0.9,43.0
j20,11,proactive_quantile_0.9,60,False,inf,inf,inf,,"[0, 1, 2, 6, 8, 6, 3, 1, 9, 4, 3, 2, 3, 5, 6, 3, 4, 8, 2, 8, 9, 0]",quantile_0.9,46.0
j20,11,proactive_quantile_0.9,60,False,inf,inf,inf,,"[0, 1, 2, 11, 8, 5, 4, 2, 6, 2, 3, 3, 4, 3, 2, 4, 6, 9, 5, 11, 6, 0]",quantile_0.9,48.0
j20,11,proactive_quantile_0.9,60,False,inf,inf,inf,,"[0, 1, 4, 6, 7, 8, 3, 2, 7, 2, 4, 1, 6, 2, 6, 4, 7, 6, 2, 8, 8, 0]",quantile_0.9,43.0
j20,11,proactive_quantile_0.9,60,False,inf,inf,inf,,"[0, 1, 3, 8, 9, 8, 4, 1, 6, 3, 4, 3, 4, 2, 3, 5, 7, 5, 4, 11, 6, 0]",quantile_0.9,53.0
j20,11,proactive_quantile_0.9,60,False,inf,inf,inf,,"[0, 1, 4, 7, 9, 6, 2, 2, 11, 2, 3, 2, 2, 3, 5, 4, 4, 9, 2, 9, 5, 0]",quantile_0.9,43.0
j20,11,proactive_quantile_0.9,60,False,inf,inf,inf,,"[0, 1, 5, 6, 8, 5, 4, 2, 11, 3, 2, 2, 2, 2, 5, 4, 4, 5, 4, 11, 5, 0]",quantile_0.9,45.0
j20,13,proactive_quantile_0.9,60,True,56.0,0.08535599708557129,0.0004858970642089844,"[0, 0, 8, 12, 12, 10, 37, 8, 21, 0, 33, 26, 27, 47, 21, 36, 12, 22, 51, 43, 18, 55]","[0, 7, 10, 5, 3, 2, 2, 2, 1, 6, 6, 7, 2, 9, 1, 4, 1, 10, 4, 6, 1, 0]",quantile_0.9,52.0
j20,13,proactive_quantile_0.9,60,True,55.0,0.08535599708557129,0.0003719329833984375,"[0, 0, 8, 12, 12, 10, 37, 8, 21, 0, 33, 26, 27, 47, 21, 36, 12, 22, 51, 43, 18, 55]","[0, 7, 10, 7, 6, 2, 3, 1, 1, 7, 6, 3, 3, 6, 1, 4, 2, 11, 4, 5, 2, 0]",quantile_0.9,51.0
j20,13,proactive_quantile_0.9,60,True,55.0,0.08535599708557129,0.0003199577331542969,"[0, 0, 8, 12, 12, 10, 37, 8, 21, 0, 33, 26, 27, 47, 21, 36, 12, 22, 51, 43, 18, 55]","[0, 4, 10, 6, 2, 1, 2, 2, 3, 7, 5, 6, 3, 6, 1, 4, 2, 10, 2, 5, 1, 0]",quantile_0.9,49.0
j20,13,proactive_quantile_0.9,60,True,56.0,0.08535599708557129,0.0003368854522705078,"[0, 0, 8, 12, 12, 10, 37, 8, 21, 0, 33, 26, 27, 47, 21, 36, 12, 22, 51, 43, 18, 55]","[0, 6, 10, 5, 5, 2, 3, 2, 1, 10, 6, 5, 3, 6, 1, 3, 1, 7, 5, 8, 2, 0]",quantile_0.9,52.0
j20,13,proactive_quantile_0.9,60,True,55.0,0.08535599708557129,0.0003440380096435547,"[0, 0, 8, 12, 12, 10, 37, 8, 21, 0, 33, 26, 27, 47, 21, 36, 12, 22, 51, 43, 18, 55]","[0, 5, 9, 5, 2, 1, 3, 2, 2, 9, 9, 5, 3, 5, 1, 3, 2, 7, 3, 7, 1, 0]",quantile_0.9,49.0
j20,13,proactive_quantile_0.9,60,True,56.0,0.08535599708557129,0.0003590583801269531,"[0, 0, 8, 12, 12, 10, 37, 8, 21, 0, 33, 26, 27, 47, 21, 36, 12, 22, 51, 43, 18, 55]","[0, 4, 11, 9, 4, 1, 2, 2, 2, 6, 8, 7, 1, 9, 1, 7, 2, 6, 2, 6, 1, 0]",quantile_0.9,48.0
j20,13,proactive_quantile_0.9,60,True,56.0,0.08535599708557129,0.0003368854522705078,"[0, 0, 8, 12, 12, 10, 37, 8, 21, 0, 33, 26, 27, 47, 21, 36, 12, 22, 51, 43, 18, 55]","[0, 6, 10, 6, 3, 1, 3, 1, 1, 6, 9, 4, 3, 9, 1, 4, 1, 8, 5, 5, 3, 0]",quantile_0.9,51.0
j20,13,proactive_quantile_0.9,60,True,55.0,0.08535599708557129,0.0003590583801269531,"[0, 0, 8, 12, 12, 10, 37, 8, 21, 0, 33, 26, 27, 47, 21, 36, 12, 22, 51, 43, 18, 55]","[0, 8, 10, 7, 4, 1, 1, 2, 3, 12, 7, 3, 3, 6, 1, 5, 1, 12, 2, 5, 3, 0]",quantile_0.9,51.0
j20,13,proactive_quantile_0.9,60,True,55.0,0.08535599708557129,0.00032901763916015625,"[0, 0, 8, 12, 12, 10, 37, 8, 21, 0, 33, 26, 27, 47, 21, 36, 12, 22, 51, 43, 18, 55]","[0, 5, 11, 9, 4, 1, 2, 1, 2, 11, 5, 4, 2, 6, 1, 7, 1, 9, 4, 4, 1, 0]",quantile_0.9,49.0
j20,13,proactive_quantile_0.9,60,True,55.0,0.08535599708557129,0.0003311634063720703,"[0, 0, 8, 12, 12, 10, 37, 8, 21, 0, 33, 26, 27, 47, 21, 36, 12, 22, 51, 43, 18, 55]","[0, 7, 7, 7, 6, 2, 1, 2, 1, 11, 8, 4, 2, 5, 1, 3, 1, 8, 3, 7, 1, 0]",quantile_0.9,51.0
j20,14,proactive_quantile_0.9,60,False,inf,inf,inf,,"[0, 6, 10, 6, 1, 3, 3, 3, 4, 2, 1, 11, 5, 5, 6, 8, 3, 5, 1, 3, 2, 0]",quantile_0.9,42.0
j20,14,proactive_quantile_0.9,60,False,inf,inf,inf,,"[0, 7, 8, 5, 1, 5, 3, 4, 6, 1, 1, 6, 5, 7, 10, 6, 6, 5, 1, 6, 2, 0]",quantile_0.9,43.0
j20,14,proactive_quantile_0.9,60,False,inf,inf,inf,,"[0, 6, 6, 8, 2, 4, 4, 4, 3, 1, 1, 7, 7, 8, 9, 5, 5, 5, 1, 3, 3, 0]",quantile_0.9,47.0
j20,14,proactive_quantile_0.9,60,False,inf,inf,inf,,"[0, 7, 11, 4, 2, 6, 5, 7, 7, 2, 1, 11, 8, 5, 6, 8, 4, 5, 1, 5, 1, 0]",quantile_0.9,49.0
j20,14,proactive_quantile_0.9,60,False,inf,inf,inf,,"[0, 6, 8, 4, 2, 4, 4, 3, 4, 1, 1, 10, 4, 5, 8, 5, 6, 7, 1, 3, 2, 0]",quantile_0.9,43.0
j20,15,proactive_quantile_0.9,60,True,101.0,0.09497785568237305,0.0004987716674804688,"[0, 83, 88, 96, 62, 0, 22, 0, 62, 11, 68, 38, 99, 74, 94, 50, 95, 71, 61, 89, 68, 101]","[0, 3, 7, 1, 5, 2, 9, 11, 2, 6, 7, 10, 2, 8, 4, 8, 1, 12, 3, 1, 1, 0]",quantile_0.9,90.0
j20,15,proactive_quantile_0.9,60,True,101.0,0.09497785568237305,0.00040602684020996094,"[0, 83, 88, 96, 62, 0, 22, 0, 62, 11, 68, 38, 99, 74, 94, 50, 95, 71, 61, 89, 68, 101]","[0, 2, 7, 1, 7, 1, 11, 8, 6, 7, 7, 12, 1, 5, 4, 11, 1, 7, 3, 1, 1, 0]",quantile_0.9,96.0
j20,15,proactive_quantile_0.9,60,True,101.0,0.09497785568237305,0.0003540515899658203,"[0, 83, 88, 96, 62, 0, 22, 0, 62, 11, 68, 38, 99, 74, 94, 50, 95, 71, 61, 89, 68, 101]","[0, 2, 5, 1, 5, 2, 9, 8, 3, 6, 12, 9, 1, 5, 4, 9, 1, 6, 3, 2, 1, 0]",quantile_0.9,91.0
j20,15,proactive_quantile_0.9,60,True,101.0,0.09497785568237305,0.00034999847412109375,"[0, 83, 88, 96, 62, 0, 22, 0, 62, 11, 68, 38, 99, 74, 94, 50, 95, 71, 61, 89, 68, 101]","[0, 2, 6, 1, 5, 2, 9, 7, 4, 6, 10, 7, 2, 6, 5, 7, 1, 12, 3, 2, 1, 0]",quantile_0.9,89.0
j20,15,proactive_quantile_0.9,60,True,101.0,0.09497785568237305,0.0003428459167480469,"[0, 83, 88, 96, 62, 0, 22, 0, 62, 11, 68, 38, 99, 74, 94, 50, 95, 71, 61, 89, 68, 101]","[0, 5, 8, 2, 6, 3, 6, 6, 4, 8, 7, 9, 1, 6, 3, 6, 2, 7, 3, 2, 1, 0]",quantile_0.9,88.0
j20,15,proactive_quantile_0.9,60,True,101.0,0.09497785568237305,0.0003840923309326172,"[0, 83, 88, 96, 62, 0, 22, 0, 62, 11, 68, 38, 99, 74, 94, 50, 95, 71, 61, 89, 68, 101]","[0, 5, 4, 1, 9, 2, 12, 8, 6, 9, 11, 9, 2, 4, 6, 10, 2, 10, 4, 1, 1, 0]",quantile_0.9,93.0
j20,15,proactive_quantile_0.9,60,True,101.0,0.09497785568237305,0.0004010200500488281,"[0, 83, 88, 96, 62, 0, 22, 0, 62, 11, 68, 38, 99, 74, 94, 50, 95, 71, 61, 89, 68, 101]","[0, 5, 8, 2, 5, 1, 8, 6, 4, 10, 7, 7, 1, 6, 7, 10, 1, 10, 3, 1, 1, 0]",quantile_0.9,93.0
j20,15,proactive_quantile_0.9,60,True,101.0,0.09497785568237305,0.00039386749267578125,"[0, 83, 88, 96, 62, 0, 22, 0, 62, 11, 68, 38, 99, 74, 94, 50, 95, 71, 61, 89, 68, 101]","[0, 2, 5, 1, 7, 2, 8, 10, 6, 8, 8, 12, 1, 5, 5, 12, 1, 8, 5, 2, 1, 0]",quantile_0.9,97.0
j20,15,proactive_quantile_0.9,60,True,101.0,0.09497785568237305,0.00038886070251464844,"[0, 83, 88, 96, 62, 0, 22, 0, 62, 11, 68, 38, 99, 74, 94, 50, 95, 71, 61, 89, 68, 101]","[0, 2, 5, 3, 9, 3, 6, 11, 3, 8, 7, 11, 1, 6, 3, 11, 1, 7, 3, 2, 1, 0]",quantile_0.9,94.0
j20,15,proactive_quantile_0.9,60,True,101.0,0.09497785568237305,0.000415802001953125,"[0, 83, 88, 96, 62, 0, 22, 0, 62, 11, 68, 38, 99, 74, 94, 50, 95, 71, 61, 89, 68, 101]","[0, 2, 5, 2, 6, 3, 11, 10, 6, 9, 12, 11, 1, 7, 3, 9, 2, 8, 5, 2, 1, 0]",quantile_0.9,95.0
j20,16,proactive_quantile_0.9,60,True,56.0,0.07406187057495117,0.0004649162292480469,"[0, 12, 0, 3, 12, 12, 24, 19, 35, 36, 30, 0, 44, 30, 30, 50, 44, 38, 50, 23, 15, 55]","[0, 6, 10, 6, 2, 5, 11, 6, 5, 2, 2, 2, 1, 4, 1, 1, 5, 1, 6, 1, 7, 0]",quantile_0.9,46.0
j20,16,proactive_quantile_0.9,60,True,55.0,0.07406187057495117,0.0003509521484375,"[0, 12, 0, 3, 12, 12, 24, 19, 35, 36, 30, 0, 44, 30, 30, 50, 44, 38, 50, 23, 15, 55]","[0, 7, 9, 10, 3, 2, 11, 8, 9, 2, 3, 3, 1, 4, 1, 1, 5, 2, 3, 1, 6, 0]",quantile_0.9,51.0
j20,16,proactive_quantile_0.9,60,True,55.0,0.07406187057495117,0.00034308433532714844,"[0, 12, 0, 3, 12, 12, 24, 19, 35, 36, 30, 0, 44, 30, 30, 50, 44, 38, 50, 23, 15, 55]","[0, 3, 10, 7, 1, 2, 11, 9, 7, 2, 2, 3, 2, 5, 1, 1, 5, 2, 5, 1, 9, 0]",quantile_0.9,48.0
j20,16,proactive_quantile_0.9,60,True,55.0,0.07406187057495117,0.0003230571746826172,"[0, 12, 0, 3, 12, 12, 24, 19, 35, 36, 30, 0, 44, 30, 30, 50, 44, 38, 50, 23, 15, 55]","[0, 3, 7, 9, 1, 4, 10, 6, 8, 2, 4, 1, 1, 3, 1, 1, 6, 2, 4, 1, 6, 0]",quantile_0.9,43.0
j20,16,proactive_quantile_0.9,60,True,55.0,0.07406187057495117,0.00039696693420410156,"[0, 12, 0, 3, 12, 12, 24, 19, 35, 36, 30, 0, 44, 30, 30, 50, 44, 38, 50, 23, 15, 55]","[0, 3, 12, 7, 3, 5, 11, 10, 8, 2, 3, 3, 1, 2, 1, 1, 6, 1, 3, 1, 8, 0]",quantile_0.9,51.0
j20,16,proactive_quantile_0.9,60,True,55.0,0.07406187057495117,0.00033402442932128906,"[0, 12, 0, 3, 12, 12, 24, 19, 35, 36, 30, 0, 44, 30, 30, 50, 44, 38, 50, 23, 15, 55]","[0, 7, 8, 6, 1, 5, 7, 7, 8, 1, 2, 2, 2, 4, 1, 1, 8, 2, 4, 1, 9, 0]",quantile_0.9,44.0
j20,16,proactive_quantile_0.9,60,True,55.0,0.07406187057495117,0.0003490447998046875,"[0, 12, 0, 3, 12, 12, 24, 19, 35, 36, 30, 0, 44, 30, 30, 50, 44, 38, 50, 23, 15, 55]","[0, 6, 11, 9, 2, 2, 9, 10, 8, 1, 4, 1, 2, 5, 1, 1, 8, 2, 2, 1, 9, 0]",quantile_0.9,51.0
j20,16,proactive_quantile_0.9,60,True,56.0,0.07406187057495117,0.0003399848937988281,"[0, 12, 0, 3, 12, 12, 24, 19, 35, 36, 30, 0, 44, 30, 30, 50, 44, 38, 50, 23, 15, 55]","[0, 5, 6, 11, 3, 5, 10, 7, 6, 1, 4, 1, 1, 2, 1, 1, 8, 2, 6, 1, 6, 0]",quantile_0.9,47.0
j20,16,proactive_quantile_0.9,60,True,55.0,0.07406187057495117,0.00033092498779296875,"[0, 12, 0, 3, 12, 12, 24, 19, 35, 36, 30, 0, 44, 30, 30, 50, 44, 38, 50, 23, 15, 55]","[0, 3, 8, 9, 2, 4, 10, 10, 7, 3, 4, 1, 2, 4, 1, 1, 6, 2, 2, 1, 6, 0]",quantile_0.9,47.0
j20,16,proactive_quantile_0.9,60,True,55.0,0.07406187057495117,0.0003273487091064453,"[0, 12, 0, 3, 12, 12, 24, 19, 35, 36, 30, 0, 44, 30, 30, 50, 44, 38, 50, 23, 15, 55]","[0, 5, 10, 6, 3, 3, 11, 7, 7, 2, 3, 1, 1, 2, 1, 1, 4, 2, 2, 1, 6, 0]",quantile_0.9,47.0
j20,17,proactive_quantile_0.9,60,True,48.0,0.0714418888092041,0.00040602684020996094,"[0, 0, 6, 25, 0, 8, 3, 0, 43, 16, 33, 12, 3, 44, 43, 34, 46, 20, 43, 13, 25, 48]","[0, 7, 1, 2, 2, 5, 5, 2, 1, 5, 1, 2, 3, 2, 2, 9, 1, 1, 3, 1, 9, 0]",quantile_0.9,48.0
j20,17,proactive_quantile_0.9,60,True,49.0,0.0714418888092041,0.00031828880310058594,"[0, 0, 6, 25, 0, 8, 3, 0, 43, 16, 33, 12, 3, 44, 43, 34, 46, 20, 43, 13, 25, 48]","[0, 6, 1, 2, 5, 2, 6, 1, 1, 7, 1, 2, 5, 5, 2, 6, 2, 1, 4, 1, 6, 0]",quantile_0.9,42.0
j20,17,proactive_quantile_0.9,60,True,48.0,0.0714418888092041,0.00031685829162597656,"[0, 0, 6, 25, 0, 8, 3, 0, 43, 16, 33, 12, 3, 44, 43, 34, 46, 20, 43, 13, 25, 48]","[0, 5, 1, 5, 3, 3, 4, 1, 1, 6, 1, 2, 2, 3, 3, 6, 1, 1, 4, 2, 8, 0]",quantile_0.9,44.0
j20,17,proactive_quantile_0.9,60,True,48.0,0.0714418888092041,0.0003299713134765625,"[0, 0, 6, 25, 0, 8, 3, 0, 43, 16, 33, 12, 3, 44, 43, 34, 46, 20, 43, 13, 25, 48]","[0, 5, 1, 3, 5, 2, 4, 2, 1, 8, 1, 2, 4, 2, 1, 8, 2, 1, 4, 2, 5, 0]",quantile_0.9,43.0
j20,17,proactive_quantile_0.9,60,True,49.0,0.0714418888092041,0.0003421306610107422,"[0, 0, 6, 25, 0, 8, 3, 0, 43, 16, 33, 12, 3, 44, 43, 34, 46, 20, 43, 13, 25, 48]","[0, 8, 1, 3, 4, 5, 6, 2, 1, 5, 1, 4, 3, 5, 3, 9, 2, 1, 3, 2, 8, 0]",quantile_0.9,48.0
j20,17,proactive_quantile_0.9,60,True,48.0,0.0714418888092041,0.0003578662872314453,"[0, 0, 6, 25, 0, 8, 3, 0, 43, 16, 33, 12, 3, 44, 43, 34, 46, 20, 43, 13, 25, 48]","[0, 4, 1, 2, 4, 4, 5, 1, 1, 7, 1, 4, 4, 2, 1, 6, 2, 1, 3, 2, 5, 0]",quantile_0.9,41.0
j20,17,proactive_quantile_0.9,60,True,49.0,0.0714418888092041,0.0003180503845214844,"[0, 0, 6, 25, 0, 8, 3, 0, 43, 16, 33, 12, 3, 44, 43, 34, 46, 20, 43, 13, 25, 48]","[0, 4, 1, 3, 6, 3, 6, 1, 1, 8, 1, 3, 5, 5, 2, 5, 2, 1, 2, 2, 9, 0]",quantile_0.9,44.0
j20,17,proactive_quantile_0.9,60,True,48.0,0.0714418888092041,0.0003108978271484375,"[0, 0, 6, 25, 0, 8, 3, 0, 43, 16, 33, 12, 3, 44, 43, 34, 46, 20, 43, 13, 25, 48]","[0, 8, 1, 5, 6, 3, 4, 1, 1, 7, 1, 2, 3, 4, 1, 6, 2, 1, 3, 1, 7, 0]",quantile_0.9,43.0
j20,17,proactive_quantile_0.9,60,True,48.0,0.0714418888092041,0.0002999305725097656,"[0, 0, 6, 25, 0, 8, 3, 0, 43, 16, 33, 12, 3, 44, 43, 34, 46, 20, 43, 13, 25, 48]","[0, 8, 1, 2, 2, 2, 5, 3, 1, 9, 1, 3, 2, 4, 2, 7, 1, 1, 2, 2, 7, 0]",quantile_0.9,44.0
j20,17,proactive_quantile_0.9,60,True,48.0,0.0714418888092041,0.00029540061950683594,"[0, 0, 6, 25, 0, 8, 3, 0, 43, 16, 33, 12, 3, 44, 43, 34, 46, 20, 43, 13, 25, 48]","[0, 6, 1, 4, 2, 3, 6, 3, 1, 7, 1, 5, 5, 2, 3, 6, 1, 1, 2, 1, 5, 0]",quantile_0.9,41.0
j20,18,proactive_quantile_0.9,60,True,42.0,0.07287120819091797,0.00048613548278808594,"[0, 15, 1, 8, 3, 0, 11, 15, 15, 0, 22, 23, 29, 30, 29, 39, 17, 22, 30, 29, 10, 42]","[0, 3, 2, 10, 3, 2, 7, 4, 3, 5, 7, 7, 4, 5, 9, 3, 6, 7, 5, 1, 2, 0]",quantile_0.9,33.0
j20,18,proactive_quantile_0.9,60,True,42.0,0.07287120819091797,0.0003490447998046875,"[0, 15, 1, 8, 3, 0, 11, 15, 15, 0, 22, 23, 29, 30, 29, 39, 17, 22, 30, 29, 10, 42]","[0, 4, 1, 11, 5, 1, 5, 5, 3, 5, 4, 4, 4, 3, 9, 2, 4, 3, 5, 1, 5, 0]",quantile_0.9,34.0
j20,18,proactive_quantile_0.9,60,True,42.0,0.07287120819091797,0.0003688335418701172,"[0, 15, 1, 8, 3, 0, 11, 15, 15, 0, 22, 23, 29, 30, 29, 39, 17, 22, 30, 29, 10, 42]","[0, 4, 2, 6, 6, 3, 5, 5, 6, 8, 3, 4, 6, 7, 7, 1, 4, 6, 3, 1, 4, 0]",quantile_0.9,36.0
j20,18,proactive_quantile_0.9,60,True,42.0,0.07287120819091797,0.0003459453582763672,"[0, 15, 1, 8, 3, 0, 11, 15, 15, 0, 22, 23, 29, 30, 29, 39, 17, 22, 30, 29, 10, 42]","[0, 5, 1, 10, 4, 3, 6, 5, 3, 5, 6, 7, 6, 4, 8, 3, 4, 3, 4, 1, 4, 0]",quantile_0.9,35.0
j20,18,proactive_quantile_0.9,60,True,42.0,0.07287120819091797,0.0003428459167480469,"[0, 15, 1, 8, 3, 0, 11, 15, 15, 0, 22, 23, 29, 30, 29, 39, 17, 22, 30, 29, 10, 42]","[0, 5, 2, 7, 6, 1, 6, 4, 3, 5, 4, 6, 3, 3, 9, 2, 6, 7, 5, 1, 3, 0]",quantile_0.9,33.0
j20,18,proactive_quantile_0.9,60,True,42.0,0.07287120819091797,0.00035500526428222656,"[0, 15, 1, 8, 3, 0, 11, 15, 15, 0, 22, 23, 29, 30, 29, 39, 17, 22, 30, 29, 10, 42]","[0, 5, 2, 11, 3, 1, 7, 8, 7, 8, 4, 3, 7, 5, 5, 2, 6, 7, 3, 1, 5, 0]",quantile_0.9,35.0
j20,18,proactive_quantile_0.9,60,True,42.0,0.07287120819091797,0.00036597251892089844,"[0, 15, 1, 8, 3, 0, 11, 15, 15, 0, 22, 23, 29, 30, 29, 39, 17, 22, 30, 29, 10, 42]","[0, 3, 1, 8, 7, 1, 4, 8, 4, 8, 4, 3, 5, 6, 6, 3, 8, 7, 4, 1, 4, 0]",quantile_0.9,36.0
j20,18,proactive_quantile_0.9,60,True,42.0,0.07287120819091797,0.00034880638122558594,"[0, 15, 1, 8, 3, 0, 11, 15, 15, 0, 22, 23, 29, 30, 29, 39, 17, 22, 30, 29, 10, 42]","[0, 4, 1, 7, 5, 3, 6, 4, 4, 6, 7, 3, 4, 5, 6, 2, 8, 5, 2, 1, 5, 0]",quantile_0.9,34.0
j20,18,proactive_quantile_0.9,60,True,42.0,0.07287120819091797,0.00039005279541015625,"[0, 15, 1, 8, 3, 0, 11, 15, 15, 0, 22, 23, 29, 30, 29, 39, 17, 22, 30, 29, 10, 42]","[0, 3, 1, 7, 3, 2, 7, 5, 4, 8, 7, 6, 3, 6, 5, 2, 6, 7, 2, 1, 3, 0]",quantile_0.9,34.0
j20,18,proactive_quantile_0.9,60,True,42.0,0.07287120819091797,0.0003807544708251953,"[0, 15, 1, 8, 3, 0, 11, 15, 15, 0, 22, 23, 29, 30, 29, 39, 17, 22, 30, 29, 10, 42]","[0, 2, 2, 9, 4, 2, 4, 4, 7, 6, 6, 7, 5, 3, 8, 2, 5, 5, 6, 1, 5, 0]",quantile_0.9,37.0
j20,19,proactive_quantile_0.9,60,True,38.0,0.08763909339904785,0.0004658699035644531,"[0, 0, 0, 12, 12, 2, 0, 5, 0, 9, 2, 8, 23, 30, 23, 30, 15, 24, 18, 13, 34, 38]","[0, 11, 2, 1, 9, 1, 5, 7, 6, 5, 3, 1, 1, 6, 10, 1, 8, 3, 4, 1, 4, 0]",quantile_0.9,34.0
j20,19,proactive_quantile_0.9,60,True,38.0,0.08763909339904785,0.00037479400634765625,"[0, 0, 0, 12, 12, 2, 0, 5, 0, 9, 2, 8, 23, 30, 23, 30, 15, 24, 18, 13, 34, 38]","[0, 11, 1, 1, 9, 2, 2, 8, 7, 7, 7, 1, 1, 6, 7, 1, 4, 3, 3, 2, 4, 0]",quantile_0.9,35.0
j20,19,proactive_quantile_0.9,60,True,38.0,0.08763909339904785,0.00031495094299316406,"[0, 0, 0, 12, 12, 2, 0, 5, 0, 9, 2, 8, 23, 30, 23, 30, 15, 24, 18, 13, 34, 38]","[0, 7, 2, 1, 5, 1, 3, 6, 3, 8, 5, 1, 1, 6, 6, 1, 7, 3, 3, 1, 2, 0]",quantile_0.9,34.0
j20,19,proactive_quantile_0.9,60,True,38.0,0.08763909339904785,0.00032401084899902344,"[0, 0, 0, 12, 12, 2, 0, 5, 0, 9, 2, 8, 23, 30, 23, 30, 15, 24, 18, 13, 34, 38]","[0, 7, 2, 1, 9, 1, 2, 6, 6, 6, 5, 1, 1, 5, 10, 1, 5, 4, 4, 2, 2, 0]",quantile_0.9,34.0
j20,19,proactive_quantile_0.9,60,True,39.0,0.08763909339904785,0.0004069805145263672,"[0, 0, 0, 12, 12, 2, 0, 5, 0, 9, 2, 8, 23, 30, 23, 30, 15, 24, 18, 13, 34, 38]","[0, 12, 2, 1, 8, 2, 4, 11, 7, 8, 4, 1, 1, 8, 6, 1, 4, 4, 4, 2, 5, 0]",quantile_0.9,33.0
j20,19,proactive_quantile_0.9,60,True,39.0,0.08763909339904785,0.00032830238342285156,"[0, 0, 0, 12, 12, 2, 0, 5, 0, 9, 2, 8, 23, 30, 23, 30, 15, 24, 18, 13, 34, 38]","[0, 9, 1, 1, 7, 1, 4, 6, 3, 6, 4, 1, 1, 8, 6, 1, 4, 6, 4, 1, 5, 0]",quantile_0.9,33.0
j20,19,proactive_quantile_0.9,60,True,38.0,0.08763909339904785,0.00034689903259277344,"[0, 0, 0, 12, 12, 2, 0, 5, 0, 9, 2, 8, 23, 30, 23, 30, 15, 24, 18, 13, 34, 38]","[0, 11, 2, 1, 5, 2, 2, 9, 7, 9, 7, 1, 1, 6, 6, 1, 8, 4, 2, 2, 4, 0]",quantile_0.9,36.0
j20,19,proactive_quantile_0.9,60,True,38.0,0.08763909339904785,0.0003490447998046875,"[0, 0, 0, 12, 12, 2, 0, 5, 0, 9, 2, 8, 23, 30, 23, 30, 15, 24, 18, 13, 34, 38]","[0, 10, 2, 1, 6, 1, 4, 10, 7, 5, 7, 1, 1, 6, 10, 1, 5, 2, 4, 2, 4, 0]",quantile_0.9,34.0
j20,19,proactive_quantile_0.9,60,True,38.0,0.08763909339904785,0.0003352165222167969,"[0, 0, 0, 12, 12, 2, 0, 5, 0, 9, 2, 8, 23, 30, 23, 30, 15, 24, 18, 13, 34, 38]","[0, 10, 1, 1, 7, 1, 4, 6, 4, 7, 5, 1, 1, 5, 11, 1, 5, 4, 6, 3, 2, 0]",quantile_0.9,34.0
j20,19,proactive_quantile_0.9,60,True,38.0,0.08763909339904785,0.0003299713134765625,"[0, 0, 0, 12, 12, 2, 0, 5, 0, 9, 2, 8, 23, 30, 23, 30, 15, 24, 18, 13, 34, 38]","[0, 12, 2, 1, 6, 1, 3, 11, 7, 7, 3, 1, 1, 5, 7, 1, 4, 3, 5, 2, 3, 0]",quantile_0.9,32.0
j20,20,proactive_quantile_0.9,60,False,inf,inf,inf,,"[0, 1, 11, 6, 6, 1, 6, 2, 6, 2, 6, 1, 6, 3, 1, 4, 5, 5, 5, 5, 2, 0]",quantile_0.9,35.0
j20,20,proactive_quantile_0.9,60,False,inf,inf,inf,,"[0, 1, 10, 5, 6, 2, 6, 1, 10, 2, 6, 1, 5, 4, 1, 2, 3, 5, 6, 6, 2, 0]",quantile_0.9,39.0
j20,20,proactive_quantile_0.9,60,False,inf,inf,inf,,"[0, 1, 8, 5, 5, 2, 3, 2, 11, 5, 3, 1, 4, 6, 2, 4, 4, 2, 7, 7, 2, 0]",quantile_0.9,39.0
j20,20,proactive_quantile_0.9,60,False,inf,inf,inf,,"[0, 1, 7, 5, 7, 1, 6, 1, 10, 3, 7, 1, 5, 2, 3, 5, 3, 4, 8, 8, 2, 0]",quantile_0.9,42.0
j20,20,proactive_quantile_0.9,60,False,inf,inf,inf,,"[0, 1, 8, 7, 5, 2, 4, 1, 12, 4, 3, 1, 5, 4, 1, 4, 2, 4, 5, 6, 2, 0]",quantile_0.9,39.0
j20,20,proactive_quantile_0.9,60,False,inf,inf,inf,,"[0, 1, 11, 9, 7, 1, 2, 2, 11, 5, 3, 1, 5, 5, 2, 3, 4, 3, 8, 8, 2, 0]",quantile_0.9,43.0
j20,21,proactive_quantile_0.9,60,True,33.0,0.07048821449279785,0.0004940032958984375,"[0, 0, 6, 0, 6, 6, 0, 1, 0, 13, 24, 8, 6, 20, 24, 19, 27, 26, 13, 26, 20, 32]","[0, 7, 6, 1, 1, 4, 9, 11, 2, 6, 2, 10, 1, 7, 4, 5, 6, 4, 7, 1, 1, 0]",quantile_0.9,31.0
j20,21,proactive_quantile_0.9,60,True,32.0,0.07048821449279785,0.00038814544677734375,"[0, 0, 6, 0, 6, 6, 0, 1, 0, 13, 24, 8, 6, 20, 24, 19, 27, 26, 13, 26, 20, 32]","[0, 6, 6, 1, 2, 5, 10, 7, 3, 6, 1, 11, 1, 4, 4, 4, 3, 2, 7, 2, 1, 0]",quantile_0.9,30.0
j20,21,proactive_quantile_0.9,60,True,33.0,0.07048821449279785,0.0004050731658935547,"[0, 0, 6, 0, 6, 6, 0, 1, 0, 13, 24, 8, 6, 20, 24, 19, 27, 26, 13, 26, 20, 32]","[0, 4, 2, 1, 2, 6, 8, 7, 2, 9, 1, 11, 1, 4, 4, 6, 6, 2, 4, 1, 1, 0]",quantile_0.9,31.0
j20,21,proactive_quantile_0.9,60,True,32.0,0.07048821449279785,0.0004031658172607422,"[0, 0, 6, 0, 6, 6, 0, 1, 0, 13, 24, 8, 6, 20, 24, 19, 27, 26, 13, 26, 20, 32]","[0, 6, 6, 1, 1, 6, 7, 8, 2, 10, 2, 8, 1, 5, 4, 3, 3, 5, 7, 2, 1, 0]",quantile_0.9,30.0
j20,21,proactive_quantile_0.9,60,True,32.0,0.07048821449279785,0.00038504600524902344,"[0, 0, 6, 0, 6, 6, 0, 1, 0, 13, 24, 8, 6, 20, 24, 19, 27, 26, 13, 26, 20, 32]","[0, 5, 5, 1, 1, 3, 6, 8, 4, 7, 2, 9, 1, 7, 5, 3, 2, 3, 4, 2, 1, 0]",quantile_0.9,30.0
j20,21,proactive_quantile_0.9,60,True,32.0,0.07048821449279785,0.0003821849822998047,"[0, 0, 6, 0, 6, 6, 0, 1, 0, 13, 24, 8, 6, 20, 24, 19, 27, 26, 13, 26, 20, 32]","[0, 7, 2, 1, 1, 7, 11, 8, 6, 9, 2, 9, 1, 3, 6, 7, 5, 6, 7, 2, 1, 0]",quantile_0.9,31.0
j20,21,proactive_quantile_0.9,60,True,33.0,0.07048821449279785,0.0003681182861328125,"[0, 0, 6, 0, 6, 6, 0, 1, 0, 13, 24, 8, 6, 20, 24, 19, 27, 26, 13, 26, 20, 32]","[0, 8, 3, 1, 1, 7, 8, 6, 4, 10, 2, 7, 1, 3, 5, 7, 6, 2, 7, 2, 1, 0]",quantile_0.9,31.0
j20,21,proactive_quantile_0.9,60,True,32.0,0.07048821449279785,0.0003478527069091797,"[0, 0, 6, 0, 6, 6, 0, 1, 0, 13, 24, 8, 6, 20, 24, 19, 27, 26, 13, 26, 20, 32]","[0, 8, 3, 1, 1, 5, 9, 7, 4, 10, 1, 8, 1, 5, 3, 4, 4, 4, 3, 3, 1, 0]",quantile_0.9,30.0
j20,21,proactive_quantile_0.9,60,True,32.0,0.07048821449279785,0.0003571510314941406,"[0, 0, 6, 0, 6, 6, 0, 1, 0, 13, 24, 8, 6, 20, 24, 19, 27, 26, 13, 26, 20, 32]","[0, 5, 4, 1, 1, 3, 11, 11, 3, 8, 2, 11, 1, 7, 5, 3, 2, 3, 3, 2, 1, 0]",quantile_0.9,30.0
j20,21,proactive_quantile_0.9,60,True,33.0,0.07048821449279785,0.0003440380096435547,"[0, 0, 6, 0, 6, 6, 0, 1, 0, 13, 24, 8, 6, 20, 24, 19, 27, 26, 13, 26, 20, 32]","[0, 7, 3, 1, 2, 7, 10, 9, 2, 9, 2, 6, 1, 6, 4, 5, 6, 2, 3, 2, 1, 0]",quantile_0.9,31.0
j20,22,proactive_quantile_0.9,60,True,40.0,0.0684962272644043,0.00048613548278808594,"[0, 0, 7, 0, 0, 7, 0, 0, 11, 1, 27, 12, 20, 35, 19, 12, 30, 13, 26, 31, 35, 40]","[0, 6, 1, 1, 10, 5, 5, 9, 2, 1, 2, 6, 6, 3, 4, 1, 2, 4, 10, 2, 2, 0]",quantile_0.9,37.0
j20,22,proactive_quantile_0.9,60,True,40.0,0.0684962272644043,0.00033020973205566406,"[0, 0, 7, 0, 0, 7, 0, 0, 11, 1, 27, 12, 20, 35, 19, 12, 30, 13, 26, 31, 35, 40]","[0, 5, 1, 1, 10, 7, 8, 7, 3, 3, 1, 3, 3, 3, 3, 1, 2, 6, 7, 1, 2, 0]",quantile_0.9,37.0
j20,22,proactive_quantile_0.9,60,True,40.0,0.0684962272644043,0.0003209114074707031,"[0, 0, 7, 0, 0, 7, 0, 0, 11, 1, 27, 12, 20, 35, 19, 12, 30, 13, 26, 31, 35, 40]","[0, 6, 1, 1, 8, 6, 4, 9, 3, 2, 1, 2, 3, 5, 2, 1, 4, 6, 6, 2, 5, 0]",quantile_0.9,38.0
j20,22,proactive_quantile_0.9,60,True,40.0,0.0684962272644043,0.000331878662109375,"[0, 0, 7, 0, 0, 7, 0, 0, 11, 1, 27, 12, 20, 35, 19, 12, 30, 13, 26, 31, 35, 40]","[0, 4, 1, 1, 8, 5, 8, 7, 4, 3, 2, 2, 3, 5, 5, 1, 4, 6, 9, 2, 3, 0]",quantile_0.9,39.0
j20,22,proactive_quantile_0.9,60,True,40.0,0.0684962272644043,0.0003299713134765625,"[0, 0, 7, 0, 0, 7, 0, 0, 11, 1, 27, 12, 20, 35, 19, 12, 30, 13, 26, 31, 35, 40]","[0, 6, 1, 1, 12, 5, 4, 8, 4, 2, 1, 4, 2, 2, 5, 1, 5, 3, 7, 2, 5, 0]",quantile_0.9,38.0
j20,22,proactive_quantile_0.9,60,True,41.0,0.0684962272644043,0.00036406517028808594,"[0, 0, 7, 0, 0, 7, 0, 0, 11, 1, 27, 12, 20, 35, 19, 12, 30, 13, 26, 31, 35, 40]","[0, 3, 1, 1, 6, 9, 6, 10, 5, 2, 2, 2, 5, 6, 5, 1, 2, 6, 11, 1, 3, 0]",quantile_0.9,38.0
j20,22,proactive_quantile_0.9,60,True,40.0,0.0684962272644043,0.0003299713134765625,"[0, 0, 7, 0, 0, 7, 0, 0, 11, 1, 27, 12, 20, 35, 19, 12, 30, 13, 26, 31, 35, 40]","[0, 3, 1, 1, 10, 7, 4, 11, 4, 1, 2, 3, 2, 4, 2, 1, 2, 2, 10, 2, 4, 0]",quantile_0.9,37.0
j20,22,proactive_quantile_0.9,60,True,40.0,0.0684962272644043,0.0003781318664550781,"[0, 0, 7, 0, 0, 7, 0, 0, 11, 1, 27, 12, 20, 35, 19, 12, 30, 13, 26, 31, 35, 40]","[0, 7, 1, 1, 7, 5, 6, 9, 3, 3, 1, 6, 4, 4, 4, 1, 2, 3, 8, 1, 4, 0]",quantile_0.9,37.0
j20,22,proactive_quantile_0.9,60,True,40.0,0.0684962272644043,0.0003147125244140625,"[0, 0, 7, 0, 0, 7, 0, 0, 11, 1, 27, 12, 20, 35, 19, 12, 30, 13, 26, 31, 35, 40]","[0, 5, 1, 1, 6, 6, 6, 10, 2, 3, 2, 3, 4, 3, 3, 1, 2, 4, 6, 2, 3, 0]",quantile_0.9,37.0
j20,22,proactive_quantile_0.9,60,True,40.0,0.0684962272644043,0.00034999847412109375,"[0, 0, 7, 0, 0, 7, 0, 0, 11, 1, 27, 12, 20, 35, 19, 12, 30, 13, 26, 31, 35, 40]","[0, 3, 1, 1, 7, 5, 5, 9, 3, 2, 3, 6, 6, 5, 4, 1, 3, 2, 9, 2, 2, 0]",quantile_0.9,38.0
j20,24,proactive_quantile_0.9,60,True,49.0,0.06695795059204102,0.00046896934509277344,"[0, 12, 0, 0, 11, 0, 13, 37, 6, 0, 0, 5, 19, 18, 31, 12, 38, 16, 4, 13, 24, 47]","[0, 1, 11, 6, 1, 6, 1, 6, 9, 3, 2, 2, 5, 3, 10, 1, 11, 6, 1, 3, 6, 0]",quantile_0.9,49.0
j20,24,proactive_quantile_0.9,60,True,47.0,0.06695795059204102,0.00036978721618652344,"[0, 12, 0, 0, 11, 0, 13, 37, 6, 0, 0, 5, 19, 18, 31, 12, 38, 16, 4, 13, 24, 47]","[0, 1, 10, 5, 1, 6, 1, 7, 10, 3, 1, 4, 9, 3, 7, 1, 6, 3, 2, 5, 5, 0]",quantile_0.9,47.0
j20,24,proactive_quantile_0.9,60,True,47.0,0.06695795059204102,0.0003581047058105469,"[0, 12, 0, 0, 11, 0, 13, 37, 6, 0, 0, 5, 19, 18, 31, 12, 38, 16, 4, 13, 24, 47]","[0, 1, 7, 3, 1, 6, 2, 5, 6, 3, 2, 4, 6, 2, 12, 1, 9, 3, 2, 5, 8, 0]",quantile_0.9,47.0
j20,24,proactive_quantile_0.9,60,True,48.0,0.06695795059204102,0.00033593177795410156,"[0, 12, 0, 0, 11, 0, 13, 37, 6, 0, 0, 5, 19, 18, 31, 12, 38, 16, 4, 13, 24, 47]","[0, 1, 6, 4, 1, 5, 1, 7, 10, 2, 2, 5, 6, 4, 6, 1, 10, 3, 2, 4, 6, 0]",quantile_0.9,48.0
j20,24,proactive_quantile_0.9,60,True,47.0,0.06695795059204102,0.0003437995910644531,"[0, 12, 0, 0, 11, 0, 13, 37, 6, 0, 0, 5, 19, 18, 31, 12, 38, 16, 4, 13, 24, 47]","[0, 1, 7, 3, 1, 3, 3, 9, 9, 3, 2, 5, 5, 2, 8, 1, 8, 3, 2, 5, 8, 0]",quantile_0.9,47.0
j20,24,proactive_quantile_0.9,60,True,47.0,0.06695795059204102,0.00042700767517089844,"[0, 12, 0, 0, 11, 0, 13, 37, 6, 0, 0, 5, 19, 18, 31, 12, 38, 16, 4, 13, 24, 47]","[0, 1, 8, 3, 1, 2, 2, 6, 11, 5, 1, 2, 9, 4, 10, 1, 9, 5, 2, 3, 4, 0]",quantile_0.9,47.0
j20,24,proactive_quantile_0.9,60,True,49.0,0.06695795059204102,0.0003941059112548828,"[0, 12, 0, 0, 11, 0, 13, 37, 6, 0, 0, 5, 19, 18, 31, 12, 38, 16, 4, 13, 24, 47]","[0, 1, 9, 7, 1, 5, 1, 9, 11, 2, 2, 2, 9, 4, 6, 1, 11, 4, 2, 2, 5, 0]",quantile_0.9,49.0
j20,24,proactive_quantile_0.9,60,True,47.0,0.06695795059204102,0.0003688335418701172,"[0, 12, 0, 0, 11, 0, 13, 37, 6, 0, 0, 5, 19, 18, 31, 12, 38, 16, 4, 13, 24, 47]","[0, 1, 7, 3, 1, 4, 1, 9, 6, 2, 2, 6, 6, 2, 8, 1, 9, 3, 1, 2, 8, 0]",quantile_0.9,47.0
j20,24,proactive_quantile_0.9,60,True,47.0,0.06695795059204102,0.00034618377685546875,"[0, 12, 0, 0, 11, 0, 13, 37, 6, 0, 0, 5, 19, 18, 31, 12, 38, 16, 4, 13, 24, 47]","[0, 1, 8, 5, 1, 2, 2, 7, 8, 5, 2, 2, 6, 4, 10, 1, 6, 3, 1, 3, 8, 0]",quantile_0.9,47.0
j20,24,proactive_quantile_0.9,60,True,49.0,0.06695795059204102,0.0003619194030761719,"[0, 12, 0, 0, 11, 0, 13, 37, 6, 0, 0, 5, 19, 18, 31, 12, 38, 16, 4, 13, 24, 47]","[0, 1, 8, 3, 1, 2, 2, 5, 7, 5, 2, 3, 9, 6, 9, 1, 11, 2, 2, 5, 4, 0]",quantile_0.9,49.0
j20,25,proactive_quantile_0.9,60,True,31.0,0.07196879386901855,0.00045180320739746094,"[0, 0, 0, 0, 0, 4, 5, 10, 16, 16, 5, 11, 16, 22, 13, 18, 6, 7, 14, 13, 29, 31]","[0, 2, 1, 2, 3, 5, 5, 1, 3, 7, 2, 11, 1, 7, 7, 8, 12, 3, 4, 1, 1, 0]",quantile_0.9,30.0
j20,25,proactive_quantile_0.9,60,True,33.0,0.07196879386901855,0.0003540515899658203,"[0, 0, 0, 0, 0, 4, 5, 10, 16, 16, 5, 11, 16, 22, 13, 18, 6, 7, 14, 13, 29, 31]","[0, 2, 1, 4, 6, 3, 7, 1, 7, 7, 3, 6, 3, 11, 6, 5, 11, 4, 3, 1, 2, 0]",quantile_0.9,28.0
j20,25,proactive_quantile_0.9,60,True,33.0,0.07196879386901855,0.0003600120544433594,"[0, 0, 0, 0, 0, 4, 5, 10, 16, 16, 5, 11, 16, 22, 13, 18, 6, 7, 14, 13, 29, 31]","[0, 1, 1, 3, 2, 2, 8, 1, 5, 7, 2, 9, 3, 11, 6, 5, 9, 2, 2, 1, 2, 0]",quantile_0.9,31.0
j20,25,proactive_quantile_0.9,60,True,31.0,0.07196879386901855,0.0003361701965332031,"[0, 0, 0, 0, 0, 4, 5, 10, 16, 16, 5, 11, 16, 22, 13, 18, 6, 7, 14, 13, 29, 31]","[0, 2, 1, 4, 6, 2, 8, 1, 4, 8, 5, 6, 1, 7, 7, 6, 7, 2, 4, 1, 2, 0]",quantile_0.9,27.0
j20,25,proactive_quantile_0.9,60,True,31.0,0.07196879386901855,0.0003693103790283203,"[0, 0, 0, 0, 0, 4, 5, 10, 16, 16, 5, 11, 16, 22, 13, 18, 6, 7, 14, 13, 29, 31]","[0, 2, 3, 5, 6, 5, 6, 1, 6, 12, 2, 6, 3, 8, 6, 7, 10, 4, 4, 1, 1, 0]",quantile_0.9,26.0
j20,25,proactive_quantile_0.9,60,True,32.0,0.07196879386901855,0.0003829002380371094,"[0, 0, 0, 0, 0, 4, 5, 10, 16, 16, 5, 11, 16, 22, 13, 18, 6, 7, 14, 13, 29, 31]","[0, 1, 1, 5, 3, 3, 8, 1, 3, 6, 3, 11, 3, 10, 7, 8, 9, 3, 5, 1, 2, 0]",quantile_0.9,32.0
j20,25,proactive_quantile_0.9,60,True,32.0,0.07196879386901855,0.0003788471221923828,"[0, 0, 0, 0, 0, 4, 5, 10, 16, 16, 5, 11, 16, 22, 13, 18, 6, 7, 14, 13, 29, 31]","[0, 2, 1, 5, 6, 5, 9, 1, 7, 11, 2, 7, 1, 10, 7, 4, 11, 4, 5, 1, 1, 0]",quantile_0.9,29.0
j20,25,proactive_quantile_0.9,60,True,31.0,0.07196879386901855,0.0003790855407714844,"[0, 0, 0, 0, 0, 4, 5, 10, 16, 16, 5, 11, 16, 22, 13, 18, 6, 7, 14, 13, 29, 31]","[0, 2, 2, 2, 4, 2, 9, 1, 3, 10, 3, 10, 2, 6, 7, 7, 7, 4, 2, 1, 1, 0]",quantile_0.9,28.0
j20,25,proactive_quantile_0.9,60,True,31.0,0.07196879386901855,0.0003662109375,"[0, 0, 0, 0, 0, 4, 5, 10, 16, 16, 5, 11, 16, 22, 13, 18, 6, 7, 14, 13, 29, 31]","[0, 2, 3, 4, 2, 3, 7, 1, 5, 6, 4, 11, 2, 8, 9, 4, 12, 3, 3, 1, 2, 0]",quantile_0.9,31.0
j20,25,proactive_quantile_0.9,60,True,31.0,0.07196879386901855,0.0003619194030761719,"[0, 0, 0, 0, 0, 4, 5, 10, 16, 16, 5, 11, 16, 22, 13, 18, 6, 7, 14, 13, 29, 31]","[0, 1, 2, 3, 6, 4, 5, 1, 3, 7, 3, 6, 2, 9, 6, 5, 12, 3, 2, 1, 1, 0]",quantile_0.9,26.0
j20,26,proactive_quantile_0.9,60,True,42.0,0.07141399383544922,0.0004971027374267578,"[0, 0, 0, 9, 6, 0, 0, 1, 0, 17, 25, 17, 1, 13, 32, 21, 10, 25, 0, 34, 9, 41]","[0, 3, 8, 10, 1, 6, 1, 2, 2, 6, 2, 6, 8, 4, 7, 1, 5, 10, 9, 8, 8, 0]",quantile_0.9,42.0
j20,26,proactive_quantile_0.9,60,True,41.0,0.07141399383544922,0.0004029273986816406,"[0, 0, 0, 9, 6, 0, 0, 1, 0, 17, 25, 17, 1, 13, 32, 21, 10, 25, 0, 34, 9, 41]","[0, 2, 7, 10, 2, 6, 1, 2, 2, 12, 2, 3, 5, 4, 6, 1, 7, 7, 6, 4, 11, 0]",quantile_0.9,41.0
j20,26,proactive_quantile_0.9,60,True,41.0,0.07141399383544922,0.0003781318664550781,"[0, 0, 0, 9, 6, 0, 0, 1, 0, 17, 25, 17, 1, 13, 32, 21, 10, 25, 0, 34, 9, 41]","[0, 5, 7, 7, 1, 8, 1, 3, 3, 7, 1, 2, 5, 6, 9, 3, 7, 6, 11, 7, 7, 0]",quantile_0.9,41.0
j20,26,proactive_quantile_0.9,60,True,41.0,0.07141399383544922,0.0003666877746582031,"[0, 0, 0, 9, 6, 0, 0, 1, 0, 17, 25, 17, 1, 13, 32, 21, 10, 25, 0, 34, 9, 41]","[0, 4, 5, 10, 2, 7, 1, 3, 3, 6, 3, 3, 7, 7, 8, 2, 4, 9, 6, 4, 8, 0]",quantile_0.9,41.0
j20,26,proactive_quantile_0.9,60,True,42.0,0.07141399383544922,0.00036716461181640625,"[0, 0, 0, 9, 6, 0, 0, 1, 0, 17, 25, 17, 1, 13, 32, 21, 10, 25, 0, 34, 9, 41]","[0, 4, 6, 9, 1, 7, 1, 3, 2, 6, 2, 3, 7, 3, 5, 2, 7, 11, 8, 8, 9, 0]",quantile_0.9,42.0
j20,26,proactive_quantile_0.9,60,True,41.0,0.07141399383544922,0.00038504600524902344,"[0, 0, 0, 9, 6, 0, 0, 1, 0, 17, 25, 17, 1, 13, 32, 21, 10, 25, 0, 34, 9, 41]","[0, 3, 8, 11, 1, 8, 1, 1, 5, 10, 3, 6, 8, 4, 5, 1, 5, 6, 11, 6, 10, 0]",quantile_0.9,41.0
j20,26,proactive_quantile_0.9,60,True,41.0,0.07141399383544922,0.0003552436828613281,"[0, 0, 0, 9, 6, 0, 0, 1, 0, 17, 25, 17, 1, 13, 32, 21, 10, 25, 0, 34, 9, 41]","[0, 3, 6, 6, 1, 9, 1, 1, 2, 10, 2, 6, 5, 3, 7, 2, 5, 10, 10, 6, 8, 0]",quantile_0.9,41.0
j20,26,proactive_quantile_0.9,60,True,41.0,0.07141399383544922,0.00033783912658691406,"[0, 0, 0, 9, 6, 0, 0, 1, 0, 17, 25, 17, 1, 13, 32, 21, 10, 25, 0, 34, 9, 41]","[0, 4, 5, 7, 1, 7, 1, 1, 3, 8, 1, 2, 5, 5, 6, 2, 7, 8, 6, 4, 7, 0]",quantile_0.9,41.0
j20,26,proactive_quantile_0.9,60,True,42.0,0.07141399383544922,0.00037407875061035156,"[0, 0, 0, 9, 6, 0, 0, 1, 0, 17, 25, 17, 1, 13, 32, 21, 10, 25, 0, 34, 9, 41]","[0, 3, 5, 7, 2, 6, 1, 2, 6, 10, 3, 2, 7, 3, 8, 2, 5, 11, 11, 8, 11, 0]",quantile_0.9,42.0
j20,26,proactive_quantile_0.9,60,True,41.0,0.07141399383544922,0.00037980079650878906,"[0, 0, 0, 9, 6, 0, 0, 1, 0, 17, 25, 17, 1, 13, 32, 21, 10, 25, 0, 34, 9, 41]","[0, 2, 5, 11, 2, 6, 1, 2, 2, 12, 2, 2, 8, 5, 8, 1, 5, 12, 6, 7, 9, 0]",quantile_0.9,41.0
j20,27,proactive_quantile_0.9,60,True,60.0,0.07064294815063477,0.0004298686981201172,"[0, 9, 26, 0, 0, 0, 34, 41, 11, 49, 39, 17, 38, 38, 44, 12, 44, 40, 14, 55, 48, 60]","[0, 11, 5, 7, 6, 7, 2, 5, 1, 1, 2, 9, 1, 2, 3, 1, 4, 7, 1, 4, 1, 0]",quantile_0.9,60.0
j20,27,proactive_quantile_0.9,60,True,60.0,0.07064294815063477,0.00036978721618652344,"[0, 9, 26, 0, 0, 0, 34, 41, 11, 49, 39, 17, 38, 38, 44, 12, 44, 40, 14, 55, 48, 60]","[0, 12, 4, 7, 9, 10, 1, 9, 1, 2, 3, 7, 1, 1, 5, 2, 3, 7, 1, 2, 3, 0]",quantile_0.9,60.0
j20,27,proactive_quantile_0.9,60,True,60.0,0.07064294815063477,0.00032591819763183594,"[0, 9, 26, 0, 0, 0, 34, 41, 11, 49, 39, 17, 38, 38, 44, 12, 44, 40, 14, 55, 48, 60]","[0, 11, 3, 4, 11, 12, 2, 6, 1, 1, 1, 6, 1, 1, 2, 2, 5, 8, 1, 3, 1, 0]",quantile_0.9,60.0
j20,27,proactive_quantile_0.9,60,True,60.0,0.07064294815063477,0.0003170967102050781,"[0, 9, 26, 0, 0, 0, 34, 41, 11, 49, 39, 17, 38, 38, 44, 12, 44, 40, 14, 55, 48, 60]","[0, 12, 5, 4, 7, 9, 1, 5, 1, 2, 1, 7, 1, 1, 2, 2, 5, 7, 1, 4, 1, 0]",quantile_0.9,60.0
j20,27,proactive_quantile_0.9,60,True,60.0,0.07064294815063477,0.00032591819763183594,"[0, 9, 26, 0, 0, 0, 34, 41, 11, 49, 39, 17, 38, 38, 44, 12, 44, 40, 14, 55, 48, 60]","[0, 10, 3, 5, 8, 7, 1, 6, 1, 3, 2, 9, 1, 2, 3, 2, 5, 6, 1, 2, 3, 0]",quantile_0.9,60.0
j20,27,proactive_quantile_0.9,60,True,61.0,0.07064294815063477,0.0003299713134765625,"[0, 9, 26, 0, 0, 0, 34, 41, 11, 49, 39, 17, 38, 38, 44, 12, 44, 40, 14, 55, 48, 60]","[0, 8, 3, 6, 10, 8, 1, 5, 1, 1, 2, 6, 1, 2, 5, 1, 2, 11, 1, 6, 2, 0]",quantile_0.9,61.0
j20,27,proactive_quantile_0.9,60,True,60.0,0.07064294815063477,0.0003383159637451172,"[0, 9, 26, 0, 0, 0, 34, 41, 11, 49, 39, 17, 38, 38, 44, 12, 44, 40, 14, 55, 48, 60]","[0, 12, 4, 7, 9, 11, 2, 5, 1, 1, 1, 9, 1, 2, 5, 2, 2, 7, 1, 2, 1, 0]",quantile_0.9,60.0
j20,27,proactive_quantile_0.9,60,True,60.0,0.07064294815063477,0.00033473968505859375,"[0, 9, 26, 0, 0, 0, 34, 41, 11, 49, 39, 17, 38, 38, 44, 12, 44, 40, 14, 55, 48, 60]","[0, 8, 2, 5, 10, 7, 2, 6, 1, 1, 3, 9, 1, 1, 2, 1, 3, 10, 1, 3, 1, 0]",quantile_0.9,60.0
j20,27,proactive_quantile_0.9,60,True,60.0,0.07064294815063477,0.00032591819763183594,"[0, 9, 26, 0, 0, 0, 34, 41, 11, 49, 39, 17, 38, 38, 44, 12, 44, 40, 14, 55, 48, 60]","[0, 8, 5, 4, 8, 10, 1, 7, 1, 3, 3, 5, 1, 2, 4, 1, 4, 8, 1, 2, 3, 0]",quantile_0.9,60.0
j20,27,proactive_quantile_0.9,60,True,60.0,0.07064294815063477,0.00032806396484375,"[0, 9, 26, 0, 0, 0, 34, 41, 11, 49, 39, 17, 38, 38, 44, 12, 44, 40, 14, 55, 48, 60]","[0, 11, 3, 5, 10, 12, 1, 6, 1, 3, 2, 9, 1, 1, 2, 2, 3, 6, 1, 3, 2, 0]",quantile_0.9,60.0
j20,28,proactive_quantile_0.9,60,True,39.0,0.07406282424926758,0.0005230903625488281,"[0, 8, 18, 16, 7, 0, 0, 0, 0, 0, 0, 29, 31, 11, 23, 16, 31, 37, 26, 26, 29, 39]","[0, 7, 8, 4, 2, 5, 6, 11, 5, 2, 3, 10, 2, 2, 9, 1, 3, 1, 2, 11, 8, 0]",quantile_0.9,35.0
j20,28,proactive_quantile_0.9,60,True,40.0,0.07406282424926758,0.0004100799560546875,"[0, 8, 18, 16, 7, 0, 0, 0, 0, 0, 0, 29, 31, 11, 23, 16, 31, 37, 26, 26, 29, 39]","[0, 8, 7, 8, 1, 8, 5, 10, 6, 3, 2, 11, 2, 2, 6, 2, 2, 1, 3, 6, 6, 0]",quantile_0.9,40.0
j20,28,proactive_quantile_0.9,60,True,39.0,0.07406282424926758,0.00037097930908203125,"[0, 8, 18, 16, 7, 0, 0, 0, 0, 0, 0, 29, 31, 11, 23, 16, 31, 37, 26, 26, 29, 39]","[0, 7, 6, 5, 1, 7, 4, 7, 8, 2, 2, 7, 2, 1, 7, 1, 2, 2, 5, 7, 8, 0]",quantile_0.9,35.0
j20,28,proactive_quantile_0.9,60,True,39.0,0.07406282424926758,0.00036597251892089844,"[0, 8, 18, 16, 7, 0, 0, 0, 0, 0, 0, 29, 31, 11, 23, 16, 31, 37, 26, 26, 29, 39]","[0, 4, 8, 5, 2, 6, 5, 7, 5, 4, 3, 9, 2, 1, 9, 2, 3, 2, 4, 6, 6, 0]",quantile_0.9,33.0
j20,28,proactive_quantile_0.9,60,True,39.0,0.07406282424926758,0.0003807544708251953,"[0, 8, 18, 16, 7, 0, 0, 0, 0, 0, 0, 29, 31, 11, 23, 16, 31, 37, 26, 26, 29, 39]","[0, 6, 6, 5, 2, 7, 7, 8, 5, 2, 3, 7, 2, 2, 5, 1, 6, 2, 4, 8, 10, 0]",quantile_0.9,36.0
j20,28,proactive_quantile_0.9,60,True,39.0,0.07406282424926758,0.00041604042053222656,"[0, 8, 18, 16, 7, 0, 0, 0, 0, 0, 0, 29, 31, 11, 23, 16, 31, 37, 26, 26, 29, 39]","[0, 7, 7, 4, 2, 8, 6, 10, 9, 5, 6, 7, 1, 1, 7, 1, 4, 2, 2, 7, 7, 0]",quantile_0.9,37.0
j20,28,proactive_quantile_0.9,60,True,39.0,0.07406282424926758,0.00036215782165527344,"[0, 8, 18, 16, 7, 0, 0, 0, 0, 0, 0, 29, 31, 11, 23, 16, 31, 37, 26, 26, 29, 39]","[0, 4, 6, 8, 1, 4, 7, 7, 9, 3, 2, 8, 2, 2, 7, 1, 6, 2, 4, 8, 6, 0]",quantile_0.9,33.0
j20,28,proactive_quantile_0.9,60,True,40.0,0.07406282424926758,0.0003809928894042969,"[0, 8, 18, 16, 7, 0, 0, 0, 0, 0, 0, 29, 31, 11, 23, 16, 31, 37, 26, 26, 29, 39]","[0, 5, 6, 6, 2, 4, 4, 8, 9, 4, 2, 11, 2, 2, 7, 2, 6, 1, 2, 11, 6, 0]",quantile_0.9,36.0
j20,28,proactive_quantile_0.9,60,True,40.0,0.07406282424926758,0.0003769397735595703,"[0, 8, 18, 16, 7, 0, 0, 0, 0, 0, 0, 29, 31, 11, 23, 16, 31, 37, 26, 26, 29, 39]","[0, 5, 4, 5, 2, 5, 4, 12, 9, 2, 5, 11, 1, 2, 5, 2, 3, 1, 5, 11, 11, 0]",quantile_0.9,35.0
j20,28,proactive_quantile_0.9,60,True,40.0,0.07406282424926758,0.0003600120544433594,"[0, 8, 18, 16, 7, 0, 0, 0, 0, 0, 0, 29, 31, 11, 23, 16, 31, 37, 26, 26, 29, 39]","[0, 8, 4, 4, 2, 7, 4, 7, 5, 4, 2, 10, 1, 2, 8, 1, 4, 1, 4, 6, 11, 0]",quantile_0.9,36.0
j20,29,proactive_quantile_0.9,60,True,49.0,0.06675314903259277,0.0004937648773193359,"[0, 0, 0, 8, 3, 0, 27, 21, 11, 8, 24, 24, 33, 29, 34, 22, 30, 26, 37, 47, 38, 49]","[0, 11, 1, 5, 5, 7, 2, 4, 6, 5, 1, 2, 11, 7, 4, 2, 1, 4, 7, 1, 11, 0]",quantile_0.9,49.0
j20,29,proactive_quantile_0.9,60,True,49.0,0.06675314903259277,0.0003478527069091797,"[0, 0, 0, 8, 3, 0, 27, 21, 11, 8, 24, 24, 33, 29, 34, 22, 30, 26, 37, 47, 38, 49]","[0, 8, 1, 8, 2, 8, 1, 6, 10, 5, 2, 2, 6, 4, 3, 2, 1, 5, 4, 2, 6, 0]",quantile_0.9,49.0
j20,29,proactive_quantile_0.9,60,True,49.0,0.06675314903259277,0.0003387928009033203,"[0, 0, 0, 8, 3, 0, 27, 21, 11, 8, 24, 24, 33, 29, 34, 22, 30, 26, 37, 47, 38, 49]","[0, 10, 2, 5, 2, 11, 3, 5, 6, 7, 3, 2, 7, 4, 5, 1, 1, 2, 4, 2, 10, 0]",quantile_0.9,49.0
j20,29,proactive_quantile_0.9,60,True,49.0,0.06675314903259277,0.00034308433532714844,"[0, 0, 0, 8, 3, 0, 27, 21, 11, 8, 24, 24, 33, 29, 34, 22, 30, 26, 37, 47, 38, 49]","[0, 8, 1, 5, 3, 9, 2, 6, 6, 8, 2, 2, 8, 5, 3, 1, 1, 4, 4, 2, 11, 0]",quantile_0.9,49.0
j20,29,proactive_quantile_0.9,60,True,49.0,0.06675314903259277,0.0003209114074707031,"[0, 0, 0, 8, 3, 0, 27, 21, 11, 8, 24, 24, 33, 29, 34, 22, 30, 26, 37, 47, 38, 49]","[0, 10, 2, 6, 5, 6, 1, 6, 8, 5, 1, 1, 6, 3, 5, 2, 1, 3, 4, 2, 9, 0]",quantile_0.9,49.0
j20,29,proactive_quantile_0.9,60,True,49.0,0.06675314903259277,0.00038623809814453125,"[0, 0, 0, 8, 3, 0, 27, 21, 11, 8, 24, 24, 33, 29, 34, 22, 30, 26, 37, 47, 38, 49]","[0, 6, 1, 9, 3, 8, 1, 7, 11, 7, 2, 1, 9, 7, 5, 1, 1, 4, 7, 2, 11, 0]",quantile_0.9,49.0
j20,29,proactive_quantile_0.9,60,True,49.0,0.06675314903259277,0.00036978721618652344,"[0, 0, 0, 8, 3, 0, 27, 21, 11, 8, 24, 24, 33, 29, 34, 22, 30, 26, 37, 47, 38, 49]","[0, 10, 2, 5, 2, 8, 1, 6, 10, 5, 2, 1, 8, 7, 2, 1, 1, 2, 4, 1, 10, 0]",quantile_0.9,49.0
j20,29,proactive_quantile_0.9,60,True,49.0,0.06675314903259277,0.0003600120544433594,"[0, 0, 0, 8, 3, 0, 27, 21, 11, 8, 24, 24, 33, 29, 34, 22, 30, 26, 37, 47, 38, 49]","[0, 7, 1, 7, 5, 7, 3, 8, 10, 6, 3, 1, 6, 4, 4, 1, 1, 4, 5, 2, 6, 0]",quantile_0.9,49.0
j20,29,proactive_quantile_0.9,60,True,49.0,0.06675314903259277,0.00035309791564941406,"[0, 0, 0, 8, 3, 0, 27, 21, 11, 8, 24, 24, 33, 29, 34, 22, 30, 26, 37, 47, 38, 49]","[0, 11, 2, 7, 2, 6, 3, 5, 8, 5, 2, 1, 8, 3, 5, 2, 1, 2, 4, 2, 6, 0]",quantile_0.9,49.0
j20,29,proactive_quantile_0.9,60,True,49.0,0.06675314903259277,0.00036525726318359375,"[0, 0, 0, 8, 3, 0, 27, 21, 11, 8, 24, 24, 33, 29, 34, 22, 30, 26, 37, 47, 38, 49]","[0, 7, 2, 6, 4, 11, 1, 8, 9, 4, 1, 2, 7, 5, 5, 2, 1, 3, 7, 2, 6, 0]",quantile_0.9,49.0
j20,30,proactive_quantile_0.9,60,True,56.0,0.12100672721862793,0.0004820823669433594,"[0, 0, 1, 0, 1, 26, 0, 11, 11, 4, 26, 3, 34, 39, 50, 22, 35, 22, 6, 18, 9, 55]","[0, 1, 3, 2, 10, 5, 2, 1, 6, 3, 5, 2, 3, 10, 6, 12, 7, 4, 1, 7, 7, 0]",quantile_0.9,54.0
j20,30,proactive_quantile_0.9,60,True,55.0,0.12100672721862793,0.00036215782165527344,"[0, 0, 1, 0, 1, 26, 0, 11, 11, 4, 26, 3, 34, 39, 50, 22, 35, 22, 6, 18, 9, 55]","[0, 1, 2, 2, 10, 7, 1, 1, 5, 2, 6, 3, 5, 12, 2, 12, 11, 3, 1, 4, 6, 0]",quantile_0.9,55.0
j20,30,proactive_quantile_0.9,60,True,55.0,0.12100672721862793,0.0003509521484375,"[0, 0, 1, 0, 1, 26, 0, 11, 11, 4, 26, 3, 34, 39, 50, 22, 35, 22, 6, 18, 9, 55]","[0, 1, 3, 1, 10, 6, 1, 1, 3, 3, 8, 5, 4, 7, 2, 12, 9, 3, 1, 4, 8, 0]",quantile_0.9,41.0
j20,30,proactive_quantile_0.9,60,True,55.0,0.12100672721862793,0.0003268718719482422,"[0, 0, 1, 0, 1, 26, 0, 11, 11, 4, 26, 3, 34, 39, 50, 22, 35, 22, 6, 18, 9, 55]","[0, 1, 2, 1, 7, 8, 1, 1, 5, 2, 5, 3, 5, 7, 4, 6, 10, 3, 1, 5, 7, 0]",quantile_0.9,42.0
j20,30,proactive_quantile_0.9,60,True,55.0,0.12100672721862793,0.0004019737243652344,"[0, 0, 1, 0, 1, 26, 0, 11, 11, 4, 26, 3, 34, 39, 50, 22, 35, 22, 6, 18, 9, 55]","[0, 1, 3, 1, 12, 6, 3, 1, 7, 5, 6, 5, 4, 6, 2, 8, 8, 3, 1, 6, 9, 0]",quantile_0.9,50.0
j20,30,proactive_quantile_0.9,60,True,56.0,0.12100672721862793,0.0004048347473144531,"[0, 0, 1, 0, 1, 26, 0, 11, 11, 4, 26, 3, 34, 39, 50, 22, 35, 22, 6, 18, 9, 55]","[0, 1, 4, 1, 12, 5, 1, 1, 4, 3, 8, 2, 2, 11, 6, 11, 8, 6, 1, 6, 8, 0]",quantile_0.9,52.0
j20,30,proactive_quantile_0.9,60,True,56.0,0.12100672721862793,0.00040602684020996094,"[0, 0, 1, 0, 1, 26, 0, 11, 11, 4, 26, 3, 34, 39, 50, 22, 35, 22, 6, 18, 9, 55]","[0, 1, 5, 2, 6, 8, 1, 1, 6, 2, 9, 5, 5, 11, 6, 7, 6, 6, 1, 5, 5, 0]",quantile_0.9,51.0
j20,30,proactive_quantile_0.9,60,True,55.0,0.12100672721862793,0.00038313865661621094,"[0, 0, 1, 0, 1, 26, 0, 11, 11, 4, 26, 3, 34, 39, 50, 22, 35, 22, 6, 18, 9, 55]","[0, 1, 3, 1, 10, 6, 2, 1, 3, 4, 9, 2, 2, 10, 3, 12, 10, 3, 1, 3, 7, 0]",quantile_0.9,52.0
j20,30,proactive_quantile_0.9,60,True,55.0,0.12100672721862793,0.00041604042053222656,"[0, 0, 1, 0, 1, 26, 0, 11, 11, 4, 26, 3, 34, 39, 50, 22, 35, 22, 6, 18, 9, 55]","[0, 1, 5, 2, 8, 9, 1, 1, 5, 4, 5, 3, 4, 12, 4, 6, 11, 3, 1, 5, 9, 0]",quantile_0.9,48.0
j20,30,proactive_quantile_0.9,60,True,55.0,0.12100672721862793,0.00040078163146972656,"[0, 0, 1, 0, 1, 26, 0, 11, 11, 4, 26, 3, 34, 39, 50, 22, 35, 22, 6, 18, 9, 55]","[0, 1, 4, 1, 12, 6, 3, 1, 4, 3, 9, 4, 2, 11, 2, 7, 11, 2, 1, 4, 8, 0]",quantile_0.9,47.0
j20,32,proactive_quantile_0.9,60,True,91.0,0.2704751491546631,0.0004620552062988281,"[0, 29, 13, 72, 0, 21, 31, 27, 13, 8, 66, 54, 83, 27, 22, 36, 84, 84, 90, 47, 72, 91]","[0, 2, 1, 2, 5, 5, 3, 2, 4, 2, 3, 10, 1, 2, 7, 7, 4, 6, 1, 5, 10, 0]",quantile_0.9,57.0
j20,32,proactive_quantile_0.9,60,True,91.0,0.2704751491546631,0.00033402442932128906,"[0, 29, 13, 72, 0, 21, 31, 27, 13, 8, 66, 54, 83, 27, 22, 36, 84, 84, 90, 47, 72, 91]","[0, 2, 1, 4, 8, 4, 2, 2, 5, 3, 2, 12, 1, 2, 4, 7, 5, 3, 1, 4, 6, 0]",quantile_0.9,59.0
j20,32,proactive_quantile_0.9,60,True,91.0,0.2704751491546631,0.0003452301025390625,"[0, 29, 13, 72, 0, 21, 31, 27, 13, 8, 66, 54, 83, 27, 22, 36, 84, 84, 90, 47, 72, 91]","[0, 1, 2, 2, 4, 5, 5, 1, 5, 2, 5, 12, 1, 2, 4, 7, 5, 6, 1, 3, 7, 0]",quantile_0.9,59.0
j20,32,proactive_quantile_0.9,60,True,91.0,0.2704751491546631,0.0003330707550048828,"[0, 29, 13, 72, 0, 21, 31, 27, 13, 8, 66, 54, 83, 27, 22, 36, 84, 84, 90, 47, 72, 91]","[0, 2, 1, 4, 8, 2, 3, 2, 5, 4, 2, 10, 1, 2, 5, 8, 3, 2, 1, 4, 9, 0]",quantile_0.9,56.0
j20,32,proactive_quantile_0.9,60,True,91.0,0.2704751491546631,0.0003421306610107422,"[0, 29, 13, 72, 0, 21, 31, 27, 13, 8, 66, 54, 83, 27, 22, 36, 84, 84, 90, 47, 72, 91]","[0, 2, 3, 5, 8, 5, 3, 2, 7, 4, 2, 6, 1, 3, 5, 7, 5, 5, 1, 7, 8, 0]",quantile_0.9,62.0
j20,32,proactive_quantile_0.9,60,True,91.0,0.2704751491546631,0.00034308433532714844,"[0, 29, 13, 72, 0, 21, 31, 27, 13, 8, 66, 54, 83, 27, 22, 36, 84, 84, 90, 47, 72, 91]","[0, 1, 3, 2, 4, 3, 3, 2, 7, 2, 2, 11, 1, 2, 7, 11, 4, 4, 1, 7, 9, 0]",quantile_0.9,59.0
j20,32,proactive_quantile_0.9,60,True,91.0,0.2704751491546631,0.00033402442932128906,"[0, 29, 13, 72, 0, 21, 31, 27, 13, 8, 66, 54, 83, 27, 22, 36, 84, 84, 90, 47, 72, 91]","[0, 2, 2, 2, 7, 6, 5, 1, 8, 5, 6, 7, 1, 1, 7, 8, 2, 4, 1, 7, 7, 0]",quantile_0.9,71.0
j20,32,proactive_quantile_0.9,60,True,91.0,0.2704751491546631,0.0003349781036376953,"[0, 29, 13, 72, 0, 21, 31, 27, 13, 8, 66, 54, 83, 27, 22, 36, 84, 84, 90, 47, 72, 91]","[0, 2, 2, 2, 6, 6, 2, 1, 8, 3, 6, 7, 1, 1, 5, 9, 3, 4, 1, 7, 10, 0]",quantile_0.9,65.0
j20,32,proactive_quantile_0.9,60,True,91.0,0.2704751491546631,0.0003142356872558594,"[0, 29, 13, 72, 0, 21, 31, 27, 13, 8, 66, 54, 83, 27, 22, 36, 84, 84, 90, 47, 72, 91]","[0, 2, 3, 4, 4, 3, 4, 1, 6, 5, 2, 12, 1, 2, 4, 8, 2, 2, 1, 4, 8, 0]",quantile_0.9,60.0
j20,32,proactive_quantile_0.9,60,True,91.0,0.2704751491546631,0.0003161430358886719,"[0, 29, 13, 72, 0, 21, 31, 27, 13, 8, 66, 54, 83, 27, 22, 36, 84, 84, 90, 47, 72, 91]","[0, 2, 2, 2, 6, 2, 5, 2, 4, 3, 2, 7, 1, 2, 4, 11, 2, 6, 1, 6, 11, 0]",quantile_0.9,60.0
j20,33,proactive_quantile_0.9,60,False,inf,inf,inf,,"[0, 6, 6, 4, 9, 1, 5, 3, 6, 12, 3, 7, 6, 3, 3, 6, 3, 5, 3, 1, 6, 0]",quantile_0.9,93.0
j20,33,proactive_quantile_0.9,60,False,inf,inf,inf,,"[0, 6, 3, 2, 8, 1, 5, 3, 9, 10, 2, 7, 8, 6, 5, 6, 2, 8, 4, 1, 5, 0]",quantile_0.9,106.0
j20,33,proactive_quantile_0.9,60,False,inf,inf,inf,,"[0, 5, 5, 6, 7, 1, 4, 2, 7, 7, 5, 6, 5, 6, 5, 6, 5, 8, 3, 1, 6, 0]",quantile_0.9,92.0
j20,33,proactive_quantile_0.9,60,False,inf,inf,inf,,"[0, 8, 5, 6, 9, 1, 8, 3, 6, 10, 4, 6, 7, 6, 4, 3, 2, 7, 7, 1, 7, 0]",quantile_0.9,106.0
j20,33,proactive_quantile_0.9,60,False,inf,inf,inf,,"[0, 4, 6, 3, 9, 1, 5, 2, 8, 9, 3, 8, 9, 6, 5, 4, 2, 6, 5, 1, 5, 0]",quantile_0.9,104.0
j20,33,proactive_quantile_0.9,60,False,inf,inf,inf,,"[0, 4, 3, 4, 9, 1, 4, 3, 8, 7, 6, 8, 5, 2, 4, 2, 3, 8, 4, 1, 4, 0]",quantile_0.9,94.0
j20,34,proactive_quantile_0.9,60,False,inf,inf,inf,,"[0, 7, 10, 3, 7, 2, 3, 2, 6, 2, 9, 3, 2, 1, 7, 4, 2, 4, 8, 5, 7, 0]",quantile_0.9,85.0
j20,34,proactive_quantile_0.9,60,False,inf,inf,inf,,"[0, 6, 10, 5, 10, 2, 4, 2, 6, 3, 6, 2, 1, 1, 4, 2, 1, 5, 6, 3, 3, 0]",quantile_0.9,69.0
j20,34,proactive_quantile_0.9,60,False,inf,inf,inf,,"[0, 7, 11, 4, 7, 1, 3, 3, 8, 2, 7, 1, 1, 2, 6, 3, 3, 2, 8, 3, 5, 0]",quantile_0.9,78.0
j20,34,proactive_quantile_0.9,60,False,inf,inf,inf,,"[0, 6, 7, 3, 12, 2, 6, 6, 8, 3, 6, 3, 1, 1, 5, 4, 2, 5, 8, 4, 3, 0]",quantile_0.9,80.0
j20,34,proactive_quantile_0.9,60,False,inf,inf,inf,,"[0, 4, 7, 4, 11, 1, 3, 6, 7, 2, 8, 2, 2, 1, 6, 2, 1, 6, 8, 3, 3, 0]",quantile_0.9,74.0
j20,34,proactive_quantile_0.9,60,False,inf,inf,inf,,"[0, 8, 8, 3, 11, 3, 7, 3, 6, 2, 7, 1, 1, 1, 7, 3, 3, 6, 5, 2, 5, 0]",quantile_0.9,79.0
j20,34,proactive_quantile_0.9,60,False,inf,inf,inf,,"[0, 7, 7, 5, 10, 1, 5, 4, 5, 3, 7, 3, 3, 1, 3, 4, 2, 3, 6, 2, 3, 0]",quantile_0.9,71.0
j20,34,proactive_quantile_0.9,60,False,inf,inf,inf,,"[0, 5, 8, 4, 11, 1, 5, 2, 5, 3, 5, 2, 2, 2, 7, 2, 3, 2, 7, 5, 3, 0]",quantile_0.9,70.0
j20,34,proactive_quantile_0.9,60,False,inf,inf,inf,,"[0, 7, 7, 5, 11, 2, 7, 2, 5, 3, 8, 2, 2, 2, 3, 4, 2, 2, 8, 4, 6, 0]",quantile_0.9,78.0
j20,34,proactive_quantile_0.9,60,False,inf,inf,inf,,"[0, 8, 8, 3, 11, 2, 4, 4, 9, 5, 5, 3, 1, 2, 7, 5, 3, 6, 6, 2, 6, 0]",quantile_0.9,84.0
j20,35,proactive_quantile_0.9,60,True,120.0,1.8589720726013184,0.0005102157592773438,"[0, 7, 25, 13, 60, 45, 57, 80, 0, 0, 45, 66, 81, 72, 102, 37, 81, 60, 72, 110, 93, 119]","[0, 5, 10, 6, 3, 9, 2, 1, 5, 3, 7, 6, 11, 2, 5, 6, 10, 1, 6, 10, 8, 0]",quantile_0.9,90.0
j20,35,proactive_quantile_0.9,60,True,119.0,1.8589720726013184,0.00039005279541015625,"[0, 7, 25, 13, 60, 45, 57, 80, 0, 0, 45, 66, 81, 72, 102, 37, 81, 60, 72, 110, 93, 119]","[0, 6, 8, 10, 4, 10, 2, 1, 6, 3, 12, 3, 7, 5, 5, 5, 6, 1, 5, 6, 5, 0]",quantile_0.9,84.0
j20,35,proactive_quantile_0.9,60,True,121.0,1.8589720726013184,0.0003898143768310547,"[0, 7, 25, 13, 60, 45, 57, 80, 0, 0, 45, 66, 81, 72, 102, 37, 81, 60, 72, 110, 93, 119]","[0, 5, 8, 7, 2, 9, 3, 1, 6, 4, 9, 6, 6, 3, 7, 8, 8, 1, 4, 11, 8, 0]",quantile_0.9,91.0
j20,35,proactive_quantile_0.9,60,True,119.0,1.8589720726013184,0.00038814544677734375,"[0, 7, 25, 13, 60, 45, 57, 80, 0, 0, 45, 66, 81, 72, 102, 37, 81, 60, 72, 110, 93, 119]","[0, 3, 8, 6, 6, 7, 3, 1, 7, 4, 6, 3, 9, 5, 8, 7, 11, 2, 7, 6, 5, 0]",quantile_0.9,84.0
j20,35,proactive_quantile_0.9,60,True,121.0,1.8589720726013184,0.0004029273986816406,"[0, 7, 25, 13, 60, 45, 57, 80, 0, 0, 45, 66, 81, 72, 102, 37, 81, 60, 72, 110, 93, 119]","[0, 4, 8, 7, 5, 10, 3, 1, 5, 3, 7, 3, 11, 5, 4, 4, 11, 2, 8, 11, 7, 0]",quantile_0.9,88.0
j20,35,proactive_quantile_0.9,60,True,119.0,1.8589720726013184,0.0004088878631591797,"[0, 7, 25, 13, 60, 45, 57, 80, 0, 0, 45, 66, 81, 72, 102, 37, 81, 60, 72, 110, 93, 119]","[0, 6, 9, 11, 5, 11, 1, 1, 8, 7, 9, 6, 12, 2, 8, 5, 6, 1, 6, 6, 7, 0]",quantile_0.9,100.0
j20,35,proactive_quantile_0.9,60,True,119.0,1.8589720726013184,0.00039505958557128906,"[0, 7, 25, 13, 60, 45, 57, 80, 0, 0, 45, 66, 81, 72, 102, 37, 81, 60, 72, 110, 93, 119]","[0, 6, 7, 7, 2, 8, 1, 1, 9, 3, 10, 3, 12, 2, 5, 4, 8, 2, 5, 8, 9, 0]",quantile_0.9,83.0
j20,35,proactive_quantile_0.9,60,True,119.0,1.8589720726013184,0.0003788471221923828,"[0, 7, 25, 13, 60, 45, 57, 80, 0, 0, 45, 66, 81, 72, 102, 37, 81, 60, 72, 110, 93, 119]","[0, 6, 8, 8, 2, 7, 3, 1, 7, 3, 12, 3, 8, 2, 4, 5, 8, 2, 8, 8, 5, 0]",quantile_0.9,85.0
j20,35,proactive_quantile_0.9,60,True,119.0,1.8589720726013184,0.00038504600524902344,"[0, 7, 25, 13, 60, 45, 57, 80, 0, 0, 45, 66, 81, 72, 102, 37, 81, 60, 72, 110, 93, 119]","[0, 2, 7, 11, 2, 7, 2, 1, 6, 7, 10, 5, 12, 3, 4, 7, 6, 2, 5, 8, 9, 0]",quantile_0.9,92.0
j20,35,proactive_quantile_0.9,60,True,119.0,1.8589720726013184,0.00037980079650878906,"[0, 7, 25, 13, 60, 45, 57, 80, 0, 0, 45, 66, 81, 72, 102, 37, 81, 60, 72, 110, 93, 119]","[0, 2, 11, 6, 5, 7, 2, 1, 5, 3, 10, 4, 11, 5, 8, 6, 6, 2, 7, 9, 6, 0]",quantile_0.9,91.0
j20,36,proactive_quantile_0.9,60,True,87.0,0.17105484008789062,0.0005080699920654297,"[0, 44, 0, 0, 15, 13, 55, 7, 38, 16, 18, 75, 84, 34, 37, 64, 27, 64, 44, 27, 77, 87]","[0, 11, 6, 7, 6, 2, 6, 5, 2, 4, 6, 1, 2, 1, 1, 7, 5, 10, 4, 1, 7, 0]",quantile_0.9,66.0
j20,36,proactive_quantile_0.9,60,True,87.0,0.17105484008789062,0.0004150867462158203,"[0, 44, 0, 0, 15, 13, 55, 7, 38, 16, 18, 75, 84, 34, 37, 64, 27, 64, 44, 27, 77, 87]","[0, 9, 7, 5, 10, 2, 7, 6, 3, 5, 5, 1, 2, 2, 1, 7, 4, 7, 2, 1, 7, 0]",quantile_0.9,63.0
j20,36,proactive_quantile_0.9,60,True,87.0,0.17105484008789062,0.0004248619079589844,"[0, 44, 0, 0, 15, 13, 55, 7, 38, 16, 18, 75, 84, 34, 37, 64, 27, 64, 44, 27, 77, 87]","[0, 7, 3, 3, 11, 2, 7, 3, 2, 7, 6, 2, 1, 1, 1, 7, 6, 10, 4, 1, 7, 0]",quantile_0.9,61.0
j20,36,proactive_quantile_0.9,60,True,87.0,0.17105484008789062,0.0003998279571533203,"[0, 44, 0, 0, 15, 13, 55, 7, 38, 16, 18, 75, 84, 34, 37, 64, 27, 64, 44, 27, 77, 87]","[0, 6, 6, 4, 8, 2, 5, 6, 3, 6, 7, 2, 1, 3, 1, 7, 6, 11, 6, 1, 6, 0]",quantile_0.9,62.0
j20,36,proactive_quantile_0.9,60,True,87.0,0.17105484008789062,0.00037598609924316406,"[0, 44, 0, 0, 15, 13, 55, 7, 38, 16, 18, 75, 84, 34, 37, 64, 27, 64, 44, 27, 77, 87]","[0, 11, 4, 6, 12, 1, 5, 4, 4, 5, 8, 1, 3, 3, 1, 6, 3, 7, 3, 1, 6, 0]",quantile_0.9,63.0
j20,36,proactive_quantile_0.9,60,True,87.0,0.17105484008789062,0.00036907196044921875,"[0, 44, 0, 0, 15, 13, 55, 7, 38, 16, 18, 75, 84, 34, 37, 64, 27, 64, 44, 27, 77, 87]","[0, 6, 3, 7, 11, 1, 7, 6, 5, 7, 5, 2, 1, 1, 1, 10, 7, 7, 2, 1, 7, 0]",quantile_0.9,67.0
j20,36,proactive_quantile_0.9,60,True,87.0,0.17105484008789062,0.0003540515899658203,"[0, 44, 0, 0, 15, 13, 55, 7, 38, 16, 18, 75, 84, 34, 37, 64, 27, 64, 44, 27, 77, 87]","[0, 8, 3, 5, 10, 2, 6, 2, 4, 8, 9, 1, 1, 2, 1, 10, 4, 6, 4, 1, 6, 0]",quantile_0.9,58.0
j20,36,proactive_quantile_0.9,60,True,87.0,0.17105484008789062,0.00041294097900390625,"[0, 44, 0, 0, 15, 13, 55, 7, 38, 16, 18, 75, 84, 34, 37, 64, 27, 64, 44, 27, 77, 87]","[0, 7, 5, 7, 10, 2, 7, 4, 2, 5, 7, 1, 3, 3, 1, 6, 4, 8, 6, 1, 3, 0]",quantile_0.9,60.0
j20,36,proactive_quantile_0.9,60,True,87.0,0.17105484008789062,0.0003581047058105469,"[0, 44, 0, 0, 15, 13, 55, 7, 38, 16, 18, 75, 84, 34, 37, 64, 27, 64, 44, 27, 77, 87]","[0, 11, 4, 5, 7, 2, 9, 4, 2, 4, 6, 2, 1, 2, 1, 9, 4, 7, 6, 1, 7, 0]",quantile_0.9,68.0
j20,36,proactive_quantile_0.9,60,True,87.0,0.17105484008789062,0.0003521442413330078,"[0, 44, 0, 0, 15, 13, 55, 7, 38, 16, 18, 75, 84, 34, 37, 64, 27, 64, 44, 27, 77, 87]","[0, 9, 3, 6, 6, 2, 6, 4, 6, 4, 5, 2, 2, 2, 1, 11, 3, 11, 2, 1, 7, 0]",quantile_0.9,62.0
j20,37,proactive_quantile_0.9,60,False,inf,inf,inf,,"[0, 2, 5, 10, 1, 2, 7, 9, 2, 6, 2, 2, 8, 8, 3, 4, 1, 1, 9, 6, 1, 0]",quantile_0.9,68.0
j20,37,proactive_quantile_0.9,60,False,inf,inf,inf,,"[0, 2, 6, 8, 1, 2, 11, 8, 1, 7, 3, 3, 4, 5, 3, 3, 1, 1, 6, 4, 1, 0]",quantile_0.9,66.0
j20,37,proactive_quantile_0.9,60,False,inf,inf,inf,,"[0, 2, 2, 6, 1, 3, 9, 8, 2, 6, 5, 3, 5, 5, 5, 6, 1, 1, 5, 5, 2, 0]",quantile_0.9,65.0
j20,37,proactive_quantile_0.9,60,False,inf,inf,inf,,"[0, 1, 4, 10, 1, 2, 11, 9, 2, 8, 2, 1, 5, 6, 4, 3, 1, 1, 5, 5, 2, 0]",quantile_0.9,66.0
j20,37,proactive_quantile_0.9,60,False,inf,inf,inf,,"[0, 2, 6, 9, 1, 3, 7, 9, 3, 6, 2, 3, 6, 5, 5, 6, 1, 1, 7, 4, 1, 0]",quantile_0.9,68.0
j20,37,proactive_quantile_0.9,60,False,inf,inf,inf,,"[0, 2, 3, 7, 1, 3, 9, 6, 1, 11, 6, 2, 6, 8, 5, 5, 1, 1, 5, 7, 1, 0]",quantile_0.9,72.0
j20,37,proactive_quantile_0.9,60,False,inf,inf,inf,,"[0, 1, 6, 6, 1, 2, 7, 10, 2, 6, 4, 2, 6, 8, 6, 4, 1, 1, 7, 4, 2, 0]",quantile_0.9,67.0
j20,37,proactive_quantile_0.9,60,False,inf,inf,inf,,"[0, 1, 4, 6, 1, 4, 11, 7, 3, 10, 2, 3, 5, 6, 3, 6, 1, 1, 7, 4, 2, 0]",quantile_0.9,73.0
j20,37,proactive_quantile_0.9,60,False,inf,inf,inf,,"[0, 2, 2, 7, 1, 3, 6, 7, 2, 7, 6, 1, 7, 4, 5, 2, 1, 1, 8, 5, 1, 0]",quantile_0.9,59.0
j20,38,proactive_quantile_0.9,60,True,124.0,1.3174679279327393,0.0005147457122802734,"[0, 68, 41, 49, 0, 12, 0, 74, 21, 0, 29, 60, 83, 106, 80, 94, 120, 94, 74, 113, 83, 124]","[0, 5, 8, 6, 7, 8, 11, 2, 4, 1, 7, 8, 11, 7, 3, 2, 4, 10, 1, 5, 1, 0]",quantile_0.9,95.0
j20,38,proactive_quantile_0.9,60,True,124.0,1.3174679279327393,0.0003910064697265625,"[0, 68, 41, 49, 0, 12, 0, 74, 21, 0, 29, 60, 83, 106, 80, 94, 120, 94, 74, 113, 83, 124]","[0, 5, 8, 8, 10, 7, 10, 3, 5, 1, 12, 4, 11, 4, 2, 2, 4, 7, 1, 4, 1, 0]",quantile_0.9,94.0
j20,38,proactive_quantile_0.9,60,True,124.0,1.3174679279327393,0.0004291534423828125,"[0, 68, 41, 49, 0, 12, 0, 74, 21, 0, 29, 60, 83, 106, 80, 94, 120, 94, 74, 113, 83, 124]","[0, 6, 5, 6, 6, 8, 8, 3, 4, 1, 12, 7, 11, 4, 2, 1, 2, 7, 1, 6, 1, 0]",quantile_0.9,89.0
j20,38,proactive_quantile_0.9,60,True,124.0,1.3174679279327393,0.0003981590270996094,"[0, 68, 41, 49, 0, 12, 0, 74, 21, 0, 29, 60, 83, 106, 80, 94, 120, 94, 74, 113, 83, 124]","[0, 4, 8, 6, 11, 8, 7, 4, 4, 1, 10, 5, 8, 5, 2, 1, 4, 7, 1, 6, 2, 0]",quantile_0.9,92.0
j20,38,proactive_quantile_0.9,60,True,124.0,1.3174679279327393,0.00039696693420410156,"[0, 68, 41, 49, 0, 12, 0, 74, 21, 0, 29, 60, 83, 106, 80, 94, 120, 94, 74, 113, 83, 124]","[0, 6, 7, 11, 7, 8, 12, 2, 4, 1, 8, 6, 7, 6, 1, 3, 4, 12, 1, 3, 1, 0]",quantile_0.9,92.0
j20,38,proactive_quantile_0.9,60,True,125.0,1.3174679279327393,0.0003991127014160156,"[0, 68, 41, 49, 0, 12, 0, 74, 21, 0, 29, 60, 83, 106, 80, 94, 120, 94, 74, 113, 83, 124]","[0, 3, 5, 11, 9, 5, 6, 6, 6, 1, 10, 7, 11, 6, 2, 1, 5, 10, 1, 6, 1, 0]",quantile_0.9,102.0
j20,38,proactive_quantile_0.9,60,True,124.0,1.3174679279327393,0.00037288665771484375,"[0, 68, 41, 49, 0, 12, 0, 74, 21, 0, 29, 60, 83, 106, 80, 94, 120, 94, 74, 113, 83, 124]","[0, 6, 8, 7, 6, 9, 8, 2, 6, 1, 10, 5, 7, 3, 3, 1, 2, 6, 1, 7, 2, 0]",quantile_0.9,87.0
j20,38,proactive_quantile_0.9,60,True,124.0,1.3174679279327393,0.0004029273986816406,"[0, 68, 41, 49, 0, 12, 0, 74, 21, 0, 29, 60, 83, 106, 80, 94, 120, 94, 74, 113, 83, 124]","[0, 6, 5, 6, 8, 8, 7, 4, 8, 1, 10, 6, 8, 3, 2, 3, 4, 12, 1, 5, 2, 0]",quantile_0.9,95.0
j20,38,proactive_quantile_0.9,60,True,124.0,1.3174679279327393,0.0003719329833984375,"[0, 68, 41, 49, 0, 12, 0, 74, 21, 0, 29, 60, 83, 106, 80, 94, 120, 94, 74, 113, 83, 124]","[0, 2, 5, 8, 10, 5, 12, 3, 6, 1, 7, 8, 8, 3, 2, 1, 3, 11, 1, 3, 2, 0]",quantile_0.9,84.0
j20,38,proactive_quantile_0.9,60,True,124.0,1.3174679279327393,0.0003829002380371094,"[0, 68, 41, 49, 0, 12, 0, 74, 21, 0, 29, 60, 83, 106, 80, 94, 120, 94, 74, 113, 83, 124]","[0, 5, 5, 7, 12, 9, 10, 5, 4, 1, 9, 4, 9, 4, 3, 2, 3, 10, 1, 3, 2, 0]",quantile_0.9,92.0
j20,39,proactive_quantile_0.9,60,False,inf,inf,inf,,"[0, 3, 2, 4, 3, 9, 2, 8, 4, 1, 1, 5, 1, 3, 6, 8, 1, 6, 1, 3, 8, 0]",quantile_0.9,64.0
j20,39,proactive_quantile_0.9,60,False,inf,inf,inf,,"[0, 6, 4, 8, 2, 11, 2, 7, 5, 2, 1, 2, 1, 3, 7, 7, 1, 3, 1, 3, 8, 0]",quantile_0.9,65.0
j20,39,proactive_quantile_0.9,60,False,inf,inf,inf,,"[0, 6, 5, 5, 5, 6, 1, 8, 5, 2, 1, 3, 2, 5, 9, 7, 1, 2, 1, 3, 6, 0]",quantile_0.9,64.0
j20,39,proactive_quantile_0.9,60,False,inf,inf,inf,,"[0, 5, 2, 4, 3, 11, 1, 10, 5, 1, 1, 5, 2, 5, 5, 8, 1, 6, 1, 6, 9, 0]",quantile_0.9,73.0
j20,39,proactive_quantile_0.9,60,False,inf,inf,inf,,"[0, 6, 4, 4, 4, 11, 2, 7, 5, 2, 1, 6, 1, 2, 5, 6, 1, 2, 2, 5, 6, 0]",quantile_0.9,60.0
j20,40,proactive_quantile_0.9,60,False,inf,inf,inf,,"[0, 11, 7, 7, 6, 3, 2, 1, 6, 5, 2, 11, 10, 7, 8, 1, 1, 1, 1, 4, 11, 0]",quantile_0.9,87.0
j20,40,proactive_quantile_0.9,60,False,inf,inf,inf,,"[0, 8, 8, 6, 10, 4, 1, 2, 12, 6, 2, 7, 7, 6, 12, 1, 1, 1, 2, 3, 7, 0]",quantile_0.9,86.0
j20,40,proactive_quantile_0.9,60,False,inf,inf,inf,,"[0, 11, 5, 4, 6, 6, 2, 1, 6, 7, 5, 8, 7, 6, 12, 1, 1, 1, 2, 5, 12, 0]",quantile_0.9,85.0
j20,40,proactive_quantile_0.9,60,False,inf,inf,inf,,"[0, 11, 5, 4, 9, 6, 1, 2, 9, 8, 4, 10, 6, 11, 9, 1, 1, 1, 2, 4, 6, 0]",quantile_0.9,88.0
j20,40,proactive_quantile_0.9,60,False,inf,inf,inf,,"[0, 10, 5, 5, 8, 3, 1, 3, 7, 7, 5, 11, 10, 9, 11, 1, 1, 1, 2, 5, 12, 0]",quantile_0.9,93.0
j20,40,proactive_quantile_0.9,60,False,inf,inf,inf,,"[0, 6, 4, 5, 8, 3, 1, 3, 12, 4, 2, 7, 7, 11, 9, 1, 1, 1, 1, 2, 11, 0]",quantile_0.9,83.0
j20,40,proactive_quantile_0.9,60,False,inf,inf,inf,,"[0, 11, 8, 5, 10, 5, 2, 2, 6, 7, 2, 9, 10, 10, 11, 1, 1, 1, 1, 3, 6, 0]",quantile_0.9,90.0
j20,40,proactive_quantile_0.9,60,False,inf,inf,inf,,"[0, 10, 6, 3, 11, 4, 1, 2, 7, 4, 4, 10, 10, 6, 10, 1, 1, 1, 2, 4, 10, 0]",quantile_0.9,88.0
j20,40,proactive_quantile_0.9,60,False,inf,inf,inf,,"[0, 7, 4, 5, 9, 3, 3, 1, 10, 6, 4, 6, 7, 8, 12, 1, 1, 1, 1, 4, 6, 0]",quantile_0.9,81.0
j20,40,proactive_quantile_0.9,60,False,inf,inf,inf,,"[0, 12, 5, 5, 10, 2, 3, 2, 11, 5, 4, 7, 11, 10, 8, 1, 1, 1, 1, 5, 11, 0]",quantile_0.9,91.0
j20,41,proactive_quantile_0.9,60,False,inf,inf,inf,,"[0, 3, 5, 2, 4, 4, 1, 7, 11, 2, 6, 5, 9, 1, 2, 1, 3, 5, 5, 1, 6, 0]",quantile_0.9,47.0
j20,42,proactive_quantile_0.9,60,True,51.0,0.1379849910736084,0.00047326087951660156,"[0, 0, 11, 2, 0, 1, 5, 19, 10, 19, 27, 37, 33, 37, 22, 48, 37, 34, 35, 37, 39, 51]","[0, 3, 7, 6, 1, 2, 5, 2, 5, 4, 5, 10, 1, 7, 7, 3, 10, 3, 2, 1, 6, 0]",quantile_0.9,41.0
j20,42,proactive_quantile_0.9,60,True,51.0,0.1379849910736084,0.0003790855407714844,"[0, 0, 11, 2, 0, 1, 5, 19, 10, 19, 27, 37, 33, 37, 22, 48, 37, 34, 35, 37, 39, 51]","[0, 5, 8, 4, 1, 2, 4, 1, 6, 5, 4, 11, 1, 4, 7, 2, 12, 2, 2, 1, 6, 0]",quantile_0.9,41.0
j20,42,proactive_quantile_0.9,60,True,51.0,0.1379849910736084,0.0003249645233154297,"[0, 0, 11, 2, 0, 1, 5, 19, 10, 19, 27, 37, 33, 37, 22, 48, 37, 34, 35, 37, 39, 51]","[0, 3, 4, 2, 2, 3, 3, 1, 8, 5, 5, 9, 1, 7, 6, 2, 9, 1, 1, 1, 2, 0]",quantile_0.9,37.0
j20,42,proactive_quantile_0.9,60,True,51.0,0.1379849910736084,0.0003330707550048828,"[0, 0, 11, 2, 0, 1, 5, 19, 10, 19, 27, 37, 33, 37, 22, 48, 37, 34, 35, 37, 39, 51]","[0, 3, 7, 3, 1, 1, 6, 2, 7, 6, 5, 6, 1, 4, 9, 3, 11, 1, 2, 2, 3, 0]",quantile_0.9,38.0
j20,42,proactive_quantile_0.9,60,True,51.0,0.1379849910736084,0.0003159046173095703,"[0, 0, 11, 2, 0, 1, 5, 19, 10, 19, 27, 37, 33, 37, 22, 48, 37, 34, 35, 37, 39, 51]","[0, 5, 4, 2, 1, 3, 3, 1, 7, 4, 4, 7, 1, 4, 11, 1, 6, 2, 2, 1, 6, 0]",quantile_0.9,39.0
j20,42,proactive_quantile_0.9,60,True,51.0,0.1379849910736084,0.0003559589385986328,"[0, 0, 11, 2, 0, 1, 5, 19, 10, 19, 27, 37, 33, 37, 22, 48, 37, 34, 35, 37, 39, 51]","[0, 3, 6, 6, 2, 2, 5, 2, 5, 7, 8, 9, 1, 7, 10, 2, 10, 2, 1, 1, 4, 0]",quantile_0.9,40.0
j20,42,proactive_quantile_0.9,60,True,51.0,0.1379849910736084,0.0003750324249267578,"[0, 0, 11, 2, 0, 1, 5, 19, 10, 19, 27, 37, 33, 37, 22, 48, 37, 34, 35, 37, 39, 51]","[0, 2, 6, 6, 2, 2, 2, 3, 9, 8, 4, 10, 1, 4, 10, 2, 6, 3, 2, 2, 4, 0]",quantile_0.9,41.0
j20,42,proactive_quantile_0.9,60,True,51.0,0.1379849910736084,0.0003571510314941406,"[0, 0, 11, 2, 0, 1, 5, 19, 10, 19, 27, 37, 33, 37, 22, 48, 37, 34, 35, 37, 39, 51]","[0, 2, 8, 4, 1, 3, 2, 2, 7, 6, 4, 11, 1, 4, 8, 1, 12, 1, 1, 2, 3, 0]",quantile_0.9,39.0
j20,42,proactive_quantile_0.9,60,True,51.0,0.1379849910736084,0.00034689903259277344,"[0, 0, 11, 2, 0, 1, 5, 19, 10, 19, 27, 37, 33, 37, 22, 48, 37, 34, 35, 37, 39, 51]","[0, 4, 5, 6, 1, 1, 2, 2, 5, 5, 7, 7, 1, 4, 11, 1, 10, 3, 2, 1, 5, 0]",quantile_0.9,40.0
j20,42,proactive_quantile_0.9,60,True,51.0,0.1379849910736084,0.0003571510314941406,"[0, 0, 11, 2, 0, 1, 5, 19, 10, 19, 27, 37, 33, 37, 22, 48, 37, 34, 35, 37, 39, 51]","[0, 5, 4, 5, 2, 3, 6, 2, 5, 4, 7, 7, 1, 4, 11, 1, 12, 2, 2, 1, 6, 0]",quantile_0.9,41.0
j20,44,proactive_quantile_0.9,60,False,inf,inf,inf,,"[0, 2, 9, 9, 2, 3, 8, 5, 6, 2, 6, 2, 2, 1, 7, 4, 3, 1, 3, 2, 7, 0]",quantile_0.9,64.0
j20,44,proactive_quantile_0.9,60,False,inf,inf,inf,,"[0, 3, 11, 9, 5, 3, 8, 5, 6, 1, 4, 2, 2, 1, 4, 5, 5, 1, 1, 4, 5, 0]",quantile_0.9,64.0
j20,44,proactive_quantile_0.9,60,False,inf,inf,inf,,"[0, 1, 7, 6, 3, 5, 5, 5, 11, 2, 6, 2, 1, 1, 5, 2, 5, 1, 2, 5, 5, 0]",quantile_0.9,65.0
j20,45,proactive_quantile_0.9,60,True,40.0,0.07858991622924805,0.0004620552062988281,"[0, 0, 22, 0, 15, 0, 0, 9, 9, 7, 15, 7, 13, 24, 31, 39, 31, 24, 18, 29, 35, 40]","[0, 6, 1, 6, 3, 9, 5, 2, 6, 1, 7, 4, 8, 2, 4, 1, 9, 6, 6, 4, 1, 0]",quantile_0.9,35.0
j20,45,proactive_quantile_0.9,60,True,40.0,0.07858991622924805,0.00037384033203125,"[0, 0, 22, 0, 15, 0, 0, 9, 9, 7, 15, 7, 13, 24, 31, 39, 31, 24, 18, 29, 35, 40]","[0, 7, 2, 12, 4, 10, 6, 3, 5, 1, 4, 4, 11, 4, 3, 1, 6, 3, 6, 3, 1, 0]",quantile_0.9,36.0
j20,45,proactive_quantile_0.9,60,True,40.0,0.07858991622924805,0.0003521442413330078,"[0, 0, 22, 0, 15, 0, 0, 9, 9, 7, 15, 7, 13, 24, 31, 39, 31, 24, 18, 29, 35, 40]","[0, 3, 1, 11, 5, 8, 6, 2, 8, 1, 4, 4, 9, 2, 2, 1, 6, 6, 6, 4, 1, 0]",quantile_0.9,36.0
j20,45,proactive_quantile_0.9,60,True,40.0,0.07858991622924805,0.0003762245178222656,"[0, 0, 22, 0, 15, 0, 0, 9, 9, 7, 15, 7, 13, 24, 31, 39, 31, 24, 18, 29, 35, 40]","[0, 7, 1, 11, 5, 7, 7, 2, 9, 2, 5, 5, 7, 2, 3, 1, 8, 7, 5, 3, 1, 0]",quantile_0.9,37.0
j20,45,proactive_quantile_0.9,60,True,40.0,0.07858991622924805,0.00034308433532714844,"[0, 0, 22, 0, 15, 0, 0, 9, 9, 7, 15, 7, 13, 24, 31, 39, 31, 24, 18, 29, 35, 40]","[0, 6, 1, 6, 2, 8, 7, 3, 8, 1, 5, 3, 6, 5, 3, 1, 6, 6, 2, 2, 1, 0]",quantile_0.9,35.0
j20,45,proactive_quantile_0.9,60,True,40.0,0.07858991622924805,0.000453948974609375,"[0, 0, 22, 0, 15, 0, 0, 9, 9, 7, 15, 7, 13, 24, 31, 39, 31, 24, 18, 29, 35, 40]","[0, 7, 2, 12, 4, 10, 8, 5, 5, 2, 7, 6, 10, 4, 6, 1, 9, 4, 2, 6, 1, 0]",quantile_0.9,39.0
j20,45,proactive_quantile_0.9,60,True,40.0,0.07858991622924805,0.0003561973571777344,"[0, 0, 22, 0, 15, 0, 0, 9, 9, 7, 15, 7, 13, 24, 31, 39, 31, 24, 18, 29, 35, 40]","[0, 5, 1, 11, 4, 10, 6, 3, 5, 1, 7, 7, 6, 2, 3, 1, 9, 4, 2, 4, 1, 0]",quantile_0.9,36.0
j20,45,proactive_quantile_0.9,60,True,40.0,0.07858991622924805,0.0004069805145263672,"[0, 0, 22, 0, 15, 0, 0, 9, 9, 7, 15, 7, 13, 24, 31, 39, 31, 24, 18, 29, 35, 40]","[0, 6, 2, 8, 6, 10, 7, 4, 5, 2, 5, 5, 6, 4, 3, 1, 7, 7, 2, 3, 1, 0]",quantile_0.9,35.0
j20,45,proactive_quantile_0.9,60,True,40.0,0.07858991622924805,0.0003609657287597656,"[0, 0, 22, 0, 15, 0, 0, 9, 9, 7, 15, 7, 13, 24, 31, 39, 31, 24, 18, 29, 35, 40]","[0, 5, 2, 11, 6, 8, 5, 2, 6, 2, 3, 4, 9, 3, 3, 1, 9, 7, 5, 2, 1, 0]",quantile_0.9,36.0
j20,45,proactive_quantile_0.9,60,True,40.0,0.07858991622924805,0.000370025634765625,"[0, 0, 22, 0, 15, 0, 0, 9, 9, 7, 15, 7, 13, 24, 31, 39, 31, 24, 18, 29, 35, 40]","[0, 6, 2, 6, 5, 7, 7, 6, 5, 2, 3, 6, 7, 3, 2, 1, 5, 7, 4, 5, 1, 0]",quantile_0.9,35.0
j20,46,proactive_quantile_0.9,60,True,59.0,0.1608428955078125,0.0005056858062744141,"[0, 0, 0, 9, 11, 17, 12, 11, 17, 12, 35, 23, 24, 28, 27, 50, 50, 49, 24, 37, 46, 58]","[0, 11, 9, 2, 1, 3, 5, 7, 5, 3, 6, 7, 9, 9, 6, 6, 9, 1, 1, 12, 4, 0]",quantile_0.9,56.0
j20,46,proactive_quantile_0.9,60,True,58.0,0.1608428955078125,0.0004191398620605469,"[0, 0, 0, 9, 11, 17, 12, 11, 17, 12, 35, 23, 24, 28, 27, 50, 50, 49, 24, 37, 46, 58]","[0, 10, 9, 2, 1, 5, 2, 11, 4, 5, 10, 7, 6, 5, 6, 5, 6, 1, 1, 7, 2, 0]",quantile_0.9,55.0
j20,46,proactive_quantile_0.9,60,True,59.0,0.1608428955078125,0.0003771781921386719,"[0, 0, 0, 9, 11, 17, 12, 11, 17, 12, 35, 23, 24, 28, 27, 50, 50, 49, 24, 37, 46, 58]","[0, 10, 7, 2, 1, 3, 3, 9, 5, 5, 7, 6, 8, 6, 6, 7, 9, 1, 1, 6, 3, 0]",quantile_0.9,56.0
j20,46,proactive_quantile_0.9,60,True,58.0,0.1608428955078125,0.000392913818359375,"[0, 0, 0, 9, 11, 17, 12, 11, 17, 12, 35, 23, 24, 28, 27, 50, 50, 49, 24, 37, 46, 58]","[0, 9, 10, 4, 1, 7, 2, 11, 5, 4, 8, 6, 9, 6, 7, 6, 6, 1, 1, 6, 3, 0]",quantile_0.9,55.0
j20,46,proactive_quantile_0.9,60,True,59.0,0.1608428955078125,0.00040411949157714844,"[0, 0, 0, 9, 11, 17, 12, 11, 17, 12, 35, 23, 24, 28, 27, 50, 50, 49, 24, 37, 46, 58]","[0, 9, 12, 5, 1, 7, 5, 11, 3, 6, 6, 6, 7, 7, 6, 7, 9, 1, 1, 8, 2, 0]",quantile_0.9,56.0
j20,46,proactive_quantile_0.9,60,True,58.0,0.1608428955078125,0.00039696693420410156,"[0, 0, 0, 9, 11, 17, 12, 11, 17, 12, 35, 23, 24, 28, 27, 50, 50, 49, 24, 37, 46, 58]","[0, 6, 7, 3, 1, 6, 2, 6, 3, 7, 11, 12, 7, 9, 8, 7, 5, 1, 1, 9, 6, 0]",quantile_0.9,55.0
j20,46,proactive_quantile_0.9,60,True,58.0,0.1608428955078125,0.0003910064697265625,"[0, 0, 0, 9, 11, 17, 12, 11, 17, 12, 35, 23, 24, 28, 27, 50, 50, 49, 24, 37, 46, 58]","[0, 9, 10, 4, 1, 7, 5, 11, 2, 4, 6, 10, 7, 5, 7, 8, 6, 1, 1, 7, 2, 0]",quantile_0.9,55.0
j20,46,proactive_quantile_0.9,60,True,59.0,0.1608428955078125,0.00038695335388183594,"[0, 0, 0, 9, 11, 17, 12, 11, 17, 12, 35, 23, 24, 28, 27, 50, 50, 49, 24, 37, 46, 58]","[0, 8, 10, 2, 1, 3, 2, 7, 4, 7, 7, 6, 7, 8, 6, 6, 9, 1, 1, 10, 4, 0]",quantile_0.9,56.0
j20,46,proactive_quantile_0.9,60,True,58.0,0.1608428955078125,0.0004489421844482422,"[0, 0, 0, 9, 11, 17, 12, 11, 17, 12, 35, 23, 24, 28, 27, 50, 50, 49, 24, 37, 46, 58]","[0, 8, 12, 2, 1, 4, 4, 12, 4, 5, 6, 12, 6, 7, 9, 4, 6, 1, 1, 8, 3, 0]",quantile_0.9,55.0
j20,46,proactive_quantile_0.9,60,True,59.0,0.1608428955078125,0.0004100799560546875,"[0, 0, 0, 9, 11, 17, 12, 11, 17, 12, 35, 23, 24, 28, 27, 50, 50, 49, 24, 37, 46, 58]","[0, 11, 10, 4, 1, 3, 5, 11, 2, 4, 11, 6, 6, 8, 6, 5, 9, 1, 1, 10, 5, 0]",quantile_0.9,56.0
j20,47,proactive_quantile_0.9,60,True,54.0,0.1952991485595703,0.00041604042053222656,"[0, 0, 1, 11, 18, 3, 6, 0, 5, 29, 6, 27, 5, 13, 32, 36, 50, 34, 39, 18, 31, 54]","[0, 3, 5, 7, 6, 6, 5, 1, 2, 2, 2, 2, 2, 2, 2, 2, 2, 1, 7, 8, 1, 0]",quantile_0.9,44.0
j20,47,proactive_quantile_0.9,60,True,54.0,0.1952991485595703,0.0003459453582763672,"[0, 0, 1, 11, 18, 3, 6, 0, 5, 29, 6, 27, 5, 13, 32, 36, 50, 34, 39, 18, 31, 54]","[0, 4, 3, 5, 10, 8, 2, 1, 1, 1, 3, 4, 1, 2, 2, 2, 3, 2, 6, 11, 2, 0]",quantile_0.9,44.0
j20,47,proactive_quantile_0.9,60,True,54.0,0.1952991485595703,0.0003247261047363281,"[0, 0, 1, 11, 18, 3, 6, 0, 5, 29, 6, 27, 5, 13, 32, 36, 50, 34, 39, 18, 31, 54]","[0, 3, 5, 4, 7, 5, 2, 1, 2, 1, 2, 3, 2, 5, 1, 2, 2, 1, 9, 11, 2, 0]",quantile_0.9,45.0
j20,47,proactive_quantile_0.9,60,True,55.0,0.1952991485595703,0.00033020973205566406,"[0, 0, 1, 11, 18, 3, 6, 0, 5, 29, 6, 27, 5, 13, 32, 36, 50, 34, 39, 18, 31, 54]","[0, 3, 5, 7, 6, 6, 5, 1, 1, 1, 2, 2, 2, 5, 2, 3, 5, 1, 10, 7, 3, 0]",quantile_0.9,50.0
j20,47,proactive_quantile_0.9,60,True,54.0,0.1952991485595703,0.00035190582275390625,"[0, 0, 1, 11, 18, 3, 6, 0, 5, 29, 6, 27, 5, 13, 32, 36, 50, 34, 39, 18, 31, 54]","[0, 5, 5, 5, 7, 5, 4, 1, 2, 2, 5, 4, 2, 3, 1, 2, 3, 2, 6, 6, 3, 0]",quantile_0.9,43.0
j20,47,proactive_quantile_0.9,60,True,54.0,0.1952991485595703,0.0003368854522705078,"[0, 0, 1, 11, 18, 3, 6, 0, 5, 29, 6, 27, 5, 13, 32, 36, 50, 34, 39, 18, 31, 54]","[0, 4, 5, 4, 9, 9, 4, 1, 1, 1, 2, 2, 2, 5, 2, 2, 3, 2, 6, 6, 2, 0]",quantile_0.9,44.0
j20,47,proactive_quantile_0.9,60,True,55.0,0.1952991485595703,0.0003571510314941406,"[0, 0, 1, 11, 18, 3, 6, 0, 5, 29, 6, 27, 5, 13, 32, 36, 50, 34, 39, 18, 31, 54]","[0, 3, 4, 7, 11, 7, 2, 1, 2, 2, 5, 5, 2, 2, 2, 1, 5, 1, 10, 11, 1, 0]",quantile_0.9,49.0
j20,47,proactive_quantile_0.9,60,True,54.0,0.1952991485595703,0.00029921531677246094,"[0, 0, 1, 11, 18, 3, 6, 0, 5, 29, 6, 27, 5, 13, 32, 36, 50, 34, 39, 18, 31, 54]","[0, 3, 2, 7, 8, 5, 3, 1, 1, 2, 2, 3, 2, 3, 1, 3, 2, 1, 6, 10, 2, 0]",quantile_0.9,42.0
j20,47,proactive_quantile_0.9,60,True,54.0,0.1952991485595703,0.00031828880310058594,"[0, 0, 1, 11, 18, 3, 6, 0, 5, 29, 6, 27, 5, 13, 32, 36, 50, 34, 39, 18, 31, 54]","[0, 4, 2, 4, 6, 7, 5, 1, 2, 1, 2, 2, 2, 4, 1, 3, 2, 2, 8, 8, 1, 0]",quantile_0.9,43.0
j20,47,proactive_quantile_0.9,60,True,54.0,0.1952991485595703,0.0003170967102050781,"[0, 0, 1, 11, 18, 3, 6, 0, 5, 29, 6, 27, 5, 13, 32, 36, 50, 34, 39, 18, 31, 54]","[0, 4, 5, 4, 8, 9, 4, 1, 1, 1, 3, 3, 2, 4, 2, 2, 2, 1, 6, 11, 1, 0]",quantile_0.9,44.0
j20,48,proactive_quantile_0.9,60,True,54.0,0.17074108123779297,0.0004990100860595703,"[0, 0, 19, 27, 39, 11, 19, 8, 0, 0, 27, 45, 13, 36, 47, 28, 46, 45, 39, 36, 26, 53]","[0, 1, 6, 10, 2, 2, 5, 9, 11, 4, 5, 1, 7, 1, 2, 11, 1, 9, 4, 6, 1, 0]",quantile_0.9,47.0
j20,48,proactive_quantile_0.9,60,True,53.0,0.17074108123779297,0.0004420280456542969,"[0, 0, 19, 27, 39, 11, 19, 8, 0, 0, 27, 45, 13, 36, 47, 28, 46, 45, 39, 36, 26, 53]","[0, 1, 7, 11, 4, 1, 7, 10, 8, 8, 7, 1, 10, 2, 2, 7, 1, 6, 3, 5, 1, 0]",quantile_0.9,50.0
j20,48,proactive_quantile_0.9,60,True,53.0,0.17074108123779297,0.0003521442413330078,"[0, 0, 19, 27, 39, 11, 19, 8, 0, 0, 27, 45, 13, 36, 47, 28, 46, 45, 39, 36, 26, 53]","[0, 1, 4, 11, 4, 2, 5, 6, 10, 5, 5, 1, 6, 2, 2, 8, 1, 6, 3, 7, 1, 0]",quantile_0.9,43.0
j20,48,proactive_quantile_0.9,60,True,53.0,0.17074108123779297,0.0004019737243652344,"[0, 0, 19, 27, 39, 11, 19, 8, 0, 0, 27, 45, 13, 36, 47, 28, 46, 45, 39, 36, 26, 53]","[0, 1, 4, 7, 5, 1, 4, 7, 9, 8, 7, 1, 10, 1, 2, 9, 1, 6, 5, 4, 1, 0]",quantile_0.9,50.0
j20,48,proactive_quantile_0.9,60,True,53.0,0.17074108123779297,0.0003750324249267578,"[0, 0, 19, 27, 39, 11, 19, 8, 0, 0, 27, 45, 13, 36, 47, 28, 46, 45, 39, 36, 26, 53]","[0, 1, 7, 7, 5, 1, 6, 7, 6, 5, 8, 1, 11, 1, 2, 11, 1, 6, 6, 4, 1, 0]",quantile_0.9,47.0
j20,48,proactive_quantile_0.9,60,True,53.0,0.17074108123779297,0.0003349781036376953,"[0, 0, 19, 27, 39, 11, 19, 8, 0, 0, 27, 45, 13, 36, 47, 28, 46, 45, 39, 36, 26, 53]","[0, 1, 3, 8, 4, 2, 5, 9, 10, 6, 5, 1, 6, 2, 2, 7, 1, 6, 6, 4, 1, 0]",quantile_0.9,47.0
j20,48,proactive_quantile_0.9,60,True,53.0,0.17074108123779297,0.000392913818359375,"[0, 0, 19, 27, 39, 11, 19, 8, 0, 0, 27, 45, 13, 36, 47, 28, 46, 45, 39, 36, 26, 53]","[0, 1, 3, 11, 3, 1, 8, 11, 8, 8, 8, 1, 11, 2, 2, 11, 1, 5, 6, 8, 1, 0]",quantile_0.9,52.0
j20,48,proactive_quantile_0.9,60,True,53.0,0.17074108123779297,0.0003597736358642578,"[0, 0, 19, 27, 39, 11, 19, 8, 0, 0, 27, 45, 13, 36, 47, 28, 46, 45, 39, 36, 26, 53]","[0, 1, 6, 10, 4, 1, 8, 7, 6, 8, 7, 1, 6, 2, 1, 10, 1, 6, 4, 4, 1, 0]",quantile_0.9,43.0
j20,48,proactive_quantile_0.9,60,True,54.0,0.17074108123779297,0.00035381317138671875,"[0, 0, 19, 27, 39, 11, 19, 8, 0, 0, 27, 45, 13, 36, 47, 28, 46, 45, 39, 36, 26, 53]","[0, 1, 5, 10, 2, 1, 8, 7, 10, 5, 5, 1, 8, 2, 2, 8, 1, 9, 7, 6, 1, 0]",quantile_0.9,47.0
j20,48,proactive_quantile_0.9,60,True,53.0,0.17074108123779297,0.0003409385681152344,"[0, 0, 19, 27, 39, 11, 19, 8, 0, 0, 27, 45, 13, 36, 47, 28, 46, 45, 39, 36, 26, 53]","[0, 1, 5, 6, 3, 1, 6, 6, 11, 5, 7, 1, 10, 1, 1, 11, 1, 6, 5, 5, 1, 0]",quantile_0.9,47.0
