instance_folder,instance_id,method,nr_samples,obj,obj_pi,rel_regret,time_limit_SAA,time_limit_pi,feasibility,feasibility_pi,real_durations,start_times,time_offline,time_online
ubo50,1,proactive,10,inf,inf,0.0,600,60.0,False,False,"[0, 2, 1, 3, 6, 2, 3, 4, 3, 2, 2, 7, 3, 7, 5, 1, 3, 11, 5, 8, 8, 1, 6, 8, 2, 4, 2, 6, 5, 5, 1, 6, 4, 2, 1, 4, 2, 1, 7, 2, 2, 1, 5, 3, 4, 6, 1, 2, 6, 4, 7, 0]",,0.40542006492614746,0.0
ubo50,1,proactive,10,inf,inf,0.0,600,60.0,False,False,"[0, 2, 1, 3, 6, 1, 5, 8, 2, 3, 2, 4, 3, 6, 7, 2, 3, 8, 4, 4, 6, 2, 8, 7, 2, 3, 5, 5, 4, 7, 1, 6, 6, 1, 1, 3, 1, 2, 4, 2, 5, 1, 2, 2, 7, 11, 1, 1, 7, 6, 11, 0]",,0.40542006492614746,0.0
ubo50,1,proactive,10,inf,inf,0.0,600,60.0,False,False,"[0, 2, 2, 3, 8, 1, 6, 8, 6, 5, 2, 7, 2, 6, 7, 3, 1, 11, 5, 8, 6, 2, 5, 4, 1, 6, 2, 5, 8, 6, 1, 9, 4, 1, 1, 6, 2, 1, 7, 1, 4, 3, 2, 2, 5, 8, 2, 2, 3, 4, 8, 0]",,0.40542006492614746,0.0
ubo50,1,proactive,10,inf,inf,0.0,600,60.0,False,False,"[0, 1, 3, 3, 6, 3, 4, 8, 4, 2, 2, 3, 2, 11, 3, 2, 2, 7, 7, 8, 8, 1, 4, 7, 2, 2, 5, 6, 6, 9, 2, 5, 3, 2, 2, 4, 2, 2, 3, 3, 2, 1, 4, 2, 6, 10, 1, 1, 3, 6, 9, 0]",,0.40542006492614746,0.0
ubo50,1,proactive,10,inf,inf,0.0,600,60.0,False,False,"[0, 2, 2, 4, 7, 1, 6, 4, 2, 3, 1, 5, 1, 12, 5, 1, 2, 9, 3, 4, 9, 2, 6, 5, 1, 6, 5, 5, 5, 7, 1, 9, 6, 3, 2, 6, 3, 2, 6, 2, 6, 3, 6, 1, 3, 9, 2, 1, 6, 4, 6, 0]",,0.40542006492614746,0.0
ubo50,1,proactive,10,inf,inf,0.0,600,60.0,False,False,"[0, 1, 3, 5, 5, 3, 4, 8, 2, 2, 1, 4, 2, 10, 4, 3, 2, 12, 4, 4, 5, 1, 8, 5, 1, 2, 4, 5, 7, 6, 1, 9, 6, 3, 2, 7, 3, 2, 7, 1, 2, 1, 6, 3, 4, 11, 1, 2, 5, 5, 11, 0]",,0.40542006492614746,0.0
ubo50,1,proactive,10,inf,inf,0.0,600,60.0,False,False,"[0, 1, 2, 6, 9, 1, 3, 7, 4, 2, 2, 6, 1, 8, 6, 1, 2, 11, 5, 5, 8, 1, 4, 5, 1, 3, 5, 8, 5, 7, 2, 5, 5, 1, 1, 3, 3, 1, 7, 3, 6, 3, 5, 1, 7, 8, 1, 1, 4, 5, 11, 0]",,0.40542006492614746,0.0
ubo50,1,proactive,10,inf,inf,0.0,600,60.0,False,False,"[0, 2, 2, 4, 5, 2, 7, 8, 4, 4, 2, 4, 1, 6, 3, 3, 3, 10, 4, 7, 6, 2, 6, 8, 2, 2, 5, 5, 8, 7, 2, 6, 4, 1, 1, 3, 3, 2, 6, 3, 2, 2, 2, 2, 5, 8, 1, 1, 6, 5, 8, 0]",,0.40542006492614746,0.0
ubo50,1,proactive,10,inf,inf,0.0,600,60.0,False,False,"[0, 1, 1, 5, 5, 1, 4, 4, 4, 5, 1, 3, 3, 10, 6, 1, 3, 9, 4, 6, 5, 1, 5, 8, 1, 5, 2, 9, 6, 6, 1, 5, 6, 2, 2, 5, 3, 1, 3, 1, 2, 3, 4, 1, 3, 10, 2, 1, 4, 5, 10, 0]",,0.40542006492614746,0.0
ubo50,1,proactive,10,inf,inf,0.0,600,60.0,False,False,"[0, 2, 2, 4, 6, 3, 7, 5, 2, 4, 2, 5, 2, 7, 5, 1, 1, 11, 6, 8, 6, 2, 4, 8, 1, 5, 4, 9, 7, 7, 1, 7, 7, 1, 1, 7, 3, 1, 7, 3, 5, 2, 2, 1, 7, 9, 1, 2, 6, 6, 10, 0]",,0.40542006492614746,0.0
ubo50,2,proactive,10,inf,inf,0.0,600,60.0,False,False,"[0, 1, 3, 1, 1, 5, 1, 6, 8, 3, 3, 5, 6, 7, 1, 6, 6, 1, 8, 12, 1, 1, 1, 5, 7, 4, 3, 2, 7, 3, 5, 8, 1, 1, 3, 7, 5, 3, 1, 4, 7, 1, 6, 5, 7, 3, 5, 2, 6, 9, 10, 0]",,0.1632862091064453,0.0
ubo50,2,proactive,10,inf,inf,0.0,600,60.0,False,False,"[0, 1, 2, 1, 2, 4, 1, 6, 9, 5, 2, 4, 6, 7, 2, 10, 4, 2, 8, 10, 1, 1, 1, 4, 4, 4, 1, 2, 5, 4, 6, 9, 1, 1, 6, 8, 2, 6, 1, 3, 6, 2, 6, 7, 8, 1, 3, 1, 6, 11, 6, 0]",,0.1632862091064453,0.0
ubo50,2,proactive,10,inf,inf,0.0,600,60.0,False,False,"[0, 1, 2, 1, 2, 6, 1, 8, 6, 4, 3, 5, 8, 7, 2, 9, 6, 2, 10, 6, 1, 2, 1, 5, 7, 5, 1, 1, 7, 4, 5, 6, 1, 2, 6, 7, 4, 4, 1, 6, 7, 3, 6, 5, 7, 2, 4, 2, 2, 8, 7, 0]",,0.1632862091064453,0.0
ubo50,2,proactive,10,inf,inf,0.0,600,60.0,False,False,"[0, 1, 3, 1, 1, 2, 1, 8, 5, 5, 2, 4, 6, 8, 1, 8, 3, 2, 11, 6, 1, 1, 2, 4, 7, 3, 2, 1, 5, 5, 6, 11, 1, 2, 4, 8, 5, 6, 1, 3, 11, 2, 5, 5, 8, 3, 3, 1, 2, 6, 10, 0]",,0.1632862091064453,0.0
ubo50,2,proactive,10,inf,inf,0.0,600,60.0,False,False,"[0, 1, 3, 1, 1, 4, 1, 4, 7, 3, 5, 4, 7, 6, 1, 6, 2, 2, 10, 9, 2, 2, 2, 4, 6, 5, 2, 1, 7, 2, 5, 11, 1, 1, 3, 8, 2, 6, 1, 5, 11, 1, 5, 7, 6, 2, 6, 3, 3, 7, 6, 0]",,0.1632862091064453,0.0
ubo50,2,proactive,10,inf,inf,0.0,600,60.0,False,False,"[0, 1, 2, 1, 2, 5, 1, 7, 6, 5, 5, 2, 6, 8, 2, 12, 3, 1, 7, 8, 2, 1, 1, 5, 7, 3, 2, 1, 5, 3, 4, 9, 1, 1, 5, 5, 5, 4, 1, 4, 6, 1, 5, 5, 7, 3, 5, 1, 4, 10, 6, 0]",,0.1632862091064453,0.0
ubo50,2,proactive,10,inf,inf,0.0,600,60.0,False,False,"[0, 1, 1, 1, 1, 4, 1, 5, 7, 2, 4, 2, 7, 8, 1, 8, 3, 1, 7, 10, 1, 2, 2, 3, 8, 4, 3, 1, 4, 2, 3, 8, 1, 2, 5, 7, 2, 5, 1, 5, 10, 2, 3, 8, 6, 2, 3, 3, 2, 8, 7, 0]",,0.1632862091064453,0.0
ubo50,2,proactive,10,inf,inf,0.0,600,60.0,False,False,"[0, 1, 3, 1, 1, 5, 1, 8, 6, 4, 5, 3, 7, 6, 2, 10, 3, 3, 11, 6, 1, 1, 2, 2, 4, 4, 2, 2, 3, 4, 2, 10, 1, 1, 6, 8, 5, 6, 1, 4, 11, 3, 5, 5, 6, 2, 4, 2, 3, 6, 7, 0]",,0.1632862091064453,0.0
ubo50,2,proactive,10,inf,inf,0.0,600,60.0,False,False,"[0, 1, 3, 1, 1, 2, 1, 6, 8, 4, 4, 5, 8, 7, 2, 10, 6, 3, 11, 10, 1, 2, 2, 4, 4, 5, 2, 1, 6, 2, 4, 8, 1, 1, 3, 9, 2, 6, 1, 3, 9, 3, 6, 5, 6, 1, 6, 1, 2, 11, 11, 0]",,0.1632862091064453,0.0
ubo50,2,proactive,10,inf,inf,0.0,600,60.0,False,False,"[0, 1, 3, 1, 1, 6, 1, 6, 5, 4, 5, 5, 7, 5, 1, 6, 4, 1, 7, 8, 1, 1, 1, 2, 6, 2, 2, 2, 4, 3, 6, 6, 1, 2, 4, 7, 5, 6, 1, 2, 11, 1, 7, 9, 9, 3, 5, 3, 6, 10, 9, 0]",,0.1632862091064453,0.0
ubo50,3,proactive,10,inf,174.0,100.0,600,,False,True,"[0, 2, 4, 8, 1, 2, 7, 10, 6, 9, 1, 7, 5, 1, 4, 7, 7, 9, 5, 2, 8, 5, 7, 6, 1, 3, 5, 11, 8, 2, 4, 10, 5, 9, 1, 2, 1, 10, 7, 6, 4, 2, 3, 8, 6, 5, 3, 2, 4, 4, 1, 0]","[0, 25, 0, 13, 11, 0, 94, 199, 177, 94, 73, 179, 165, 148, 88, 170, 160, 13, 140, 86, 103, 25, 49, 74, 138, 188, 140, 62, 110, 37, 3, 74, 170, 118, 19, 23, 60, 177, 127, 148, 42, 160, 13, 191, 211, 226, 31, 209, 199, 218, 21, 232]",600.2157142162323,0.00138092041015625
ubo50,3,proactive,10,232.0,167.0,38.92215568862275,600,,True,True,"[0, 2, 6, 4, 2, 2, 7, 7, 6, 7, 1, 5, 3, 1, 2, 9, 6, 9, 7, 1, 7, 4, 8, 7, 1, 2, 4, 7, 8, 4, 6, 12, 3, 6, 1, 1, 2, 7, 6, 10, 7, 3, 2, 8, 3, 6, 3, 1, 6, 4, 1, 0]","[0, 25, 0, 13, 11, 0, 94, 199, 177, 94, 73, 179, 165, 148, 88, 170, 160, 13, 140, 86, 103, 25, 49, 74, 138, 188, 140, 62, 110, 37, 3, 74, 170, 118, 19, 23, 60, 177, 127, 148, 42, 160, 13, 191, 211, 226, 31, 209, 199, 218, 21, 232]",600.2157142162323,0.0011639595031738281
ubo50,3,proactive,10,232.0,166.0,39.75903614457831,600,,True,True,"[0, 3, 8, 8, 1, 2, 4, 6, 11, 9, 1, 5, 2, 2, 5, 5, 6, 10, 7, 2, 7, 6, 11, 8, 2, 3, 5, 6, 7, 2, 8, 9, 3, 7, 1, 2, 1, 6, 8, 7, 3, 5, 5, 5, 4, 3, 5, 2, 4, 5, 1, 0]","[0, 25, 0, 13, 11, 0, 94, 199, 177, 94, 73, 179, 165, 148, 88, 170, 160, 13, 140, 86, 103, 25, 49, 74, 138, 188, 140, 62, 110, 37, 3, 74, 170, 118, 19, 23, 60, 177, 127, 148, 42, 160, 13, 191, 211, 226, 31, 209, 199, 218, 21, 232]",600.2157142162323,0.0011892318725585938
ubo50,3,proactive,10,inf,172.0,100.0,600,,False,True,"[0, 6, 8, 7, 1, 2, 3, 8, 7, 7, 1, 7, 6, 2, 4, 7, 7, 7, 5, 1, 4, 6, 7, 5, 2, 3, 3, 9, 9, 5, 7, 11, 3, 7, 1, 1, 2, 7, 8, 11, 5, 5, 4, 4, 4, 4, 5, 2, 6, 8, 1, 0]","[0, 25, 0, 13, 11, 0, 94, 199, 177, 94, 73, 179, 165, 148, 88, 170, 160, 13, 140, 86, 103, 25, 49, 74, 138, 188, 140, 62, 110, 37, 3, 74, 170, 118, 19, 23, 60, 177, 127, 148, 42, 160, 13, 191, 211, 226, 31, 209, 199, 218, 21, 232]",600.2157142162323,0.0012040138244628906
ubo50,3,proactive,10,232.0,167.0,38.92215568862275,600,,True,True,"[0, 3, 4, 7, 2, 1, 6, 10, 6, 9, 1, 6, 3, 2, 5, 5, 5, 6, 5, 2, 4, 6, 10, 8, 1, 3, 7, 7, 7, 5, 6, 11, 7, 6, 2, 1, 2, 9, 6, 8, 3, 3, 3, 6, 3, 6, 3, 2, 3, 7, 1, 0]","[0, 25, 0, 13, 11, 0, 94, 199, 177, 94, 73, 179, 165, 148, 88, 170, 160, 13, 140, 86, 103, 25, 49, 74, 138, 188, 140, 62, 110, 37, 3, 74, 170, 118, 19, 23, 60, 177, 127, 148, 42, 160, 13, 191, 211, 226, 31, 209, 199, 218, 21, 232]",600.2157142162323,0.0011529922485351562
ubo50,3,proactive,10,232.0,173.0,34.104046242774565,600,,True,True,"[0, 3, 6, 8, 2, 1, 7, 10, 11, 7, 1, 6, 5, 2, 5, 8, 7, 9, 6, 2, 4, 6, 10, 7, 2, 3, 4, 10, 6, 3, 5, 7, 5, 7, 1, 2, 1, 9, 6, 8, 5, 5, 3, 4, 3, 5, 6, 2, 2, 6, 1, 0]","[0, 25, 0, 13, 11, 0, 94, 199, 177, 94, 73, 179, 165, 148, 88, 170, 160, 13, 140, 86, 103, 25, 49, 74, 138, 188, 140, 62, 110, 37, 3, 74, 170, 118, 19, 23, 60, 177, 127, 148, 42, 160, 13, 191, 211, 226, 31, 209, 199, 218, 21, 232]",600.2157142162323,0.0011951923370361328
ubo50,3,proactive,10,inf,176.0,100.0,600,,False,True,"[0, 6, 8, 8, 2, 1, 3, 11, 9, 8, 1, 5, 4, 3, 2, 9, 8, 10, 5, 1, 6, 2, 9, 8, 1, 1, 7, 10, 6, 3, 4, 7, 7, 9, 2, 1, 2, 8, 10, 8, 6, 4, 6, 5, 7, 6, 2, 2, 6, 4, 1, 0]","[0, 25, 0, 13, 11, 0, 94, 199, 177, 94, 73, 179, 165, 148, 88, 170, 160, 13, 140, 86, 103, 25, 49, 74, 138, 188, 140, 62, 110, 37, 3, 74, 170, 118, 19, 23, 60, 177, 127, 148, 42, 160, 13, 191, 211, 226, 31, 209, 199, 218, 21, 232]",600.2157142162323,0.001180887222290039
ubo50,3,proactive,10,inf,177.0,100.0,600,,False,True,"[0, 6, 8, 8, 1, 1, 4, 8, 11, 7, 1, 6, 6, 2, 4, 9, 9, 10, 6, 2, 6, 5, 10, 6, 2, 1, 3, 11, 8, 3, 8, 12, 3, 5, 1, 2, 1, 9, 10, 7, 6, 4, 6, 6, 7, 5, 4, 1, 3, 4, 1, 0]","[0, 25, 0, 13, 11, 0, 94, 199, 177, 94, 73, 179, 165, 148, 88, 170, 160, 13, 140, 86, 103, 25, 49, 74, 138, 188, 140, 62, 110, 37, 3, 74, 170, 118, 19, 23, 60, 177, 127, 148, 42, 160, 13, 191, 211, 226, 31, 209, 199, 218, 21, 232]",600.2157142162323,0.001220703125
ubo50,3,proactive,10,232.0,164.0,41.46341463414634,600,,True,True,"[0, 2, 8, 4, 1, 2, 5, 7, 11, 7, 1, 8, 2, 1, 5, 7, 7, 6, 8, 2, 4, 2, 9, 4, 2, 2, 6, 10, 5, 5, 7, 11, 4, 7, 1, 1, 1, 10, 11, 7, 5, 4, 2, 5, 5, 3, 4, 2, 2, 5, 1, 0]","[0, 25, 0, 13, 11, 0, 94, 199, 177, 94, 73, 179, 165, 148, 88, 170, 160, 13, 140, 86, 103, 25, 49, 74, 138, 188, 140, 62, 110, 37, 3, 74, 170, 118, 19, 23, 60, 177, 127, 148, 42, 160, 13, 191, 211, 226, 31, 209, 199, 218, 21, 232]",600.2157142162323,0.0011570453643798828
ubo50,3,proactive,10,inf,185.0,100.0,600,,False,True,"[0, 6, 6, 5, 2, 2, 6, 8, 10, 8, 1, 9, 5, 1, 3, 9, 6, 7, 8, 1, 8, 4, 7, 8, 1, 1, 6, 11, 6, 5, 6, 6, 7, 6, 1, 1, 2, 9, 8, 12, 4, 2, 5, 7, 7, 5, 6, 2, 5, 8, 1, 0]","[0, 25, 0, 13, 11, 0, 94, 199, 177, 94, 73, 179, 165, 148, 88, 170, 160, 13, 140, 86, 103, 25, 49, 74, 138, 188, 140, 62, 110, 37, 3, 74, 170, 118, 19, 23, 60, 177, 127, 148, 42, 160, 13, 191, 211, 226, 31, 209, 199, 218, 21, 232]",600.2157142162323,0.0012221336364746094
ubo50,4,proactive,10,251.0,189.0,32.804232804232804,600,,True,True,"[0, 6, 8, 3, 2, 2, 5, 6, 5, 2, 1, 1, 5, 3, 4, 2, 6, 3, 8, 8, 4, 5, 2, 9, 4, 1, 1, 3, 1, 8, 5, 8, 1, 10, 12, 3, 9, 7, 10, 1, 5, 1, 2, 4, 8, 5, 1, 10, 5, 2, 11, 0]","[0, 127, 80, 2, 157, 0, 53, 2, 22, 118, 238, 33, 48, 127, 110, 185, 168, 97, 196, 157, 103, 207, 89, 180, 134, 242, 126, 193, 123, 196, 96, 70, 31, 37, 138, 150, 11, 218, 59, 241, 22, 241, 124, 243, 159, 243, 192, 227, 212, 239, 168, 251]",600.2491760253906,0.0011110305786132812
ubo50,4,proactive,10,251.0,197.0,27.411167512690355,600,,True,True,"[0, 8, 8, 4, 2, 1, 4, 5, 8, 4, 1, 3, 3, 4, 8, 2, 7, 5, 8, 10, 7, 2, 5, 6, 4, 1, 1, 1, 1, 11, 4, 7, 1, 10, 12, 6, 11, 9, 10, 1, 9, 1, 1, 4, 5, 6, 1, 11, 6, 1, 9, 0]","[0, 127, 80, 2, 157, 0, 53, 2, 22, 118, 238, 33, 48, 127, 110, 185, 168, 97, 196, 157, 103, 207, 89, 180, 134, 242, 126, 193, 123, 196, 96, 70, 31, 37, 138, 150, 11, 218, 59, 241, 22, 241, 124, 243, 159, 243, 192, 227, 212, 239, 168, 251]",600.2491760253906,0.0011548995971679688
ubo50,4,proactive,10,inf,194.0,100.0,600,,False,True,"[0, 6, 5, 2, 1, 1, 5, 8, 7, 5, 1, 1, 3, 3, 7, 5, 5, 4, 7, 9, 4, 3, 6, 7, 7, 1, 1, 3, 1, 6, 6, 11, 2, 9, 9, 5, 12, 6, 8, 1, 7, 1, 3, 3, 9, 8, 1, 7, 6, 2, 6, 0]","[0, 127, 80, 2, 157, 0, 53, 2, 22, 118, 238, 33, 48, 127, 110, 185, 168, 97, 196, 157, 103, 207, 89, 180, 134, 242, 126, 193, 123, 196, 96, 70, 31, 37, 138, 150, 11, 218, 59, 241, 22, 241, 124, 243, 159, 243, 192, 227, 212, 239, 168, 251]",600.2491760253906,0.0011048316955566406
ubo50,4,proactive,10,251.0,197.0,27.411167512690355,600,,True,True,"[0, 7, 8, 3, 1, 1, 6, 8, 7, 5, 1, 1, 2, 7, 5, 3, 4, 3, 7, 10, 5, 3, 4, 11, 6, 1, 1, 1, 1, 7, 5, 7, 2, 9, 11, 4, 11, 5, 11, 1, 7, 1, 3, 2, 9, 5, 1, 8, 4, 1, 12, 0]","[0, 127, 80, 2, 157, 0, 53, 2, 22, 118, 238, 33, 48, 127, 110, 185, 168, 97, 196, 157, 103, 207, 89, 180, 134, 242, 126, 193, 123, 196, 96, 70, 31, 37, 138, 150, 11, 218, 59, 241, 22, 241, 124, 243, 159, 243, 192, 227, 212, 239, 168, 251]",600.2491760253906,0.0011157989501953125
ubo50,4,proactive,10,251.0,174.0,44.252873563218394,600,,True,True,"[0, 8, 5, 4, 1, 2, 3, 5, 8, 5, 1, 3, 3, 5, 4, 5, 7, 6, 5, 10, 5, 5, 3, 9, 5, 1, 1, 3, 1, 6, 4, 7, 1, 7, 6, 5, 8, 7, 6, 1, 8, 1, 3, 4, 8, 7, 1, 8, 4, 2, 10, 0]","[0, 127, 80, 2, 157, 0, 53, 2, 22, 118, 238, 33, 48, 127, 110, 185, 168, 97, 196, 157, 103, 207, 89, 180, 134, 242, 126, 193, 123, 196, 96, 70, 31, 37, 138, 150, 11, 218, 59, 241, 22, 241, 124, 243, 159, 243, 192, 227, 212, 239, 168, 251]",600.2491760253906,0.0011069774627685547
ubo50,4,proactive,10,inf,199.0,100.0,600,,False,True,"[0, 10, 7, 2, 1, 1, 2, 7, 9, 2, 1, 2, 4, 6, 7, 5, 7, 4, 6, 10, 4, 3, 5, 8, 7, 1, 1, 3, 1, 9, 6, 11, 2, 9, 10, 6, 9, 8, 10, 1, 6, 1, 2, 2, 8, 5, 1, 7, 7, 2, 8, 0]","[0, 127, 80, 2, 157, 0, 53, 2, 22, 118, 238, 33, 48, 127, 110, 185, 168, 97, 196, 157, 103, 207, 89, 180, 134, 242, 126, 193, 123, 196, 96, 70, 31, 37, 138, 150, 11, 218, 59, 241, 22, 241, 124, 243, 159, 243, 192, 227, 212, 239, 168, 251]",600.2491760253906,0.0011980533599853516
ubo50,4,proactive,10,inf,184.0,100.0,600,,False,True,"[0, 6, 5, 5, 2, 2, 6, 7, 7, 5, 1, 1, 2, 6, 4, 4, 6, 4, 7, 8, 6, 3, 2, 7, 6, 1, 1, 2, 1, 6, 5, 10, 1, 10, 12, 5, 7, 6, 12, 1, 8, 1, 2, 3, 5, 7, 1, 8, 7, 1, 8, 0]","[0, 127, 80, 2, 157, 0, 53, 2, 22, 118, 238, 33, 48, 127, 110, 185, 168, 97, 196, 157, 103, 207, 89, 180, 134, 242, 126, 193, 123, 196, 96, 70, 31, 37, 138, 150, 11, 218, 59, 241, 22, 241, 124, 243, 159, 243, 192, 227, 212, 239, 168, 251]",600.2491760253906,0.0011026859283447266
ubo50,4,proactive,10,inf,185.0,100.0,600,,False,True,"[0, 8, 9, 2, 1, 2, 2, 7, 7, 2, 1, 2, 3, 4, 5, 5, 6, 5, 8, 8, 4, 2, 3, 8, 3, 1, 1, 2, 1, 11, 7, 10, 1, 9, 9, 6, 12, 5, 6, 1, 7, 1, 2, 3, 5, 8, 1, 8, 5, 1, 11, 0]","[0, 127, 80, 2, 157, 0, 53, 2, 22, 118, 238, 33, 48, 127, 110, 185, 168, 97, 196, 157, 103, 207, 89, 180, 134, 242, 126, 193, 123, 196, 96, 70, 31, 37, 138, 150, 11, 218, 59, 241, 22, 241, 124, 243, 159, 243, 192, 227, 212, 239, 168, 251]",600.2491760253906,0.0011341571807861328
ubo50,4,proactive,10,252.0,172.0,46.51162790697674,600,,True,True,"[0, 11, 6, 5, 1, 1, 2, 9, 6, 2, 1, 1, 4, 6, 4, 5, 6, 2, 8, 8, 5, 5, 4, 10, 3, 1, 1, 3, 1, 6, 5, 7, 1, 8, 7, 4, 8, 5, 9, 1, 9, 1, 2, 2, 6, 9, 1, 8, 4, 1, 6, 0]","[0, 127, 80, 2, 157, 0, 53, 2, 22, 118, 238, 33, 48, 127, 110, 185, 168, 97, 196, 157, 103, 207, 89, 180, 134, 242, 126, 193, 123, 196, 96, 70, 31, 37, 138, 150, 11, 218, 59, 241, 22, 241, 124, 243, 159, 243, 192, 227, 212, 239, 168, 251]",600.2491760253906,0.0010879039764404297
ubo50,4,proactive,10,inf,190.0,100.0,600,,False,True,"[0, 7, 5, 3, 1, 2, 5, 5, 7, 5, 1, 2, 2, 6, 6, 5, 6, 3, 6, 10, 5, 4, 2, 12, 7, 1, 1, 3, 1, 6, 6, 11, 1, 8, 6, 4, 6, 6, 12, 1, 5, 1, 2, 3, 8, 9, 1, 7, 7, 1, 12, 0]","[0, 127, 80, 2, 157, 0, 53, 2, 22, 118, 238, 33, 48, 127, 110, 185, 168, 97, 196, 157, 103, 207, 89, 180, 134, 242, 126, 193, 123, 196, 96, 70, 31, 37, 138, 150, 11, 218, 59, 241, 22, 241, 124, 243, 159, 243, 192, 227, 212, 239, 168, 251]",600.2491760253906,0.0011510848999023438
ubo50,5,proactive,10,inf,inf,0.0,600,60.0,False,False,"[0, 9, 3, 2, 9, 1, 11, 3, 3, 1, 8, 1, 3, 2, 4, 9, 6, 1, 9, 1, 3, 3, 8, 3, 4, 7, 3, 2, 6, 12, 2, 5, 1, 11, 2, 7, 7, 6, 2, 9, 6, 1, 1, 7, 1, 1, 5, 7, 2, 5, 6, 0]",,600.1476049423218,0.0
ubo50,5,proactive,10,inf,inf,0.0,600,60.0,False,False,"[0, 9, 3, 1, 9, 1, 11, 5, 7, 1, 9, 2, 4, 2, 3, 8, 4, 2, 9, 1, 3, 5, 8, 5, 3, 8, 3, 3, 3, 11, 1, 3, 1, 11, 2, 11, 9, 7, 1, 11, 5, 1, 1, 12, 1, 1, 7, 9, 4, 6, 4, 0]",,600.1476049423218,0.0
ubo50,5,proactive,10,inf,inf,0.0,600,60.0,False,False,"[0, 5, 3, 2, 6, 1, 6, 4, 5, 1, 6, 1, 3, 2, 5, 6, 4, 2, 10, 1, 4, 3, 5, 5, 2, 7, 3, 2, 2, 8, 2, 4, 1, 7, 3, 11, 6, 11, 2, 10, 4, 1, 1, 11, 1, 1, 4, 6, 3, 6, 4, 0]",,600.1476049423218,0.0
ubo50,5,proactive,10,inf,inf,0.0,600,60.0,False,False,"[0, 8, 6, 2, 9, 1, 8, 3, 3, 1, 10, 2, 2, 2, 7, 9, 5, 1, 9, 1, 4, 3, 9, 7, 2, 8, 2, 4, 6, 8, 3, 5, 1, 7, 3, 7, 5, 11, 2, 11, 4, 1, 1, 9, 1, 1, 5, 9, 6, 4, 3, 0]",,600.1476049423218,0.0
ubo50,5,proactive,10,inf,inf,0.0,600,60.0,False,False,"[0, 9, 5, 2, 9, 1, 11, 5, 6, 1, 10, 1, 4, 2, 3, 9, 3, 2, 9, 1, 2, 5, 5, 6, 2, 9, 4, 2, 6, 8, 1, 5, 1, 10, 2, 11, 5, 8, 1, 8, 4, 1, 1, 6, 1, 1, 5, 7, 3, 6, 5, 0]",,600.1476049423218,0.0
ubo50,5,proactive,10,inf,inf,0.0,600,60.0,False,False,"[0, 5, 7, 1, 8, 1, 6, 5, 5, 1, 7, 1, 6, 1, 3, 7, 5, 1, 9, 1, 3, 4, 5, 7, 4, 11, 5, 5, 5, 10, 3, 4, 1, 8, 5, 6, 6, 9, 1, 6, 3, 1, 1, 11, 1, 1, 7, 5, 4, 7, 3, 0]",,600.1476049423218,0.0
ubo50,5,proactive,10,inf,inf,0.0,600,60.0,False,False,"[0, 9, 7, 2, 6, 1, 11, 5, 5, 1, 11, 1, 6, 2, 6, 7, 7, 2, 7, 1, 5, 6, 7, 4, 2, 9, 3, 3, 4, 7, 2, 3, 1, 6, 5, 7, 9, 6, 2, 11, 3, 1, 1, 7, 1, 1, 4, 8, 5, 3, 5, 0]",,600.1476049423218,0.0
ubo50,5,proactive,10,inf,inf,0.0,600,60.0,False,False,"[0, 5, 6, 2, 9, 1, 11, 5, 4, 1, 10, 2, 3, 2, 5, 9, 4, 1, 9, 1, 5, 3, 6, 7, 5, 9, 5, 4, 5, 11, 2, 5, 1, 6, 3, 7, 7, 7, 1, 11, 3, 1, 1, 10, 1, 1, 6, 5, 4, 7, 2, 0]",,600.1476049423218,0.0
ubo50,5,proactive,10,inf,inf,0.0,600,60.0,False,False,"[0, 5, 6, 1, 7, 1, 10, 3, 6, 1, 8, 1, 2, 2, 7, 9, 7, 2, 7, 1, 3, 4, 7, 7, 5, 7, 3, 5, 4, 9, 2, 5, 1, 6, 5, 7, 8, 11, 2, 8, 6, 1, 1, 12, 1, 1, 4, 7, 4, 5, 6, 0]",,600.1476049423218,0.0
ubo50,5,proactive,10,inf,inf,0.0,600,60.0,False,False,"[0, 8, 6, 3, 8, 1, 12, 4, 6, 1, 7, 2, 5, 1, 6, 5, 4, 1, 8, 1, 5, 3, 9, 6, 4, 8, 5, 4, 5, 8, 2, 5, 1, 7, 2, 11, 8, 9, 2, 10, 3, 1, 1, 7, 1, 1, 4, 7, 2, 6, 6, 0]",,600.1476049423218,0.0
ubo50,6,proactive,10,240.0,197.0,21.82741116751269,600,,True,True,"[0, 2, 8, 7, 9, 1, 5, 6, 2, 6, 9, 7, 2, 3, 7, 8, 5, 3, 6, 2, 1, 4, 3, 1, 8, 1, 6, 8, 1, 1, 10, 6, 1, 2, 10, 7, 4, 9, 8, 7, 7, 5, 1, 7, 1, 2, 11, 7, 4, 3, 1, 0]","[0, 0, 113, 50, 7, 81, 82, 24, 140, 198, 89, 155, 124, 35, 5, 130, 98, 144, 111, 164, 111, 42, 149, 59, 103, 209, 64, 62, 143, 224, 198, 226, 139, 210, 100, 69, 180, 169, 16, 187, 128, 147, 122, 215, 233, 147, 152, 233, 73, 235, 224, 240]",139.71631693840027,0.0011990070343017578
ubo50,6,proactive,10,inf,206.0,100.0,600,,False,True,"[0, 5, 5, 6, 5, 1, 4, 7, 2, 6, 6, 5, 1, 6, 10, 7, 3, 3, 12, 4, 1, 6, 5, 2, 7, 1, 9, 10, 1, 2, 10, 6, 1, 6, 8, 7, 3, 8, 8, 9, 11, 4, 2, 9, 2, 2, 9, 6, 8, 3, 2, 0]","[0, 0, 113, 50, 7, 81, 82, 24, 140, 198, 89, 155, 124, 35, 5, 130, 98, 144, 111, 164, 111, 42, 149, 59, 103, 209, 64, 62, 143, 224, 198, 226, 139, 210, 100, 69, 180, 169, 16, 187, 128, 147, 122, 215, 233, 147, 152, 233, 73, 235, 224, 240]",139.71631693840027,0.0011680126190185547
ubo50,6,proactive,10,240.0,187.0,28.342245989304814,600,,True,True,"[0, 4, 6, 5, 7, 1, 7, 9, 1, 10, 8, 5, 1, 5, 7, 8, 3, 2, 8, 5, 2, 4, 4, 2, 5, 1, 7, 6, 1, 2, 10, 4, 1, 2, 8, 4, 7, 6, 7, 11, 7, 4, 1, 7, 2, 1, 6, 6, 8, 1, 2, 0]","[0, 0, 113, 50, 7, 81, 82, 24, 140, 198, 89, 155, 124, 35, 5, 130, 98, 144, 111, 164, 111, 42, 149, 59, 103, 209, 64, 62, 143, 224, 198, 226, 139, 210, 100, 69, 180, 169, 16, 187, 128, 147, 122, 215, 233, 147, 152, 233, 73, 235, 224, 240]",139.71631693840027,0.0011172294616699219
ubo50,6,proactive,10,inf,188.0,100.0,600,,False,True,"[0, 4, 6, 6, 8, 1, 4, 10, 2, 11, 7, 7, 2, 3, 6, 7, 4, 2, 11, 4, 2, 4, 3, 2, 5, 1, 7, 10, 1, 1, 7, 4, 1, 6, 9, 5, 6, 7, 6, 6, 9, 4, 1, 6, 2, 1, 7, 4, 6, 2, 2, 0]","[0, 0, 113, 50, 7, 81, 82, 24, 140, 198, 89, 155, 124, 35, 5, 130, 98, 144, 111, 164, 111, 42, 149, 59, 103, 209, 64, 62, 143, 224, 198, 226, 139, 210, 100, 69, 180, 169, 16, 187, 128, 147, 122, 215, 233, 147, 152, 233, 73, 235, 224, 240]",139.71631693840027,0.001146078109741211
ubo50,6,proactive,10,240.0,193.0,24.352331606217618,600,,True,True,"[0, 5, 7, 5, 9, 1, 7, 8, 1, 11, 5, 6, 3, 3, 10, 6, 3, 1, 11, 4, 2, 4, 6, 2, 5, 1, 9, 10, 1, 2, 8, 7, 1, 5, 6, 7, 4, 7, 5, 8, 8, 3, 1, 9, 1, 2, 10, 7, 6, 1, 2, 0]","[0, 0, 113, 50, 7, 81, 82, 24, 140, 198, 89, 155, 124, 35, 5, 130, 98, 144, 111, 164, 111, 42, 149, 59, 103, 209, 64, 62, 143, 224, 198, 226, 139, 210, 100, 69, 180, 169, 16, 187, 128, 147, 122, 215, 233, 147, 152, 233, 73, 235, 224, 240]",139.71631693840027,0.0011661052703857422
ubo50,6,proactive,10,241.0,204.0,18.137254901960784,600,,True,True,"[0, 3, 9, 6, 5, 1, 5, 6, 1, 8, 9, 5, 3, 7, 7, 6, 4, 1, 9, 5, 1, 6, 6, 3, 7, 1, 9, 10, 1, 1, 10, 5, 1, 5, 6, 8, 5, 7, 7, 9, 6, 5, 2, 9, 1, 1, 6, 8, 5, 3, 1, 0]","[0, 0, 113, 50, 7, 81, 82, 24, 140, 198, 89, 155, 124, 35, 5, 130, 98, 144, 111, 164, 111, 42, 149, 59, 103, 209, 64, 62, 143, 224, 198, 226, 139, 210, 100, 69, 180, 169, 16, 187, 128, 147, 122, 215, 233, 147, 152, 233, 73, 235, 224, 240]",139.71631693840027,0.0011758804321289062
ubo50,6,proactive,10,240.0,209.0,14.832535885167465,600,,True,True,"[0, 2, 6, 6, 5, 1, 3, 6, 2, 11, 7, 8, 3, 4, 8, 9, 4, 1, 11, 3, 1, 6, 4, 2, 4, 1, 9, 10, 1, 2, 7, 6, 1, 5, 9, 6, 4, 8, 7, 7, 11, 5, 2, 9, 1, 1, 8, 6, 8, 1, 2, 0]","[0, 0, 113, 50, 7, 81, 82, 24, 140, 198, 89, 155, 124, 35, 5, 130, 98, 144, 111, 164, 111, 42, 149, 59, 103, 209, 64, 62, 143, 224, 198, 226, 139, 210, 100, 69, 180, 169, 16, 187, 128, 147, 122, 215, 233, 147, 152, 233, 73, 235, 224, 240]",139.71631693840027,0.0011141300201416016
ubo50,6,proactive,10,240.0,196.0,22.448979591836736,600,,True,True,"[0, 4, 8, 5, 6, 1, 7, 11, 3, 11, 6, 6, 2, 5, 11, 9, 2, 3, 11, 5, 1, 5, 4, 3, 8, 1, 9, 10, 1, 1, 9, 5, 1, 4, 6, 7, 7, 6, 4, 9, 9, 3, 1, 5, 1, 1, 6, 7, 5, 1, 1, 0]","[0, 0, 113, 50, 7, 81, 82, 24, 140, 198, 89, 155, 124, 35, 5, 130, 98, 144, 111, 164, 111, 42, 149, 59, 103, 209, 64, 62, 143, 224, 198, 226, 139, 210, 100, 69, 180, 169, 16, 187, 128, 147, 122, 215, 233, 147, 152, 233, 73, 235, 224, 240]",139.71631693840027,0.001168966293334961
ubo50,6,proactive,10,240.0,188.0,27.659574468085108,600,,True,True,"[0, 3, 6, 8, 7, 1, 6, 8, 3, 8, 8, 5, 3, 7, 6, 5, 4, 1, 6, 3, 2, 6, 3, 3, 5, 1, 7, 6, 1, 1, 8, 3, 1, 2, 8, 4, 3, 7, 8, 6, 10, 3, 2, 7, 1, 1, 6, 6, 6, 2, 1, 0]","[0, 0, 113, 50, 7, 81, 82, 24, 140, 198, 89, 155, 124, 35, 5, 130, 98, 144, 111, 164, 111, 42, 149, 59, 103, 209, 64, 62, 143, 224, 198, 226, 139, 210, 100, 69, 180, 169, 16, 187, 128, 147, 122, 215, 233, 147, 152, 233, 73, 235, 224, 240]",139.71631693840027,0.0010852813720703125
ubo50,6,proactive,10,inf,190.0,100.0,600,,False,True,"[0, 4, 5, 9, 5, 1, 6, 9, 3, 7, 8, 6, 3, 3, 7, 5, 3, 2, 9, 3, 1, 4, 4, 1, 7, 1, 9, 8, 1, 1, 9, 7, 1, 6, 7, 4, 5, 6, 7, 9, 9, 4, 2, 8, 1, 1, 10, 7, 4, 2, 1, 0]","[0, 0, 113, 50, 7, 81, 82, 24, 140, 198, 89, 155, 124, 35, 5, 130, 98, 144, 111, 164, 111, 42, 149, 59, 103, 209, 64, 62, 143, 224, 198, 226, 139, 210, 100, 69, 180, 169, 16, 187, 128, 147, 122, 215, 233, 147, 152, 233, 73, 235, 224, 240]",139.71631693840027,0.0011181831359863281
ubo50,7,proactive,10,inf,inf,0.0,600,60.0,False,False,"[0, 5, 7, 2, 1, 7, 2, 4, 1, 5, 9, 11, 9, 9, 6, 6, 5, 5, 6, 5, 9, 8, 5, 4, 7, 1, 6, 5, 1, 4, 7, 3, 1, 9, 1, 3, 1, 6, 8, 6, 1, 5, 1, 4, 1, 11, 2, 2, 2, 5, 5, 0]",,0.15708303451538086,0.0
ubo50,7,proactive,10,inf,inf,0.0,600,60.0,False,False,"[0, 4, 11, 1, 2, 8, 1, 4, 1, 5, 11, 8, 6, 9, 5, 7, 3, 4, 6, 7, 5, 9, 5, 2, 8, 1, 4, 8, 1, 2, 7, 2, 1, 9, 1, 3, 1, 6, 6, 12, 1, 7, 2, 6, 1, 11, 2, 1, 3, 6, 7, 0]",,0.15708303451538086,0.0
ubo50,7,proactive,10,inf,inf,0.0,600,60.0,False,False,"[0, 3, 9, 2, 1, 7, 1, 3, 1, 4, 10, 10, 6, 9, 6, 7, 6, 4, 4, 8, 6, 8, 9, 6, 7, 1, 3, 7, 1, 5, 8, 2, 1, 11, 1, 3, 3, 12, 11, 8, 1, 3, 2, 6, 1, 7, 2, 2, 3, 5, 8, 0]",,0.15708303451538086,0.0
ubo50,7,proactive,10,inf,inf,0.0,600,60.0,False,False,"[0, 6, 6, 1, 1, 7, 1, 6, 2, 2, 7, 10, 10, 6, 6, 10, 3, 4, 2, 9, 8, 5, 7, 4, 7, 1, 4, 6, 1, 5, 8, 3, 1, 9, 1, 2, 3, 10, 9, 12, 1, 7, 1, 4, 1, 9, 2, 3, 2, 9, 9, 0]",,0.15708303451538086,0.0
ubo50,7,proactive,10,inf,inf,0.0,600,60.0,False,False,"[0, 3, 10, 1, 2, 9, 2, 4, 2, 4, 8, 8, 8, 8, 9, 10, 5, 3, 2, 6, 9, 8, 7, 3, 8, 1, 3, 9, 1, 4, 5, 1, 1, 9, 1, 5, 2, 12, 9, 7, 3, 3, 2, 3, 1, 9, 1, 2, 2, 5, 8, 0]",,0.15708303451538086,0.0
ubo50,7,proactive,10,inf,inf,0.0,600,60.0,False,False,"[0, 5, 8, 2, 1, 6, 2, 3, 1, 3, 8, 10, 8, 5, 5, 11, 7, 2, 6, 9, 9, 8, 9, 6, 8, 1, 6, 8, 1, 2, 7, 3, 1, 11, 1, 3, 3, 10, 10, 11, 3, 3, 1, 7, 1, 9, 3, 1, 1, 7, 5, 0]",,0.15708303451538086,0.0
ubo50,7,proactive,10,inf,inf,0.0,600,60.0,False,False,"[0, 4, 9, 1, 1, 6, 2, 4, 2, 4, 11, 7, 10, 5, 9, 11, 7, 3, 3, 8, 6, 8, 7, 4, 10, 1, 6, 6, 1, 4, 5, 2, 1, 10, 1, 2, 2, 11, 11, 11, 1, 5, 2, 4, 1, 10, 2, 1, 3, 6, 7, 0]",,0.15708303451538086,0.0
ubo50,7,proactive,10,inf,159.0,100.0,600,60.0,False,True,"[0, 5, 11, 2, 2, 6, 1, 3, 2, 4, 8, 9, 8, 6, 8, 9, 5, 3, 5, 5, 8, 7, 8, 4, 8, 1, 5, 7, 1, 5, 5, 2, 1, 8, 1, 2, 2, 11, 6, 11, 2, 6, 2, 4, 1, 6, 1, 3, 2, 8, 7, 0]",,0.15708303451538086,0.0
ubo50,7,proactive,10,inf,153.0,100.0,600,60.0,False,True,"[0, 6, 11, 2, 2, 9, 1, 2, 2, 2, 9, 9, 8, 9, 6, 10, 5, 4, 2, 7, 7, 5, 5, 6, 9, 1, 5, 9, 1, 3, 6, 1, 1, 8, 1, 3, 2, 10, 9, 9, 3, 6, 2, 5, 1, 11, 3, 1, 3, 5, 5, 0]",,0.15708303451538086,0.0
ubo50,7,proactive,10,inf,inf,0.0,600,60.0,False,False,"[0, 5, 10, 2, 1, 9, 1, 2, 1, 5, 8, 8, 11, 6, 7, 8, 5, 4, 6, 9, 6, 7, 8, 5, 10, 1, 4, 5, 1, 3, 9, 3, 1, 10, 1, 3, 3, 11, 6, 9, 1, 7, 2, 7, 1, 10, 2, 1, 1, 5, 5, 0]",,0.15708303451538086,0.0
ubo50,8,proactive,10,inf,inf,0.0,600,60.0,False,False,"[0, 1, 4, 4, 5, 9, 4, 2, 6, 2, 8, 1, 7, 1, 1, 5, 3, 10, 4, 1, 9, 1, 5, 1, 6, 7, 1, 6, 12, 1, 8, 1, 1, 9, 5, 6, 1, 1, 2, 5, 2, 6, 3, 5, 4, 5, 1, 2, 3, 10, 5, 0]",,600.4590981006622,0.0
ubo50,8,proactive,10,inf,169.0,100.0,600,60.0,False,True,"[0, 1, 6, 6, 8, 8, 4, 5, 8, 4, 9, 3, 8, 3, 1, 5, 2, 11, 6, 2, 9, 2, 2, 2, 5, 6, 1, 4, 7, 1, 6, 1, 2, 9, 2, 7, 1, 1, 1, 3, 2, 7, 3, 7, 8, 7, 1, 2, 2, 10, 5, 0]",,600.4590981006622,0.0
ubo50,8,proactive,10,inf,inf,0.0,600,60.0,False,False,"[0, 1, 3, 4, 8, 8, 5, 5, 9, 6, 10, 1, 7, 3, 1, 2, 3, 11, 6, 1, 7, 1, 6, 2, 3, 4, 1, 8, 9, 1, 5, 1, 2, 6, 3, 10, 1, 2, 3, 5, 1, 6, 1, 8, 5, 7, 1, 3, 3, 11, 4, 0]",,600.4590981006622,0.0
ubo50,8,proactive,10,inf,inf,0.0,600,60.0,False,False,"[0, 1, 4, 5, 6, 6, 4, 2, 6, 4, 10, 1, 7, 2, 1, 5, 2, 6, 3, 2, 7, 2, 3, 2, 5, 7, 1, 5, 6, 1, 8, 1, 2, 10, 5, 10, 1, 3, 3, 4, 1, 11, 3, 5, 7, 4, 1, 3, 5, 9, 5, 0]",,600.4590981006622,0.0
ubo50,8,proactive,10,inf,inf,0.0,600,60.0,False,False,"[0, 1, 6, 4, 6, 6, 2, 6, 6, 5, 9, 3, 6, 3, 1, 3, 2, 7, 4, 2, 7, 2, 6, 2, 7, 7, 1, 5, 12, 1, 7, 1, 2, 10, 5, 11, 1, 2, 2, 3, 2, 8, 2, 8, 4, 7, 1, 3, 2, 8, 6, 0]",,600.4590981006622,0.0
ubo50,8,proactive,10,inf,160.0,100.0,600,60.0,False,True,"[0, 1, 4, 2, 4, 6, 3, 2, 6, 4, 11, 1, 9, 2, 1, 3, 1, 12, 3, 2, 6, 1, 3, 2, 4, 7, 1, 5, 12, 1, 8, 1, 2, 6, 4, 9, 1, 1, 3, 5, 2, 8, 1, 7, 4, 3, 1, 2, 5, 6, 3, 0]",,600.4590981006622,0.0
ubo50,8,proactive,10,inf,153.0,100.0,600,60.0,False,True,"[0, 1, 6, 6, 4, 8, 4, 5, 7, 2, 8, 3, 8, 3, 1, 3, 2, 6, 3, 1, 6, 2, 5, 2, 3, 6, 1, 5, 7, 1, 7, 1, 2, 9, 3, 9, 1, 3, 3, 4, 1, 9, 3, 5, 6, 6, 1, 2, 4, 10, 4, 0]",,600.4590981006622,0.0
ubo50,8,proactive,10,inf,inf,0.0,600,60.0,False,False,"[0, 1, 5, 4, 4, 6, 5, 6, 7, 4, 6, 2, 8, 3, 1, 4, 1, 10, 3, 2, 6, 2, 6, 2, 3, 4, 1, 5, 7, 1, 5, 1, 1, 10, 4, 7, 1, 2, 1, 3, 1, 10, 2, 8, 8, 5, 1, 1, 4, 7, 2, 0]",,600.4590981006622,0.0
ubo50,8,proactive,10,inf,inf,0.0,600,60.0,False,False,"[0, 1, 3, 2, 8, 5, 2, 6, 7, 4, 6, 3, 8, 2, 1, 4, 3, 8, 6, 2, 9, 2, 5, 1, 5, 3, 1, 4, 12, 1, 5, 1, 1, 7, 2, 10, 1, 2, 3, 5, 2, 8, 1, 8, 8, 5, 1, 3, 5, 9, 3, 0]",,600.4590981006622,0.0
ubo50,8,proactive,10,inf,inf,0.0,600,60.0,False,False,"[0, 1, 7, 6, 6, 8, 4, 3, 8, 5, 7, 3, 9, 1, 1, 4, 1, 8, 3, 2, 8, 1, 6, 1, 7, 3, 1, 8, 6, 1, 6, 1, 1, 8, 2, 10, 1, 3, 2, 6, 1, 6, 2, 5, 7, 4, 1, 3, 3, 6, 3, 0]",,600.4590981006622,0.0
ubo50,9,proactive,10,inf,182.0,100.0,600,,False,True,"[0, 9, 4, 5, 2, 3, 6, 4, 9, 1, 2, 2, 1, 6, 8, 2, 6, 4, 6, 6, 1, 2, 2, 1, 1, 6, 6, 9, 3, 1, 6, 3, 3, 7, 6, 11, 8, 1, 6, 1, 4, 1, 9, 1, 3, 11, 9, 11, 10, 2, 7, 0]","[0, 50, 0, 12, 131, 0, 51, 57, 41, 77, 171, 120, 41, 111, 17, 37, 104, 5, 195, 174, 25, 35, 182, 202, 75, 62, 122, 140, 135, 33, 152, 78, 26, 84, 104, 26, 164, 154, 156, 180, 69, 133, 42, 195, 38, 204, 93, 204, 141, 179, 184, 213]",600.2148008346558,0.0011148452758789062
ubo50,9,proactive,10,213.0,177.0,20.338983050847457,600,,True,True,"[0, 12, 5, 4, 2, 4, 6, 3, 5, 1, 3, 2, 1, 9, 6, 2, 5, 6, 9, 4, 1, 3, 2, 1, 1, 7, 5, 8, 3, 1, 12, 4, 5, 5, 5, 7, 6, 2, 4, 1, 2, 2, 9, 2, 2, 8, 7, 8, 7, 3, 11, 0]","[0, 50, 0, 12, 131, 0, 51, 57, 41, 77, 171, 120, 41, 111, 17, 37, 104, 5, 195, 174, 25, 35, 182, 202, 75, 62, 122, 140, 135, 33, 152, 78, 26, 84, 104, 26, 164, 154, 156, 180, 69, 133, 42, 195, 38, 204, 93, 204, 141, 179, 184, 213]",600.2148008346558,0.0009958744049072266
ubo50,9,proactive,10,213.0,176.0,21.022727272727273,600,,True,True,"[0, 11, 3, 3, 2, 6, 4, 5, 8, 1, 1, 1, 1, 7, 6, 2, 5, 4, 8, 2, 1, 3, 2, 1, 2, 4, 9, 11, 5, 2, 6, 5, 6, 6, 4, 11, 6, 2, 6, 2, 3, 2, 9, 2, 1, 6, 7, 8, 11, 4, 11, 0]","[0, 50, 0, 12, 131, 0, 51, 57, 41, 77, 171, 120, 41, 111, 17, 37, 104, 5, 195, 174, 25, 35, 182, 202, 75, 62, 122, 140, 135, 33, 152, 78, 26, 84, 104, 26, 164, 154, 156, 180, 69, 133, 42, 195, 38, 204, 93, 204, 141, 179, 184, 213]",600.2148008346558,0.0009779930114746094
ubo50,9,proactive,10,inf,170.0,100.0,600,,False,True,"[0, 9, 2, 5, 2, 5, 5, 5, 7, 1, 3, 2, 1, 6, 6, 2, 3, 4, 6, 6, 1, 2, 2, 1, 1, 6, 9, 6, 3, 2, 11, 3, 5, 8, 3, 9, 8, 2, 3, 1, 3, 1, 7, 2, 3, 9, 6, 11, 7, 5, 6, 0]","[0, 50, 0, 12, 131, 0, 51, 57, 41, 77, 171, 120, 41, 111, 17, 37, 104, 5, 195, 174, 25, 35, 182, 202, 75, 62, 122, 140, 135, 33, 152, 78, 26, 84, 104, 26, 164, 154, 156, 180, 69, 133, 42, 195, 38, 204, 93, 204, 141, 179, 184, 213]",600.2148008346558,0.0009930133819580078
ubo50,9,proactive,10,inf,170.0,100.0,600,,False,True,"[0, 10, 2, 5, 2, 5, 3, 3, 6, 1, 3, 2, 1, 8, 9, 1, 5, 6, 5, 2, 1, 3, 2, 1, 1, 7, 5, 9, 2, 2, 8, 5, 4, 6, 3, 12, 4, 1, 3, 1, 2, 1, 9, 2, 2, 6, 6, 8, 8, 5, 12, 0]","[0, 50, 0, 12, 131, 0, 51, 57, 41, 77, 171, 120, 41, 111, 17, 37, 104, 5, 195, 174, 25, 35, 182, 202, 75, 62, 122, 140, 135, 33, 152, 78, 26, 84, 104, 26, 164, 154, 156, 180, 69, 133, 42, 195, 38, 204, 93, 204, 141, 179, 184, 213]",600.2148008346558,0.0010061264038085938
ubo50,9,proactive,10,214.0,171.0,25.146198830409357,600,,True,True,"[0, 9, 2, 2, 2, 6, 6, 4, 6, 1, 2, 2, 1, 5, 6, 1, 3, 5, 9, 5, 1, 3, 1, 1, 1, 4, 8, 11, 3, 2, 12, 2, 3, 5, 2, 9, 4, 1, 2, 1, 5, 2, 6, 2, 1, 10, 10, 10, 8, 5, 11, 0]","[0, 50, 0, 12, 131, 0, 51, 57, 41, 77, 171, 120, 41, 111, 17, 37, 104, 5, 195, 174, 25, 35, 182, 202, 75, 62, 122, 140, 135, 33, 152, 78, 26, 84, 104, 26, 164, 154, 156, 180, 69, 133, 42, 195, 38, 204, 93, 204, 141, 179, 184, 213]",600.2148008346558,0.0009739398956298828
ubo50,9,proactive,10,inf,177.0,100.0,600,,False,True,"[0, 8, 2, 4, 2, 7, 7, 4, 6, 1, 1, 2, 1, 6, 9, 2, 4, 5, 9, 4, 1, 2, 2, 1, 2, 5, 7, 7, 5, 1, 12, 6, 5, 5, 2, 12, 5, 2, 3, 2, 2, 1, 5, 1, 1, 9, 8, 11, 6, 5, 9, 0]","[0, 50, 0, 12, 131, 0, 51, 57, 41, 77, 171, 120, 41, 111, 17, 37, 104, 5, 195, 174, 25, 35, 182, 202, 75, 62, 122, 140, 135, 33, 152, 78, 26, 84, 104, 26, 164, 154, 156, 180, 69, 133, 42, 195, 38, 204, 93, 204, 141, 179, 184, 213]",600.2148008346558,0.0010020732879638672
ubo50,9,proactive,10,inf,175.0,100.0,600,,False,True,"[0, 10, 3, 4, 2, 6, 4, 5, 7, 1, 2, 2, 1, 8, 6, 1, 7, 4, 5, 5, 1, 3, 1, 1, 2, 7, 8, 7, 3, 2, 6, 2, 6, 9, 3, 6, 8, 1, 3, 1, 3, 1, 7, 2, 1, 9, 6, 10, 6, 5, 12, 0]","[0, 50, 0, 12, 131, 0, 51, 57, 41, 77, 171, 120, 41, 111, 17, 37, 104, 5, 195, 174, 25, 35, 182, 202, 75, 62, 122, 140, 135, 33, 152, 78, 26, 84, 104, 26, 164, 154, 156, 180, 69, 133, 42, 195, 38, 204, 93, 204, 141, 179, 184, 213]",600.2148008346558,0.0010056495666503906
ubo50,9,proactive,10,inf,172.0,100.0,600,,False,True,"[0, 7, 2, 2, 2, 6, 5, 2, 7, 1, 3, 1, 1, 5, 6, 2, 7, 8, 9, 2, 1, 2, 1, 1, 2, 4, 8, 9, 3, 2, 12, 3, 7, 6, 3, 8, 5, 1, 6, 1, 5, 1, 6, 1, 1, 8, 8, 10, 7, 5, 10, 0]","[0, 50, 0, 12, 131, 0, 51, 57, 41, 77, 171, 120, 41, 111, 17, 37, 104, 5, 195, 174, 25, 35, 182, 202, 75, 62, 122, 140, 135, 33, 152, 78, 26, 84, 104, 26, 164, 154, 156, 180, 69, 133, 42, 195, 38, 204, 93, 204, 141, 179, 184, 213]",600.2148008346558,0.0009772777557373047
ubo50,9,proactive,10,215.0,179.0,20.11173184357542,600,,True,True,"[0, 12, 5, 3, 2, 4, 5, 5, 9, 1, 2, 1, 1, 9, 6, 2, 5, 5, 6, 4, 1, 2, 1, 1, 1, 6, 8, 11, 4, 2, 7, 4, 5, 7, 2, 10, 7, 1, 6, 1, 5, 2, 6, 2, 2, 9, 7, 11, 9, 3, 6, 0]","[0, 50, 0, 12, 131, 0, 51, 57, 41, 77, 171, 120, 41, 111, 17, 37, 104, 5, 195, 174, 25, 35, 182, 202, 75, 62, 122, 140, 135, 33, 152, 78, 26, 84, 104, 26, 164, 154, 156, 180, 69, 133, 42, 195, 38, 204, 93, 204, 141, 179, 184, 213]",600.2148008346558,0.001020193099975586
ubo50,10,proactive,10,inf,159.0,100.0,600,,False,True,"[0, 2, 11, 2, 1, 5, 7, 2, 6, 10, 8, 6, 6, 8, 1, 2, 10, 11, 1, 1, 3, 1, 1, 1, 10, 3, 1, 4, 2, 4, 6, 2, 1, 2, 1, 2, 7, 6, 4, 2, 3, 3, 6, 3, 11, 3, 4, 6, 6, 1, 6, 0]","[0, 32, 9, 0, 173, 34, 137, 0, 49, 163, 49, 107, 21, 156, 203, 70, 94, 125, 58, 115, 72, 198, 77, 190, 59, 2, 33, 41, 197, 77, 82, 177, 177, 117, 196, 151, 106, 119, 204, 175, 191, 148, 21, 185, 213, 220, 180, 203, 125, 211, 213, 224]",600.2419099807739,0.0011529922485351562
ubo50,10,proactive,10,224.0,156.0,43.58974358974359,600,,True,True,"[0, 2, 9, 2, 2, 3, 7, 1, 5, 12, 8, 8, 6, 7, 3, 2, 7, 7, 1, 2, 4, 1, 2, 1, 7, 5, 1, 5, 3, 5, 9, 2, 1, 2, 1, 2, 6, 3, 4, 1, 5, 1, 11, 2, 9, 4, 5, 6, 6, 2, 5, 0]","[0, 32, 9, 0, 173, 34, 137, 0, 49, 163, 49, 107, 21, 156, 203, 70, 94, 125, 58, 115, 72, 198, 77, 190, 59, 2, 33, 41, 197, 77, 82, 177, 177, 117, 196, 151, 106, 119, 204, 175, 191, 148, 21, 185, 213, 220, 180, 203, 125, 211, 213, 224]",600.2419099807739,0.0010960102081298828
ubo50,10,proactive,10,inf,168.0,100.0,600,,False,True,"[0, 2, 12, 2, 1, 5, 9, 2, 8, 11, 8, 4, 10, 9, 2, 1, 8, 6, 1, 1, 3, 1, 1, 1, 11, 4, 1, 4, 3, 5, 7, 1, 1, 1, 1, 2, 9, 4, 6, 2, 3, 2, 12, 2, 9, 5, 4, 7, 10, 2, 6, 0]","[0, 32, 9, 0, 173, 34, 137, 0, 49, 163, 49, 107, 21, 156, 203, 70, 94, 125, 58, 115, 72, 198, 77, 190, 59, 2, 33, 41, 197, 77, 82, 177, 177, 117, 196, 151, 106, 119, 204, 175, 191, 148, 21, 185, 213, 220, 180, 203, 125, 211, 213, 224]",600.2419099807739,0.0011320114135742188
ubo50,10,proactive,10,224.0,154.0,45.45454545454545,600,,True,True,"[0, 1, 10, 1, 1, 3, 6, 1, 8, 12, 6, 6, 11, 7, 1, 1, 10, 9, 1, 2, 5, 2, 1, 1, 6, 5, 1, 5, 4, 2, 6, 2, 1, 1, 1, 2, 8, 4, 4, 2, 5, 1, 10, 3, 6, 4, 5, 5, 7, 2, 4, 0]","[0, 32, 9, 0, 173, 34, 137, 0, 49, 163, 49, 107, 21, 156, 203, 70, 94, 125, 58, 115, 72, 198, 77, 190, 59, 2, 33, 41, 197, 77, 82, 177, 177, 117, 196, 151, 106, 119, 204, 175, 191, 148, 21, 185, 213, 220, 180, 203, 125, 211, 213, 224]",600.2419099807739,0.0010881423950195312
ubo50,10,proactive,10,224.0,156.0,43.58974358974359,600,,True,True,"[0, 2, 11, 2, 1, 4, 10, 2, 6, 11, 9, 7, 6, 5, 2, 1, 8, 10, 1, 2, 3, 1, 2, 1, 7, 3, 1, 5, 5, 3, 6, 2, 1, 1, 1, 5, 6, 2, 4, 1, 5, 2, 6, 5, 6, 2, 3, 6, 7, 1, 5, 0]","[0, 32, 9, 0, 173, 34, 137, 0, 49, 163, 49, 107, 21, 156, 203, 70, 94, 125, 58, 115, 72, 198, 77, 190, 59, 2, 33, 41, 197, 77, 82, 177, 177, 117, 196, 151, 106, 119, 204, 175, 191, 148, 21, 185, 213, 220, 180, 203, 125, 211, 213, 224]",600.2419099807739,0.001093149185180664
ubo50,10,proactive,10,inf,173.0,100.0,600,,False,True,"[0, 1, 6, 2, 1, 7, 8, 1, 7, 7, 7, 8, 6, 8, 3, 2, 10, 10, 1, 2, 5, 2, 2, 1, 11, 7, 1, 8, 3, 3, 9, 2, 1, 1, 1, 2, 6, 3, 5, 2, 5, 3, 7, 2, 12, 3, 3, 6, 11, 1, 6, 0]","[0, 32, 9, 0, 173, 34, 137, 0, 49, 163, 49, 107, 21, 156, 203, 70, 94, 125, 58, 115, 72, 198, 77, 190, 59, 2, 33, 41, 197, 77, 82, 177, 177, 117, 196, 151, 106, 119, 204, 175, 191, 148, 21, 185, 213, 220, 180, 203, 125, 211, 213, 224]",600.2419099807739,0.0011420249938964844
ubo50,10,proactive,10,224.0,163.0,37.423312883435585,600,,True,True,"[0, 2, 11, 1, 2, 5, 9, 1, 7, 10, 5, 6, 6, 7, 3, 1, 10, 6, 1, 2, 4, 1, 1, 1, 8, 3, 1, 5, 2, 2, 7, 1, 1, 2, 1, 2, 9, 6, 6, 2, 5, 2, 9, 2, 6, 3, 5, 6, 11, 1, 5, 0]","[0, 32, 9, 0, 173, 34, 137, 0, 49, 163, 49, 107, 21, 156, 203, 70, 94, 125, 58, 115, 72, 198, 77, 190, 59, 2, 33, 41, 197, 77, 82, 177, 177, 117, 196, 151, 106, 119, 204, 175, 191, 148, 21, 185, 213, 220, 180, 203, 125, 211, 213, 224]",600.2419099807739,0.0010991096496582031
ubo50,10,proactive,10,224.0,162.0,38.27160493827161,600,,True,True,"[0, 2, 6, 2, 2, 6, 10, 1, 8, 8, 5, 6, 6, 6, 3, 2, 12, 6, 1, 2, 3, 2, 2, 1, 11, 4, 1, 4, 5, 4, 7, 1, 1, 1, 1, 3, 6, 3, 3, 1, 5, 3, 12, 3, 6, 3, 4, 7, 8, 2, 6, 0]","[0, 32, 9, 0, 173, 34, 137, 0, 49, 163, 49, 107, 21, 156, 203, 70, 94, 125, 58, 115, 72, 198, 77, 190, 59, 2, 33, 41, 197, 77, 82, 177, 177, 117, 196, 151, 106, 119, 204, 175, 191, 148, 21, 185, 213, 220, 180, 203, 125, 211, 213, 224]",600.2419099807739,0.0010900497436523438
ubo50,10,proactive,10,inf,162.0,100.0,600,,False,True,"[0, 2, 12, 1, 1, 4, 9, 1, 7, 6, 8, 4, 9, 8, 3, 2, 8, 10, 1, 1, 2, 2, 1, 1, 8, 6, 1, 6, 2, 4, 9, 3, 1, 2, 1, 5, 9, 2, 2, 1, 3, 2, 8, 4, 6, 3, 5, 5, 9, 2, 5, 0]","[0, 32, 9, 0, 173, 34, 137, 0, 49, 163, 49, 107, 21, 156, 203, 70, 94, 125, 58, 115, 72, 198, 77, 190, 59, 2, 33, 41, 197, 77, 82, 177, 177, 117, 196, 151, 106, 119, 204, 175, 191, 148, 21, 185, 213, 220, 180, 203, 125, 211, 213, 224]",600.2419099807739,0.0011467933654785156
ubo50,10,proactive,10,inf,162.0,100.0,600,,False,True,"[0, 1, 6, 1, 2, 4, 6, 1, 5, 9, 5, 6, 9, 9, 2, 2, 6, 8, 1, 2, 3, 2, 1, 1, 8, 7, 1, 7, 3, 3, 10, 1, 1, 2, 1, 5, 7, 2, 3, 1, 5, 3, 7, 4, 10, 2, 4, 5, 9, 2, 6, 0]","[0, 32, 9, 0, 173, 34, 137, 0, 49, 163, 49, 107, 21, 156, 203, 70, 94, 125, 58, 115, 72, 198, 77, 190, 59, 2, 33, 41, 197, 77, 82, 177, 177, 117, 196, 151, 106, 119, 204, 175, 191, 148, 21, 185, 213, 220, 180, 203, 125, 211, 213, 224]",600.2419099807739,0.0011110305786132812
