instance_folder,instance_id,method,time_limit_cp_stnu,can_build_stnu,dc,obj,feasibility,real_durations,start_times,time_offline,time_online,mode,obj_pi
j20,1,STNU_robust,60,,False,inf,False,"[0, 7, 1, 6, 2, 2, 1, 6, 2, 9, 2, 2, 10, 1, 4, 1, 3, 1, 6, 6, 5, 0]",,inf,inf,robust,46.0
j20,1,STNU_robust,60,,False,inf,False,"[0, 8, 2, 6, 1, 2, 3, 7, 1, 8, 1, 2, 7, 1, 4, 1, 1, 1, 5, 5, 2, 0]",,inf,inf,robust,43.0
j20,1,STNU_robust,60,,False,inf,False,"[0, 6, 1, 6, 2, 2, 3, 6, 1, 6, 2, 3, 8, 1, 4, 1, 1, 3, 5, 5, 5, 0]",,inf,inf,robust,42.0
j20,1,STNU_robust,60,,False,inf,False,"[0, 8, 2, 7, 3, 1, 1, 8, 1, 6, 2, 1, 8, 1, 3, 1, 1, 2, 5, 5, 2, 0]",,inf,inf,robust,44.0
j20,1,STNU_robust,60,,False,inf,False,"[0, 4, 2, 11, 3, 1, 2, 8, 1, 8, 2, 2, 6, 1, 6, 1, 1, 1, 8, 6, 3, 0]",,inf,inf,robust,49.0
j20,1,STNU_robust,60,,False,inf,False,"[0, 4, 1, 8, 1, 2, 3, 10, 2, 6, 1, 3, 10, 1, 7, 1, 1, 1, 5, 6, 3, 0]",,inf,inf,robust,50.0
j20,1,STNU_robust,60,,False,inf,False,"[0, 4, 2, 9, 2, 2, 3, 11, 1, 9, 2, 3, 11, 1, 3, 1, 1, 2, 6, 6, 3, 0]",,inf,inf,robust,50.0
j20,3,STNU_robust,60,,False,inf,False,"[0, 6, 8, 4, 5, 5, 9, 1, 3, 8, 1, 6, 8, 5, 11, 6, 4, 8, 4, 10, 3, 0]",,inf,inf,robust,80.0
j20,3,STNU_robust,60,,False,inf,False,"[0, 7, 5, 7, 6, 2, 7, 1, 3, 6, 1, 6, 8, 9, 6, 7, 4, 10, 5, 6, 4, 0]",,inf,inf,robust,71.0
j20,3,STNU_robust,60,,False,inf,False,"[0, 11, 9, 5, 4, 2, 6, 2, 2, 6, 2, 5, 5, 9, 10, 6, 3, 9, 4, 9, 3, 0]",,inf,inf,robust,77.0
j20,3,STNU_robust,60,,False,inf,False,"[0, 8, 9, 3, 4, 5, 6, 2, 2, 5, 1, 6, 7, 9, 8, 3, 6, 9, 5, 8, 2, 0]",,inf,inf,robust,69.0
j20,4,STNU_robust,60,,False,inf,False,"[0, 1, 3, 4, 5, 2, 1, 2, 1, 7, 2, 1, 2, 6, 2, 1, 1, 8, 4, 2, 9, 0]",,inf,inf,robust,40.0
j20,4,STNU_robust,60,,False,inf,False,"[0, 1, 3, 4, 7, 1, 1, 2, 2, 9, 6, 3, 1, 3, 2, 1, 1, 9, 4, 4, 6, 0]",,inf,inf,robust,42.0
j20,4,STNU_robust,60,,False,inf,False,"[0, 1, 3, 6, 4, 1, 1, 4, 1, 7, 5, 1, 1, 3, 1, 1, 1, 7, 4, 3, 9, 0]",,inf,inf,robust,40.0
j20,4,STNU_robust,60,,False,inf,False,"[0, 1, 2, 3, 8, 2, 1, 4, 1, 10, 5, 2, 2, 3, 2, 1, 1, 10, 6, 2, 10, 0]",,inf,inf,robust,44.0
j20,4,STNU_robust,60,,False,inf,False,"[0, 1, 3, 5, 6, 2, 1, 5, 1, 11, 3, 3, 1, 3, 1, 1, 1, 11, 4, 4, 7, 0]",,inf,inf,robust,46.0
j20,7,STNU_robust,60,True,True,67.0,True,"[0, 8, 1, 6, 2, 4, 2, 6, 1, 6, 10, 2, 6, 3, 1, 10, 5, 7, 2, 2, 7, 0]","[0, 0, 16, 2, 18, 8, 38, 8, 0, 41, 8, 57, 20, 12, 34, 21, 61, 39, 60, 47, 31, 67]",0.5240921974182129,0.02375197410583496,robust,65.0
j20,7,STNU_robust,60,True,True,67.0,True,"[0, 9, 2, 12, 1, 7, 2, 7, 2, 5, 12, 2, 3, 3, 2, 11, 4, 4, 1, 2, 6, 0]","[0, 0, 21, 2, 23, 14, 40, 14, 0, 41, 9, 57, 24, 21, 35, 21, 61, 40, 60, 46, 34, 67]",0.5240921974182129,0.02269911766052246,robust,67.0
j20,7,STNU_robust,60,True,True,67.0,True,"[0, 5, 1, 11, 2, 5, 2, 6, 1, 8, 12, 2, 3, 3, 2, 10, 3, 4, 2, 2, 7, 0]","[0, 0, 18, 2, 19, 13, 38, 13, 0, 41, 5, 57, 21, 18, 31, 21, 61, 38, 60, 49, 31, 67]",0.5240921974182129,0.022586822509765625,robust,65.0
j20,7,STNU_robust,60,True,True,68.0,True,"[0, 9, 1, 11, 2, 4, 3, 6, 1, 6, 8, 2, 4, 3, 1, 12, 4, 6, 2, 4, 9, 0]","[0, 0, 17, 2, 19, 13, 42, 13, 0, 42, 9, 58, 21, 17, 35, 21, 62, 42, 61, 48, 33, 68]",0.5240921974182129,0.022710084915161133,robust,65.0
j20,7,STNU_robust,60,True,True,67.0,True,"[0, 8, 2, 7, 2, 3, 1, 8, 1, 6, 9, 1, 4, 2, 1, 7, 4, 6, 1, 2, 9, 0]","[0, 0, 16, 2, 18, 9, 37, 9, 0, 41, 8, 57, 20, 12, 34, 21, 61, 39, 60, 47, 28, 67]",0.5240921974182129,0.02285170555114746,robust,65.0
j20,7,STNU_robust,60,True,True,68.0,True,"[0, 7, 1, 9, 2, 6, 2, 6, 2, 9, 9, 1, 6, 6, 2, 6, 7, 5, 1, 3, 7, 0]","[0, 0, 17, 2, 18, 11, 37, 11, 0, 41, 7, 57, 20, 17, 33, 21, 61, 38, 60, 50, 30, 67]",0.5240921974182129,0.022557973861694336,robust,66.0
j20,7,STNU_robust,60,True,True,67.0,True,"[0, 9, 2, 7, 1, 5, 1, 10, 1, 9, 7, 1, 6, 3, 1, 8, 6, 4, 1, 2, 9, 0]","[0, 0, 16, 2, 19, 9, 38, 9, 0, 41, 9, 57, 20, 14, 35, 21, 61, 40, 60, 50, 29, 67]",0.5240921974182129,0.023000001907348633,robust,65.0
j20,7,STNU_robust,60,True,True,68.0,True,"[0, 7, 1, 12, 1, 4, 3, 8, 2, 5, 12, 2, 3, 4, 1, 12, 3, 4, 1, 3, 9, 0]","[0, 0, 18, 2, 22, 14, 42, 14, 0, 42, 7, 58, 23, 18, 33, 21, 62, 42, 61, 47, 33, 68]",0.5240921974182129,0.023067951202392578,robust,65.0
j20,7,STNU_robust,60,True,True,67.0,True,"[0, 7, 1, 11, 1, 4, 2, 6, 2, 8, 7, 2, 6, 6, 2, 12, 3, 6, 2, 2, 8, 0]","[0, 0, 17, 2, 19, 13, 41, 13, 0, 41, 7, 57, 20, 17, 33, 21, 61, 41, 60, 49, 33, 67]",0.5240921974182129,0.023133039474487305,robust,65.0
j20,7,STNU_robust,60,True,True,67.0,True,"[0, 6, 1, 11, 2, 7, 2, 6, 2, 5, 11, 2, 3, 3, 2, 11, 3, 3, 1, 4, 8, 0]","[0, 0, 20, 2, 21, 13, 41, 13, 0, 41, 6, 57, 23, 20, 32, 21, 61, 41, 60, 46, 33, 67]",0.5240921974182129,0.022920846939086914,robust,65.0
j20,8,STNU_robust,60,True,True,73.0,True,"[0, 8, 9, 6, 2, 1, 3, 7, 4, 6, 7, 10, 9, 12, 7, 4, 2, 5, 2, 1, 1, 0]","[0, 0, 8, 8, 7, 0, 26, 1, 0, 39, 0, 29, 17, 55, 59, 40, 37, 67, 45, 39, 53, 73]",0.542639970779419,0.022240877151489258,robust,61.0
j20,8,STNU_robust,60,True,True,68.0,True,"[0, 7, 9, 11, 1, 1, 4, 8, 5, 7, 12, 6, 6, 7, 11, 3, 3, 3, 2, 1, 2, 0]","[0, 0, 9, 9, 12, 0, 26, 1, 0, 37, 0, 31, 20, 53, 57, 38, 40, 60, 44, 37, 51, 66]",0.542639970779419,0.022057056427001953,robust,60.0
j20,8,STNU_robust,60,True,True,67.0,True,"[0, 5, 5, 11, 2, 1, 5, 6, 5, 6, 12, 9, 6, 7, 9, 6, 2, 4, 5, 1, 1, 0]","[0, 0, 7, 7, 12, 0, 24, 1, 0, 38, 0, 29, 18, 54, 58, 39, 38, 61, 45, 38, 52, 67]",0.542639970779419,0.02190709114074707,robust,58.0
j20,8,STNU_robust,60,True,True,67.0,True,"[0, 7, 9, 6, 2, 1, 5, 5, 6, 6, 10, 7, 7, 8, 7, 2, 4, 4, 5, 1, 3, 0]","[0, 0, 6, 7, 10, 0, 24, 1, 0, 36, 0, 29, 17, 53, 57, 37, 37, 61, 42, 36, 50, 67]",0.542639970779419,0.02184295654296875,robust,55.0
j20,8,STNU_robust,60,True,True,72.0,True,"[0, 9, 8, 11, 2, 1, 5, 4, 4, 8, 8, 7, 8, 10, 8, 2, 2, 4, 3, 1, 2, 0]","[0, 0, 5, 9, 8, 0, 28, 1, 0, 40, 0, 33, 20, 56, 60, 41, 40, 66, 48, 40, 54, 72]",0.542639970779419,0.02175617218017578,robust,63.0
j20,8,STNU_robust,60,True,True,73.0,True,"[0, 8, 5, 6, 2, 1, 3, 8, 6, 10, 9, 11, 8, 11, 6, 5, 2, 6, 2, 1, 3, 0]","[0, 0, 9, 9, 9, 0, 25, 1, 0, 39, 0, 28, 17, 56, 60, 40, 37, 67, 49, 39, 53, 73]",0.542639970779419,0.021783113479614258,robust,71.0
j20,8,STNU_robust,60,True,True,68.0,True,"[0, 9, 9, 7, 1, 1, 2, 6, 4, 11, 8, 10, 6, 7, 6, 4, 2, 7, 2, 1, 1, 0]","[0, 0, 7, 9, 8, 0, 23, 1, 0, 38, 0, 28, 17, 54, 58, 39, 37, 61, 49, 38, 52, 67]",0.542639970779419,0.02205514907836914,robust,68.0
j20,8,STNU_robust,60,True,True,68.0,True,"[0, 6, 9, 7, 1, 1, 4, 7, 5, 8, 10, 10, 7, 8, 6, 3, 4, 5, 5, 1, 1, 0]","[0, 0, 8, 8, 10, 0, 24, 1, 0, 38, 0, 28, 17, 54, 58, 39, 37, 62, 46, 38, 52, 68]",0.542639970779419,0.022530078887939453,robust,59.0
j20,8,STNU_robust,60,True,True,69.0,True,"[0, 6, 7, 10, 1, 1, 2, 5, 6, 7, 11, 10, 7, 6, 11, 2, 3, 3, 3, 1, 2, 0]","[0, 0, 6, 6, 11, 0, 24, 1, 0, 38, 0, 28, 17, 54, 58, 39, 37, 60, 45, 38, 52, 67]",0.542639970779419,0.022346019744873047,robust,59.0
j20,8,STNU_robust,60,True,True,68.0,True,"[0, 6, 9, 10, 2, 1, 4, 4, 7, 6, 9, 7, 7, 11, 11, 6, 3, 3, 3, 1, 1, 0]","[0, 0, 5, 7, 9, 0, 24, 1, 0, 35, 0, 28, 17, 51, 55, 36, 37, 62, 42, 35, 49, 68]",0.542639970779419,0.022480249404907227,robust,60.0
j20,9,STNU_robust,60,,False,inf,False,"[0, 4, 1, 10, 11, 6, 2, 6, 2, 12, 6, 3, 6, 3, 3, 2, 8, 7, 4, 3, 2, 0]",,inf,inf,robust,82.0
j20,9,STNU_robust,60,,False,inf,False,"[0, 3, 1, 9, 7, 6, 5, 5, 1, 7, 8, 4, 6, 2, 3, 5, 8, 9, 5, 6, 3, 0]",,inf,inf,robust,84.0
j20,9,STNU_robust,60,,False,inf,False,"[0, 4, 1, 12, 6, 5, 4, 7, 1, 12, 11, 3, 7, 6, 2, 4, 5, 8, 5, 7, 3, 0]",,inf,inf,robust,91.0
j20,9,STNU_robust,60,,False,inf,False,"[0, 2, 1, 11, 6, 5, 3, 5, 2, 9, 7, 3, 9, 6, 5, 4, 4, 9, 4, 6, 2, 0]",,inf,inf,robust,84.0
j20,10,STNU_robust,60,,False,inf,False,"[0, 3, 6, 3, 3, 5, 2, 1, 1, 3, 1, 3, 8, 2, 6, 2, 7, 5, 2, 4, 1, 0]",,inf,inf,robust,64.0
j20,10,STNU_robust,60,,False,inf,False,"[0, 3, 7, 4, 4, 4, 2, 1, 1, 5, 1, 3, 5, 1, 8, 4, 4, 3, 1, 5, 2, 0]",,inf,inf,robust,66.0
j20,11,STNU_robust,60,,False,inf,False,"[0, 1, 2, 9, 9, 6, 6, 2, 8, 2, 5, 2, 3, 2, 3, 4, 4, 6, 2, 10, 6, 0]",,inf,inf,robust,43.0
j20,11,STNU_robust,60,,False,inf,False,"[0, 1, 2, 6, 8, 6, 3, 1, 9, 4, 3, 2, 3, 5, 6, 3, 4, 8, 2, 8, 9, 0]",,inf,inf,robust,46.0
j20,11,STNU_robust,60,,False,inf,False,"[0, 1, 2, 11, 8, 5, 4, 2, 6, 2, 3, 3, 4, 3, 2, 4, 6, 9, 5, 11, 6, 0]",,inf,inf,robust,48.0
j20,11,STNU_robust,60,,False,inf,False,"[0, 1, 4, 6, 7, 8, 3, 2, 7, 2, 4, 1, 6, 2, 6, 4, 7, 6, 2, 8, 8, 0]",,inf,inf,robust,43.0
j20,11,STNU_robust,60,,False,inf,False,"[0, 1, 3, 8, 9, 8, 4, 1, 6, 3, 4, 3, 4, 2, 3, 5, 7, 5, 4, 11, 6, 0]",,inf,inf,robust,53.0
j20,11,STNU_robust,60,,False,inf,False,"[0, 1, 4, 7, 9, 6, 2, 2, 11, 2, 3, 2, 2, 3, 5, 4, 4, 9, 2, 9, 5, 0]",,inf,inf,robust,43.0
j20,11,STNU_robust,60,,False,inf,False,"[0, 1, 5, 6, 8, 5, 4, 2, 11, 3, 2, 2, 2, 2, 5, 4, 4, 5, 4, 11, 5, 0]",,inf,inf,robust,45.0
j20,13,STNU_robust,60,True,True,55.0,True,"[0, 7, 10, 5, 3, 2, 2, 2, 1, 6, 6, 7, 2, 9, 1, 4, 1, 10, 4, 6, 1, 0]","[0, 0, 7, 7, 6, 9, 36, 7, 14, 0, 32, 25, 21, 46, 39, 35, 11, 20, 48, 42, 13, 54]",0.46524906158447266,0.021638870239257812,robust,52.0
j20,13,STNU_robust,60,True,True,53.0,True,"[0, 7, 10, 7, 6, 2, 3, 1, 1, 7, 6, 3, 3, 6, 1, 4, 2, 11, 4, 5, 2, 0]","[0, 0, 7, 7, 7, 8, 35, 7, 15, 0, 31, 25, 22, 45, 39, 35, 11, 20, 47, 42, 13, 53]",0.46524906158447266,0.021548986434936523,robust,51.0
j20,13,STNU_robust,60,True,True,50.0,True,"[0, 4, 10, 6, 2, 1, 2, 2, 3, 7, 5, 6, 3, 6, 1, 4, 2, 10, 2, 5, 1, 0]","[0, 0, 4, 7, 7, 6, 32, 4, 11, 0, 28, 22, 22, 42, 36, 32, 8, 17, 44, 39, 10, 50]",0.46524906158447266,0.02129387855529785,robust,49.0
j20,13,STNU_robust,60,True,True,54.0,True,"[0, 6, 10, 5, 5, 2, 3, 2, 1, 10, 6, 5, 3, 6, 1, 3, 1, 7, 5, 8, 2, 0]","[0, 0, 6, 10, 10, 8, 33, 6, 17, 0, 29, 24, 25, 43, 37, 34, 10, 20, 49, 41, 15, 53]",0.46524906158447266,0.02123093605041504,robust,52.0
j20,13,STNU_robust,60,True,True,51.0,True,"[0, 5, 9, 5, 2, 1, 3, 2, 2, 9, 9, 5, 3, 5, 1, 3, 2, 7, 3, 7, 1, 0]","[0, 0, 5, 9, 9, 7, 32, 5, 12, 0, 28, 23, 24, 42, 36, 33, 9, 19, 47, 40, 11, 51]",0.46524906158447266,0.021380901336669922,robust,49.0
j20,13,STNU_robust,60,True,True,52.0,True,"[0, 4, 11, 9, 4, 1, 2, 2, 2, 6, 8, 7, 1, 9, 1, 7, 2, 6, 2, 6, 1, 0]","[0, 0, 4, 6, 6, 6, 33, 4, 11, 0, 29, 22, 21, 43, 39, 32, 8, 17, 45, 39, 10, 51]",0.46524906158447266,0.02110576629638672,robust,48.0
j20,13,STNU_robust,60,True,True,51.0,True,"[0, 6, 10, 6, 3, 1, 3, 1, 1, 6, 9, 4, 3, 9, 1, 4, 1, 8, 5, 5, 3, 0]","[0, 0, 6, 6, 6, 7, 32, 6, 15, 0, 28, 24, 21, 42, 38, 34, 10, 19, 46, 41, 12, 50]",0.46524906158447266,0.021613121032714844,robust,51.0
j20,13,STNU_robust,60,True,True,56.0,True,"[0, 8, 10, 7, 4, 1, 1, 2, 3, 12, 7, 3, 3, 6, 1, 5, 1, 12, 2, 5, 3, 0]","[0, 0, 8, 12, 12, 10, 38, 8, 19, 0, 34, 26, 27, 48, 41, 36, 12, 22, 48, 43, 16, 56]",0.46524906158447266,0.02154994010925293,robust,51.0
j20,13,STNU_robust,60,True,True,52.0,True,"[0, 5, 11, 9, 4, 1, 2, 1, 2, 11, 5, 4, 2, 6, 1, 7, 1, 9, 4, 4, 1, 0]","[0, 0, 5, 11, 11, 6, 34, 5, 16, 0, 30, 23, 26, 44, 40, 33, 11, 21, 44, 40, 15, 52]",0.46524906158447266,0.02201080322265625,robust,49.0
j20,13,STNU_robust,60,True,True,53.0,True,"[0, 7, 7, 7, 6, 2, 1, 2, 1, 11, 8, 4, 2, 5, 1, 3, 1, 8, 3, 7, 1, 0]","[0, 0, 7, 11, 11, 9, 33, 7, 18, 0, 29, 25, 26, 43, 38, 35, 11, 21, 49, 42, 17, 53]",0.46524906158447266,0.022000789642333984,robust,51.0
j20,14,STNU_robust,60,,False,inf,False,"[0, 6, 10, 6, 1, 3, 3, 3, 4, 2, 1, 11, 5, 5, 6, 8, 3, 5, 1, 3, 2, 0]",,inf,inf,robust,42.0
j20,14,STNU_robust,60,,False,inf,False,"[0, 7, 8, 5, 1, 5, 3, 4, 6, 1, 1, 6, 5, 7, 10, 6, 6, 5, 1, 6, 2, 0]",,inf,inf,robust,43.0
j20,14,STNU_robust,60,,False,inf,False,"[0, 6, 6, 8, 2, 4, 4, 4, 3, 1, 1, 7, 7, 8, 9, 5, 5, 5, 1, 3, 3, 0]",,inf,inf,robust,47.0
j20,14,STNU_robust,60,,False,inf,False,"[0, 7, 11, 4, 2, 6, 5, 7, 7, 2, 1, 11, 8, 5, 6, 8, 4, 5, 1, 5, 1, 0]",,inf,inf,robust,49.0
j20,14,STNU_robust,60,,False,inf,False,"[0, 6, 8, 4, 2, 4, 4, 3, 4, 1, 1, 10, 4, 5, 8, 5, 6, 7, 1, 3, 2, 0]",,inf,inf,robust,43.0
j20,15,STNU_robust,60,True,True,97.0,True,"[0, 3, 7, 1, 5, 2, 9, 11, 2, 6, 7, 10, 2, 8, 4, 8, 1, 12, 3, 1, 1, 0]","[0, 83, 76, 89, 57, 0, 17, 0, 56, 11, 61, 38, 87, 68, 88, 48, 95, 64, 56, 82, 59, 97]",0.5864300727844238,0.022530078887939453,robust,90.0
j20,15,STNU_robust,60,True,True,97.0,True,"[0, 2, 7, 1, 7, 1, 11, 8, 6, 7, 7, 12, 1, 5, 4, 11, 1, 7, 3, 1, 1, 0]","[0, 83, 76, 90, 59, 0, 15, 0, 58, 8, 64, 35, 87, 70, 90, 47, 95, 67, 58, 85, 64, 97]",0.5864300727844238,0.022628068923950195,robust,96.0
j20,15,STNU_robust,60,True,True,91.0,True,"[0, 2, 5, 1, 5, 2, 9, 8, 3, 6, 12, 9, 1, 5, 4, 9, 1, 6, 3, 2, 1, 0]","[0, 76, 71, 85, 55, 0, 14, 0, 54, 8, 59, 35, 82, 66, 85, 45, 88, 62, 54, 80, 57, 91]",0.5864300727844238,0.0223538875579834,robust,91.0
j20,15,STNU_robust,60,True,True,92.0,True,"[0, 2, 6, 1, 5, 2, 9, 7, 4, 6, 10, 7, 2, 6, 5, 7, 1, 12, 3, 2, 1, 0]","[0, 78, 72, 85, 53, 0, 14, 0, 52, 8, 57, 35, 83, 64, 84, 45, 90, 60, 52, 78, 56, 92]",0.5864300727844238,0.0220181941986084,robust,89.0
j20,15,STNU_robust,60,True,True,90.0,True,"[0, 5, 8, 2, 6, 3, 6, 6, 4, 8, 7, 9, 1, 6, 3, 6, 2, 7, 3, 2, 1, 0]","[0, 76, 68, 82, 52, 0, 16, 0, 51, 8, 56, 35, 79, 63, 82, 45, 88, 59, 51, 77, 55, 90]",0.5864300727844238,0.02213001251220703,robust,88.0
j20,15,STNU_robust,60,True,True,93.0,True,"[0, 5, 4, 1, 9, 2, 12, 8, 6, 9, 11, 9, 2, 4, 6, 10, 2, 10, 4, 1, 1, 0]","[0, 79, 75, 88, 56, 0, 17, 0, 55, 8, 61, 35, 86, 67, 87, 45, 91, 65, 55, 82, 61, 93]",0.5864300727844238,0.0220029354095459,robust,93.0
j20,15,STNU_robust,60,True,True,95.0,True,"[0, 5, 8, 2, 5, 1, 8, 6, 4, 10, 7, 7, 1, 6, 7, 10, 1, 10, 3, 1, 1, 0]","[0, 81, 73, 86, 56, 0, 18, 0, 55, 8, 60, 35, 84, 67, 86, 45, 93, 63, 55, 81, 59, 95]",0.5864300727844238,0.022827625274658203,robust,93.0
j20,15,STNU_robust,60,True,True,99.0,True,"[0, 2, 5, 1, 7, 2, 8, 10, 6, 8, 8, 12, 1, 5, 5, 12, 1, 8, 5, 2, 1, 0]","[0, 84, 79, 93, 62, 0, 18, 0, 61, 10, 67, 37, 90, 73, 93, 49, 96, 70, 61, 88, 67, 99]",0.5864300727844238,0.023204803466796875,robust,97.0
j20,15,STNU_robust,60,True,True,97.0,True,"[0, 2, 5, 3, 9, 3, 6, 11, 3, 8, 7, 11, 1, 6, 3, 11, 1, 7, 3, 2, 1, 0]","[0, 82, 77, 91, 61, 0, 19, 0, 60, 11, 65, 38, 88, 72, 91, 49, 94, 70, 60, 86, 63, 97]",0.5864300727844238,0.02335500717163086,robust,94.0
j20,15,STNU_robust,60,True,True,95.0,True,"[0, 2, 5, 2, 6, 3, 11, 10, 6, 9, 12, 11, 1, 7, 3, 9, 2, 8, 5, 2, 1, 0]","[0, 80, 75, 89, 58, 0, 19, 0, 57, 10, 63, 37, 86, 69, 89, 48, 92, 66, 57, 84, 63, 95]",0.5864300727844238,0.023118019104003906,robust,95.0
j20,16,STNU_robust,60,True,True,56.0,True,"[0, 6, 10, 6, 2, 5, 11, 6, 5, 2, 2, 2, 1, 4, 1, 1, 5, 1, 6, 1, 7, 0]","[0, 11, 0, 2, 10, 10, 23, 17, 34, 34, 23, 0, 39, 23, 23, 49, 39, 31, 50, 22, 12, 55]",0.4760560989379883,0.021074771881103516,robust,46.0
j20,16,STNU_robust,60,True,True,56.0,True,"[0, 7, 9, 10, 3, 2, 11, 8, 9, 2, 3, 3, 1, 4, 1, 1, 5, 2, 3, 1, 6, 0]","[0, 12, 0, 3, 9, 9, 24, 19, 35, 35, 27, 0, 44, 27, 27, 50, 44, 35, 51, 23, 13, 56]",0.4760560989379883,0.020624876022338867,robust,51.0
j20,16,STNU_robust,60,True,True,56.0,True,"[0, 3, 10, 7, 1, 2, 11, 9, 7, 2, 2, 3, 2, 5, 1, 1, 5, 2, 5, 1, 9, 0]","[0, 12, 0, 3, 10, 10, 24, 15, 35, 35, 24, 0, 42, 24, 24, 50, 42, 32, 51, 23, 13, 56]",0.4760560989379883,0.020969867706298828,robust,48.0
j20,16,STNU_robust,60,True,True,54.0,True,"[0, 3, 7, 9, 1, 4, 10, 6, 8, 2, 4, 1, 1, 3, 1, 1, 6, 2, 4, 1, 6, 0]","[0, 10, 0, 1, 7, 7, 22, 13, 32, 32, 19, 0, 40, 19, 20, 48, 40, 27, 49, 21, 11, 54]",0.4760560989379883,0.02071404457092285,robust,43.0
j20,16,STNU_robust,60,True,True,56.0,True,"[0, 3, 12, 7, 3, 5, 11, 10, 8, 2, 3, 3, 1, 2, 1, 1, 6, 1, 3, 1, 8, 0]","[0, 12, 0, 3, 12, 12, 24, 17, 35, 35, 27, 0, 43, 27, 27, 50, 43, 35, 51, 23, 15, 56]",0.4760560989379883,0.020686864852905273,robust,51.0
j20,16,STNU_robust,60,True,True,55.0,True,"[0, 7, 8, 6, 1, 5, 7, 7, 8, 1, 2, 2, 2, 4, 1, 1, 8, 2, 4, 1, 9, 0]","[0, 11, 0, 2, 8, 8, 23, 18, 30, 30, 25, 0, 38, 25, 25, 49, 38, 33, 50, 22, 12, 55]",0.4760560989379883,0.02077507972717285,robust,44.0
j20,16,STNU_robust,60,True,True,54.0,True,"[0, 6, 11, 9, 2, 2, 9, 10, 8, 1, 4, 1, 2, 5, 1, 1, 8, 2, 2, 1, 9, 0]","[0, 11, 0, 1, 11, 11, 22, 17, 32, 31, 27, 0, 40, 27, 27, 48, 40, 35, 49, 21, 13, 54]",0.4760560989379883,0.02055501937866211,robust,51.0
j20,16,STNU_robust,60,True,True,55.0,True,"[0, 5, 6, 11, 3, 5, 10, 7, 6, 1, 4, 1, 1, 2, 1, 1, 8, 2, 6, 1, 6, 0]","[0, 10, 0, 1, 6, 6, 22, 15, 32, 32, 22, 0, 38, 22, 22, 48, 38, 30, 49, 21, 11, 54]",0.4760560989379883,0.021240234375,robust,47.0
j20,16,STNU_robust,60,True,True,54.0,True,"[0, 3, 8, 9, 2, 4, 10, 10, 7, 3, 4, 1, 2, 4, 1, 1, 6, 2, 2, 1, 6, 0]","[0, 10, 0, 1, 8, 8, 22, 13, 32, 32, 23, 0, 39, 23, 23, 48, 39, 31, 49, 21, 11, 54]",0.4760560989379883,0.021189212799072266,robust,47.0
j20,16,STNU_robust,60,True,True,54.0,True,"[0, 5, 10, 6, 3, 3, 11, 7, 7, 2, 3, 1, 1, 2, 1, 1, 4, 2, 2, 1, 6, 0]","[0, 10, 0, 1, 10, 10, 22, 15, 33, 33, 22, 0, 40, 22, 22, 48, 40, 30, 49, 21, 13, 54]",0.4760560989379883,0.02128005027770996,robust,47.0
j20,17,STNU_robust,60,True,True,49.0,True,"[0, 7, 1, 2, 2, 5, 5, 2, 1, 5, 1, 2, 3, 2, 2, 9, 1, 1, 3, 1, 9, 0]","[0, 0, 0, 22, 1, 7, 12, 0, 34, 16, 30, 12, 12, 35, 38, 40, 37, 21, 35, 34, 25, 48]",0.5110170841217041,0.022377967834472656,robust,48.0
j20,17,STNU_robust,60,True,True,48.0,True,"[0, 6, 1, 2, 5, 2, 6, 1, 1, 7, 1, 2, 5, 5, 2, 6, 2, 1, 4, 1, 6, 0]","[0, 0, 0, 23, 1, 6, 8, 0, 32, 16, 31, 12, 8, 33, 38, 40, 35, 20, 32, 31, 25, 48]",0.5110170841217041,0.022127151489257812,robust,42.0
j20,17,STNU_robust,60,True,True,49.0,True,"[0, 5, 1, 5, 3, 3, 4, 1, 1, 6, 1, 2, 2, 3, 3, 6, 1, 1, 4, 2, 8, 0]","[0, 0, 0, 22, 1, 5, 8, 0, 33, 16, 30, 12, 8, 34, 38, 41, 36, 20, 35, 33, 25, 49]",0.5110170841217041,0.022127151489257812,robust,44.0
j20,17,STNU_robust,60,True,True,47.0,True,"[0, 5, 1, 3, 5, 2, 4, 2, 1, 8, 1, 2, 4, 2, 1, 8, 2, 1, 4, 2, 5, 0]","[0, 0, 0, 24, 1, 5, 7, 0, 33, 16, 32, 12, 7, 34, 38, 39, 36, 20, 32, 30, 25, 47]",0.5110170841217041,0.022089004516601562,robust,43.0
j20,17,STNU_robust,60,True,True,50.0,True,"[0, 8, 1, 3, 4, 5, 6, 2, 1, 5, 1, 4, 3, 5, 3, 9, 2, 1, 3, 2, 8, 0]","[0, 0, 0, 23, 1, 8, 13, 0, 33, 16, 31, 12, 13, 34, 38, 41, 36, 22, 35, 33, 25, 49]",0.5110170841217041,0.021975040435791016,robust,48.0
j20,17,STNU_robust,60,True,True,47.0,True,"[0, 4, 1, 2, 4, 4, 5, 1, 1, 7, 1, 4, 4, 2, 1, 6, 2, 1, 3, 2, 5, 0]","[0, 0, 0, 23, 1, 4, 8, 0, 32, 16, 31, 12, 8, 33, 38, 39, 35, 20, 32, 30, 25, 47]",0.5110170841217041,0.022119998931884766,robust,41.0
j20,17,STNU_robust,60,True,True,48.0,True,"[0, 4, 1, 3, 6, 3, 6, 1, 1, 8, 1, 3, 5, 5, 2, 5, 2, 1, 2, 2, 9, 0]","[0, 0, 0, 24, 1, 4, 7, 0, 34, 16, 32, 12, 7, 35, 38, 40, 37, 20, 36, 34, 25, 48]",0.5110170841217041,0.022907018661499023,robust,44.0
j20,17,STNU_robust,60,True,True,47.0,True,"[0, 8, 1, 5, 6, 3, 4, 1, 1, 7, 1, 2, 3, 4, 1, 6, 2, 1, 3, 1, 7, 0]","[0, 0, 0, 23, 1, 8, 11, 0, 32, 16, 31, 12, 11, 33, 38, 39, 35, 20, 33, 32, 25, 47]",0.5110170841217041,0.023096084594726562,robust,43.0
j20,17,STNU_robust,60,True,True,48.0,True,"[0, 8, 1, 2, 2, 2, 5, 3, 1, 9, 1, 3, 2, 4, 2, 7, 1, 1, 2, 2, 7, 0]","[0, 0, 0, 25, 1, 8, 10, 0, 34, 16, 33, 12, 10, 35, 38, 40, 37, 20, 34, 32, 25, 48]",0.5110170841217041,0.022939205169677734,robust,44.0
j20,17,STNU_robust,60,True,True,49.0,True,"[0, 6, 1, 4, 2, 3, 6, 3, 1, 7, 1, 5, 5, 2, 3, 6, 1, 1, 2, 1, 5, 0]","[0, 0, 0, 23, 1, 6, 9, 0, 32, 16, 31, 12, 9, 33, 38, 41, 35, 20, 31, 30, 25, 49]",0.5110170841217041,0.022493839263916016,robust,41.0
j20,18,STNU_robust,60,True,True,43.0,True,"[0, 3, 2, 10, 3, 2, 7, 4, 3, 5, 7, 7, 4, 5, 9, 3, 6, 7, 5, 1, 2, 0]","[0, 15, 1, 6, 3, 0, 12, 15, 15, 0, 23, 24, 31, 30, 25, 40, 18, 18, 31, 30, 10, 43]",0.4751276969909668,0.020390987396240234,robust,33.0
j20,18,STNU_robust,60,True,True,44.0,True,"[0, 4, 1, 11, 5, 1, 5, 5, 3, 5, 4, 4, 4, 3, 9, 2, 4, 3, 5, 1, 5, 0]","[0, 16, 1, 7, 2, 0, 13, 16, 16, 0, 24, 25, 29, 31, 23, 41, 19, 20, 29, 28, 10, 44]",0.4751276969909668,0.020260095596313477,robust,34.0
j20,18,STNU_robust,60,True,True,44.0,True,"[0, 4, 2, 6, 6, 3, 5, 5, 6, 8, 3, 4, 6, 7, 7, 1, 4, 6, 3, 1, 4, 0]","[0, 16, 1, 9, 3, 0, 13, 16, 16, 0, 24, 25, 29, 31, 28, 41, 19, 22, 29, 27, 10, 44]",0.4751276969909668,0.02027416229248047,robust,36.0
j20,18,STNU_robust,60,True,True,44.0,True,"[0, 5, 1, 10, 4, 3, 6, 5, 3, 5, 6, 7, 6, 4, 8, 3, 4, 3, 4, 1, 4, 0]","[0, 16, 1, 7, 3, 0, 13, 16, 16, 0, 24, 25, 32, 31, 24, 41, 19, 21, 32, 30, 10, 44]",0.4751276969909668,0.020299911499023438,robust,35.0
j20,18,STNU_robust,60,True,True,44.0,True,"[0, 5, 2, 7, 6, 1, 6, 4, 3, 5, 4, 6, 3, 3, 9, 2, 6, 7, 5, 1, 3, 0]","[0, 16, 1, 9, 3, 0, 13, 16, 16, 0, 24, 25, 31, 31, 28, 41, 19, 21, 31, 28, 10, 44]",0.4751276969909668,0.020112276077270508,robust,33.0
j20,18,STNU_robust,60,True,True,44.0,True,"[0, 5, 2, 11, 3, 1, 7, 8, 7, 8, 4, 3, 7, 5, 5, 2, 6, 7, 3, 1, 5, 0]","[0, 16, 1, 8, 3, 0, 13, 16, 16, 0, 24, 25, 30, 31, 30, 41, 19, 23, 30, 28, 10, 44]",0.4751276969909668,0.02158522605895996,robust,35.0
j20,18,STNU_robust,60,True,True,44.0,True,"[0, 3, 1, 8, 7, 1, 4, 8, 4, 8, 4, 3, 5, 6, 6, 3, 8, 7, 4, 1, 4, 0]","[0, 16, 1, 9, 2, 0, 13, 16, 16, 0, 24, 25, 28, 31, 27, 41, 19, 20, 28, 28, 10, 44]",0.4751276969909668,0.02389216423034668,robust,36.0
j20,18,STNU_robust,60,True,True,44.0,True,"[0, 4, 1, 7, 5, 3, 6, 4, 4, 6, 7, 3, 4, 5, 6, 2, 8, 5, 2, 1, 5, 0]","[0, 16, 1, 8, 3, 0, 13, 16, 16, 0, 24, 25, 28, 31, 25, 41, 19, 20, 28, 31, 10, 44]",0.4751276969909668,0.024398088455200195,robust,34.0
j20,18,STNU_robust,60,True,True,44.0,True,"[0, 3, 1, 7, 3, 2, 7, 5, 4, 8, 7, 6, 3, 6, 5, 2, 6, 7, 2, 1, 3, 0]","[0, 16, 1, 8, 2, 0, 13, 16, 16, 0, 24, 25, 31, 31, 27, 41, 19, 20, 31, 31, 10, 44]",0.4751276969909668,0.0246121883392334,robust,34.0
j20,18,STNU_robust,60,True,True,44.0,True,"[0, 2, 2, 9, 4, 2, 4, 4, 7, 6, 6, 7, 5, 3, 8, 2, 5, 5, 6, 1, 5, 0]","[0, 16, 1, 7, 3, 0, 13, 16, 16, 0, 24, 25, 32, 31, 28, 41, 19, 23, 32, 30, 10, 44]",0.4751276969909668,0.023917198181152344,robust,37.0
j20,19,STNU_robust,60,True,True,38.0,True,"[0, 11, 2, 1, 9, 1, 5, 7, 6, 5, 3, 1, 1, 6, 10, 1, 8, 3, 4, 1, 4, 0]","[0, 0, 12, 11, 14, 0, 0, 5, 0, 3, 0, 15, 21, 27, 23, 27, 13, 33, 28, 12, 23, 38]",0.6130928993225098,0.01976490020751953,robust,34.0
j20,19,STNU_robust,60,True,True,36.0,True,"[0, 11, 1, 1, 9, 2, 2, 8, 7, 7, 7, 1, 1, 6, 7, 1, 4, 3, 3, 2, 4, 0]","[0, 0, 14, 11, 15, 0, 0, 4, 0, 7, 0, 17, 18, 28, 22, 27, 13, 29, 28, 14, 23, 36]",0.6130928993225098,0.019356966018676758,robust,35.0
j20,19,STNU_robust,60,True,True,34.0,True,"[0, 7, 2, 1, 5, 1, 3, 6, 3, 8, 5, 1, 1, 6, 6, 1, 7, 3, 3, 1, 2, 0]","[0, 0, 13, 7, 15, 0, 0, 4, 0, 5, 0, 16, 19, 26, 22, 25, 12, 28, 26, 13, 23, 34]",0.6130928993225098,0.01945972442626953,robust,34.0
j20,19,STNU_robust,60,True,True,37.0,True,"[0, 7, 2, 1, 9, 1, 2, 6, 6, 6, 5, 1, 1, 5, 10, 1, 5, 4, 4, 2, 2, 0]","[0, 0, 11, 7, 13, 0, 0, 4, 0, 5, 0, 14, 18, 26, 22, 25, 12, 32, 26, 11, 23, 37]",0.6130928993225098,0.0195310115814209,robust,34.0
j20,19,STNU_robust,60,True,True,36.0,True,"[0, 12, 2, 1, 8, 2, 4, 11, 7, 8, 4, 1, 1, 8, 6, 1, 4, 4, 4, 2, 5, 0]","[0, 0, 15, 12, 17, 0, 0, 4, 0, 4, 0, 18, 18, 28, 22, 28, 14, 29, 29, 15, 23, 36]",0.6130928993225098,0.01942610740661621,robust,33.0
j20,19,STNU_robust,60,True,True,36.0,True,"[0, 9, 1, 1, 7, 1, 4, 6, 3, 6, 4, 1, 1, 8, 6, 1, 4, 6, 4, 1, 5, 0]","[0, 0, 10, 9, 11, 0, 0, 4, 0, 4, 0, 13, 18, 28, 22, 28, 12, 29, 29, 10, 23, 36]",0.6130928993225098,0.019438982009887695,robust,33.0
j20,19,STNU_robust,60,True,True,36.0,True,"[0, 11, 2, 1, 5, 2, 2, 9, 7, 9, 7, 1, 1, 6, 6, 1, 8, 4, 2, 2, 4, 0]","[0, 0, 16, 11, 18, 0, 0, 4, 0, 7, 0, 19, 21, 28, 22, 27, 13, 28, 28, 16, 23, 36]",0.6130928993225098,0.019316911697387695,robust,36.0
j20,19,STNU_robust,60,True,True,37.0,True,"[0, 10, 2, 1, 6, 1, 4, 10, 7, 5, 7, 1, 1, 6, 10, 1, 5, 2, 4, 2, 4, 0]","[0, 0, 14, 10, 16, 0, 0, 4, 0, 7, 0, 17, 18, 28, 22, 27, 13, 32, 28, 14, 23, 37]",0.6130928993225098,0.020009994506835938,robust,34.0
j20,19,STNU_robust,60,True,True,38.0,True,"[0, 10, 1, 1, 7, 1, 4, 6, 4, 7, 5, 1, 1, 5, 11, 1, 5, 4, 6, 3, 2, 0]","[0, 0, 12, 10, 13, 0, 0, 4, 0, 5, 0, 15, 18, 26, 22, 25, 12, 33, 26, 12, 23, 38]",0.6130928993225098,0.02021026611328125,robust,34.0
j20,19,STNU_robust,60,True,True,34.0,True,"[0, 12, 2, 1, 6, 1, 3, 11, 7, 7, 3, 1, 1, 5, 7, 1, 4, 3, 5, 2, 3, 0]","[0, 0, 15, 12, 17, 0, 0, 4, 0, 3, 0, 18, 18, 26, 22, 26, 14, 29, 27, 15, 23, 34]",0.6130928993225098,0.02006983757019043,robust,32.0
j20,20,STNU_robust,60,,False,inf,False,"[0, 1, 11, 6, 6, 1, 6, 2, 6, 2, 6, 1, 6, 3, 1, 4, 5, 5, 5, 5, 2, 0]",,inf,inf,robust,35.0
j20,20,STNU_robust,60,,False,inf,False,"[0, 1, 10, 5, 6, 2, 6, 1, 10, 2, 6, 1, 5, 4, 1, 2, 3, 5, 6, 6, 2, 0]",,inf,inf,robust,39.0
j20,20,STNU_robust,60,,False,inf,False,"[0, 1, 8, 5, 5, 2, 3, 2, 11, 5, 3, 1, 4, 6, 2, 4, 4, 2, 7, 7, 2, 0]",,inf,inf,robust,39.0
j20,20,STNU_robust,60,,False,inf,False,"[0, 1, 7, 5, 7, 1, 6, 1, 10, 3, 7, 1, 5, 2, 3, 5, 3, 4, 8, 8, 2, 0]",,inf,inf,robust,42.0
j20,20,STNU_robust,60,,False,inf,False,"[0, 1, 8, 7, 5, 2, 4, 1, 12, 4, 3, 1, 5, 4, 1, 4, 2, 4, 5, 6, 2, 0]",,inf,inf,robust,39.0
j20,20,STNU_robust,60,,False,inf,False,"[0, 1, 11, 9, 7, 1, 2, 2, 11, 5, 3, 1, 5, 5, 2, 3, 4, 3, 8, 8, 2, 0]",,inf,inf,robust,43.0
j20,21,STNU_robust,60,True,True,31.0,True,"[0, 7, 6, 1, 1, 4, 9, 11, 2, 6, 2, 10, 1, 7, 4, 5, 6, 4, 7, 1, 1, 0]","[0, 0, 5, 0, 1, 0, 1, 0, 4, 11, 5, 7, 15, 18, 11, 18, 25, 25, 11, 20, 18, 30]",0.49156713485717773,0.018769025802612305,robust,31.0
j20,21,STNU_robust,60,True,True,30.0,True,"[0, 6, 6, 1, 2, 5, 10, 7, 3, 6, 1, 11, 1, 4, 4, 4, 3, 2, 7, 2, 1, 0]","[0, 0, 5, 0, 1, 0, 1, 0, 5, 11, 5, 8, 15, 19, 11, 18, 25, 25, 11, 20, 19, 30]",0.49156713485717773,0.0184781551361084,robust,30.0
j20,21,STNU_robust,60,True,True,31.0,True,"[0, 4, 2, 1, 2, 6, 8, 7, 2, 9, 1, 11, 1, 4, 4, 6, 6, 2, 4, 1, 1, 0]","[0, 0, 5, 0, 1, 0, 1, 0, 6, 11, 6, 9, 13, 20, 9, 15, 25, 25, 11, 20, 20, 30]",0.49156713485717773,0.018368005752563477,robust,31.0
j20,21,STNU_robust,60,True,True,30.0,True,"[0, 6, 6, 1, 1, 6, 7, 8, 2, 10, 2, 8, 1, 5, 4, 3, 3, 5, 7, 2, 1, 0]","[0, 0, 5, 0, 1, 0, 1, 0, 6, 11, 6, 9, 15, 18, 11, 18, 25, 25, 11, 20, 21, 30]",0.49156713485717773,0.018280029296875,robust,30.0
j20,21,STNU_robust,60,True,True,30.0,True,"[0, 5, 5, 1, 1, 3, 6, 8, 4, 7, 2, 9, 1, 7, 5, 3, 2, 3, 4, 2, 1, 0]","[0, 0, 5, 0, 1, 0, 1, 0, 3, 11, 5, 7, 15, 18, 10, 15, 25, 25, 11, 20, 18, 30]",0.49156713485717773,0.018239259719848633,robust,30.0
j20,21,STNU_robust,60,True,True,33.0,True,"[0, 7, 2, 1, 1, 7, 11, 8, 6, 9, 2, 9, 1, 3, 6, 7, 5, 6, 7, 2, 1, 0]","[0, 0, 5, 0, 1, 0, 1, 0, 7, 11, 7, 10, 18, 20, 12, 20, 25, 27, 13, 20, 20, 32]",0.49156713485717773,0.018423080444335938,robust,31.0
j20,21,STNU_robust,60,True,True,31.0,True,"[0, 8, 3, 1, 1, 7, 8, 6, 4, 10, 2, 7, 1, 3, 5, 7, 6, 2, 7, 2, 1, 0]","[0, 0, 5, 0, 1, 0, 1, 0, 7, 11, 7, 10, 14, 18, 9, 18, 25, 25, 11, 20, 21, 30]",0.49156713485717773,0.01836109161376953,robust,31.0
j20,21,STNU_robust,60,True,True,30.0,True,"[0, 8, 3, 1, 1, 5, 9, 7, 4, 10, 1, 8, 1, 5, 3, 4, 4, 4, 3, 3, 1, 0]","[0, 0, 5, 0, 1, 0, 1, 0, 5, 11, 5, 8, 13, 18, 10, 15, 25, 25, 11, 20, 21, 30]",0.49156713485717773,0.018995046615600586,robust,30.0
j20,21,STNU_robust,60,True,True,30.0,True,"[0, 5, 4, 1, 1, 3, 11, 11, 3, 8, 2, 11, 1, 7, 5, 3, 2, 3, 3, 2, 1, 0]","[0, 0, 5, 0, 1, 0, 1, 0, 3, 11, 5, 7, 17, 18, 12, 17, 25, 25, 12, 20, 19, 30]",0.49156713485717773,0.019011259078979492,robust,30.0
j20,21,STNU_robust,60,True,True,31.0,True,"[0, 7, 3, 1, 2, 7, 10, 9, 2, 9, 2, 6, 1, 6, 4, 5, 6, 2, 3, 2, 1, 0]","[0, 0, 5, 0, 1, 0, 1, 0, 7, 11, 7, 10, 15, 18, 11, 15, 25, 25, 11, 20, 20, 30]",0.49156713485717773,0.018918275833129883,robust,31.0
j20,22,STNU_robust,60,True,True,40.0,True,"[0, 6, 1, 1, 10, 5, 5, 9, 2, 1, 2, 6, 6, 3, 4, 1, 2, 4, 10, 2, 2, 0]","[0, 0, 6, 0, 0, 6, 0, 0, 10, 1, 27, 6, 20, 26, 19, 11, 30, 13, 26, 31, 36, 40]",0.47524499893188477,0.020802974700927734,robust,37.0
j20,22,STNU_robust,60,True,True,37.0,True,"[0, 5, 1, 1, 10, 7, 8, 7, 3, 3, 1, 3, 3, 3, 3, 1, 2, 6, 7, 1, 2, 0]","[0, 0, 6, 0, 0, 5, 0, 0, 10, 1, 27, 8, 20, 26, 19, 11, 30, 13, 26, 31, 33, 37]",0.47524499893188477,0.02069401741027832,robust,37.0
j20,22,STNU_robust,60,True,True,38.0,True,"[0, 6, 1, 1, 8, 6, 4, 9, 3, 2, 1, 2, 3, 5, 2, 1, 4, 6, 6, 2, 5, 0]","[0, 0, 6, 0, 0, 6, 0, 0, 8, 1, 27, 6, 20, 26, 19, 9, 31, 13, 26, 31, 33, 37]",0.47524499893188477,0.020415067672729492,robust,38.0
j20,22,STNU_robust,60,True,True,39.0,True,"[0, 4, 1, 1, 8, 5, 8, 7, 4, 3, 2, 2, 3, 5, 5, 1, 4, 6, 9, 2, 3, 0]","[0, 0, 6, 0, 0, 4, 0, 0, 8, 1, 27, 8, 20, 26, 19, 9, 31, 13, 26, 31, 35, 39]",0.47524499893188477,0.02034306526184082,robust,39.0
j20,22,STNU_robust,60,True,True,38.0,True,"[0, 6, 1, 1, 12, 5, 4, 8, 4, 2, 1, 4, 2, 2, 5, 1, 5, 3, 7, 2, 5, 0]","[0, 0, 6, 0, 0, 6, 0, 0, 12, 1, 27, 6, 20, 26, 19, 13, 30, 13, 26, 31, 33, 37]",0.47524499893188477,0.02053976058959961,robust,38.0
j20,22,STNU_robust,60,True,True,41.0,True,"[0, 3, 1, 1, 6, 9, 6, 10, 5, 2, 2, 2, 5, 6, 5, 1, 2, 6, 11, 1, 3, 0]","[0, 0, 6, 0, 0, 3, 0, 0, 6, 1, 27, 6, 20, 26, 19, 10, 32, 13, 26, 31, 37, 41]",0.47524499893188477,0.020318984985351562,robust,38.0
j20,22,STNU_robust,60,True,True,40.0,True,"[0, 3, 1, 1, 10, 7, 4, 11, 4, 1, 2, 3, 2, 4, 2, 1, 2, 2, 10, 2, 4, 0]","[0, 0, 6, 0, 0, 3, 0, 0, 10, 1, 27, 6, 20, 26, 19, 11, 30, 13, 26, 31, 36, 40]",0.47524499893188477,0.020673036575317383,robust,37.0
j20,22,STNU_robust,60,True,True,38.0,True,"[0, 7, 1, 1, 7, 5, 6, 9, 3, 3, 1, 6, 4, 4, 4, 1, 2, 3, 8, 1, 4, 0]","[0, 0, 7, 0, 0, 7, 0, 0, 7, 1, 27, 7, 20, 26, 19, 9, 30, 13, 26, 31, 34, 38]",0.47524499893188477,0.021072864532470703,robust,37.0
j20,22,STNU_robust,60,True,True,37.0,True,"[0, 5, 1, 1, 6, 6, 6, 10, 2, 3, 2, 3, 4, 3, 3, 1, 2, 4, 6, 2, 3, 0]","[0, 0, 6, 0, 0, 5, 0, 0, 6, 1, 27, 6, 20, 26, 19, 10, 30, 13, 26, 31, 33, 37]",0.47524499893188477,0.0212399959564209,robust,37.0
j20,22,STNU_robust,60,True,True,39.0,True,"[0, 3, 1, 1, 7, 5, 5, 9, 3, 2, 3, 6, 6, 5, 4, 1, 3, 2, 9, 2, 2, 0]","[0, 0, 6, 0, 0, 3, 0, 0, 7, 1, 27, 6, 20, 26, 19, 9, 31, 13, 26, 31, 35, 39]",0.47524499893188477,0.021226167678833008,robust,38.0
j20,24,STNU_robust,60,True,True,49.0,True,"[0, 1, 11, 6, 1, 6, 1, 6, 9, 3, 2, 2, 5, 3, 10, 1, 11, 6, 1, 3, 6, 0]","[0, 11, 0, 0, 24, 0, 17, 37, 6, 0, 0, 6, 19, 22, 31, 24, 38, 11, 4, 18, 24, 47]",0.44477295875549316,0.01897907257080078,robust,49.0
j20,24,STNU_robust,60,True,True,47.0,True,"[0, 1, 10, 5, 1, 6, 1, 7, 10, 3, 1, 4, 9, 3, 7, 1, 6, 3, 2, 5, 5, 0]","[0, 10, 0, 0, 28, 0, 16, 37, 6, 0, 0, 6, 19, 21, 31, 28, 38, 10, 4, 17, 24, 47]",0.44477295875549316,0.01854109764099121,robust,47.0
j20,24,STNU_robust,60,True,True,47.0,True,"[0, 1, 7, 3, 1, 6, 2, 5, 6, 3, 2, 4, 6, 2, 12, 1, 9, 3, 2, 5, 8, 0]","[0, 10, 0, 0, 25, 0, 12, 37, 6, 0, 0, 6, 19, 17, 31, 25, 38, 7, 4, 14, 24, 47]",0.44477295875549316,0.018544912338256836,robust,47.0
j20,24,STNU_robust,60,True,True,48.0,True,"[0, 1, 6, 4, 1, 5, 1, 7, 10, 2, 2, 5, 6, 4, 6, 1, 10, 3, 2, 4, 6, 0]","[0, 10, 0, 0, 25, 0, 16, 37, 6, 0, 0, 5, 19, 21, 31, 25, 38, 6, 4, 17, 24, 47]",0.44477295875549316,0.0184478759765625,robust,48.0
j20,24,STNU_robust,60,True,True,47.0,True,"[0, 1, 7, 3, 1, 3, 3, 9, 9, 3, 2, 5, 5, 2, 8, 1, 8, 3, 2, 5, 8, 0]","[0, 10, 0, 0, 24, 0, 15, 37, 6, 0, 0, 5, 19, 20, 31, 24, 38, 7, 4, 18, 24, 47]",0.44477295875549316,0.018570899963378906,robust,47.0
j20,24,STNU_robust,60,True,True,47.0,True,"[0, 1, 8, 3, 1, 2, 2, 6, 11, 5, 1, 2, 9, 4, 10, 1, 9, 5, 2, 3, 4, 0]","[0, 10, 0, 0, 28, 0, 17, 37, 6, 0, 0, 5, 19, 22, 31, 28, 38, 8, 4, 19, 24, 47]",0.44477295875549316,0.018455028533935547,robust,47.0
j20,24,STNU_robust,60,True,True,49.0,True,"[0, 1, 9, 7, 1, 5, 1, 9, 11, 2, 2, 2, 9, 4, 6, 1, 11, 4, 2, 2, 5, 0]","[0, 10, 0, 0, 28, 0, 17, 37, 6, 0, 0, 5, 19, 22, 31, 28, 38, 9, 4, 18, 24, 47]",0.44477295875549316,0.018647193908691406,robust,49.0
j20,24,STNU_robust,60,True,True,47.0,True,"[0, 1, 7, 3, 1, 4, 1, 9, 6, 2, 2, 6, 6, 2, 8, 1, 9, 3, 1, 2, 8, 0]","[0, 11, 0, 0, 25, 0, 12, 37, 6, 0, 0, 5, 19, 17, 31, 25, 38, 7, 4, 13, 24, 47]",0.44477295875549316,0.019189119338989258,robust,47.0
j20,24,STNU_robust,60,True,True,47.0,True,"[0, 1, 8, 5, 1, 2, 2, 7, 8, 5, 2, 2, 6, 4, 10, 1, 6, 3, 1, 3, 8, 0]","[0, 10, 0, 0, 25, 0, 14, 37, 6, 0, 0, 5, 19, 19, 31, 25, 38, 8, 4, 16, 24, 47]",0.44477295875549316,0.019083023071289062,robust,47.0
j20,24,STNU_robust,60,True,True,49.0,True,"[0, 1, 8, 3, 1, 2, 2, 5, 7, 5, 2, 3, 9, 6, 9, 1, 11, 2, 2, 5, 4, 0]","[0, 10, 0, 0, 28, 0, 13, 37, 6, 0, 0, 5, 19, 18, 31, 28, 38, 8, 4, 15, 24, 47]",0.44477295875549316,0.01923394203186035,robust,49.0
j20,25,STNU_robust,60,True,True,34.0,True,"[0, 2, 1, 2, 3, 5, 5, 1, 3, 7, 2, 11, 1, 7, 7, 8, 12, 3, 4, 1, 1, 0]","[0, 2, 0, 0, 12, 2, 15, 22, 11, 6, 0, 23, 30, 12, 19, 25, 18, 20, 4, 23, 24, 33]",0.4600870609283447,0.018831729888916016,robust,30.0
j20,25,STNU_robust,60,True,True,33.0,True,"[0, 2, 1, 4, 6, 3, 7, 1, 7, 7, 3, 6, 3, 11, 6, 5, 11, 4, 3, 1, 2, 0]","[0, 4, 0, 0, 12, 4, 18, 23, 11, 6, 0, 24, 29, 12, 23, 26, 18, 25, 4, 26, 24, 33]",0.4600870609283447,0.01831984519958496,robust,28.0
j20,25,STNU_robust,60,True,True,33.0,True,"[0, 1, 1, 3, 2, 2, 8, 1, 5, 7, 2, 9, 3, 11, 6, 5, 9, 2, 2, 1, 2, 0]","[0, 3, 0, 0, 12, 3, 16, 23, 11, 6, 0, 24, 27, 12, 23, 26, 18, 24, 4, 24, 24, 33]",0.4600870609283447,0.018344879150390625,robust,31.0
j20,25,STNU_robust,60,True,True,33.0,True,"[0, 2, 1, 4, 6, 2, 8, 1, 4, 8, 5, 6, 1, 7, 7, 6, 7, 2, 4, 1, 2, 0]","[0, 4, 0, 0, 12, 5, 18, 22, 11, 6, 0, 23, 27, 12, 19, 26, 18, 26, 4, 26, 24, 33]",0.4600870609283447,0.01834416389465332,robust,27.0
j20,25,STNU_robust,60,True,True,32.0,True,"[0, 2, 3, 5, 6, 5, 6, 1, 6, 12, 2, 6, 3, 8, 6, 7, 10, 4, 4, 1, 1, 0]","[0, 5, 0, 0, 12, 5, 18, 22, 11, 6, 0, 23, 28, 12, 20, 25, 18, 24, 4, 26, 24, 32]",0.4600870609283447,0.0184781551361084,robust,26.0
j20,25,STNU_robust,60,True,True,34.0,True,"[0, 1, 1, 5, 3, 3, 8, 1, 3, 6, 3, 11, 3, 10, 7, 8, 9, 3, 5, 1, 2, 0]","[0, 5, 0, 0, 12, 5, 15, 22, 11, 6, 0, 23, 27, 12, 22, 26, 18, 23, 4, 23, 24, 33]",0.4600870609283447,0.018476009368896484,robust,32.0
j20,25,STNU_robust,60,True,True,32.0,True,"[0, 2, 1, 5, 6, 5, 9, 1, 7, 11, 2, 7, 1, 10, 7, 4, 11, 4, 5, 1, 1, 0]","[0, 5, 0, 0, 12, 5, 18, 22, 11, 6, 0, 23, 29, 12, 22, 25, 18, 27, 4, 26, 24, 32]",0.4600870609283447,0.018344879150390625,robust,29.0
j20,25,STNU_robust,60,True,True,33.0,True,"[0, 2, 2, 2, 4, 2, 9, 1, 3, 10, 3, 10, 2, 6, 7, 7, 7, 4, 2, 1, 1, 0]","[0, 2, 0, 0, 12, 3, 16, 22, 11, 6, 0, 23, 25, 12, 18, 25, 18, 25, 4, 24, 24, 32]",0.4600870609283447,0.019423961639404297,robust,28.0
j20,25,STNU_robust,60,True,True,34.0,True,"[0, 2, 3, 4, 2, 3, 7, 1, 5, 6, 4, 11, 2, 8, 9, 4, 12, 3, 3, 1, 2, 0]","[0, 4, 0, 0, 12, 4, 16, 22, 11, 6, 0, 23, 30, 12, 20, 26, 18, 23, 4, 24, 24, 33]",0.4600870609283447,0.019590139389038086,robust,31.0
j20,25,STNU_robust,60,True,True,33.0,True,"[0, 1, 2, 3, 6, 4, 5, 1, 3, 7, 3, 6, 2, 9, 6, 5, 12, 3, 2, 1, 1, 0]","[0, 3, 0, 0, 12, 3, 18, 22, 11, 6, 0, 23, 30, 12, 21, 25, 18, 23, 4, 26, 24, 33]",0.4600870609283447,0.01893305778503418,robust,26.0
j20,26,STNU_robust,60,True,True,42.0,True,"[0, 3, 8, 10, 1, 6, 1, 2, 2, 6, 2, 6, 8, 4, 7, 1, 5, 10, 9, 8, 8, 0]","[0, 0, 2, 0, 1, 0, 0, 0, 9, 17, 25, 17, 1, 13, 32, 21, 10, 27, 27, 34, 17, 41]",0.44007134437561035,0.017568111419677734,robust,42.0
j20,26,STNU_robust,60,True,True,41.0,True,"[0, 2, 7, 10, 2, 6, 1, 2, 2, 12, 2, 3, 5, 4, 6, 1, 7, 7, 6, 4, 11, 0]","[0, 0, 3, 0, 1, 0, 0, 0, 6, 17, 25, 17, 1, 13, 32, 21, 10, 27, 27, 34, 14, 41]",0.44007134437561035,0.017184972763061523,robust,41.0
j20,26,STNU_robust,60,True,True,41.0,True,"[0, 5, 7, 7, 1, 8, 1, 3, 3, 7, 1, 2, 5, 6, 9, 3, 7, 6, 11, 7, 7, 0]","[0, 0, 2, 0, 1, 0, 0, 0, 8, 17, 25, 17, 1, 13, 32, 21, 9, 26, 26, 34, 16, 41]",0.44007134437561035,0.017295122146606445,robust,41.0
j20,26,STNU_robust,60,True,True,41.0,True,"[0, 4, 5, 10, 2, 7, 1, 3, 3, 6, 3, 3, 7, 7, 8, 2, 4, 9, 6, 4, 8, 0]","[0, 0, 3, 0, 1, 0, 0, 0, 8, 17, 25, 17, 1, 13, 32, 21, 9, 28, 28, 34, 16, 41]",0.44007134437561035,0.017273902893066406,robust,41.0
j20,26,STNU_robust,60,True,True,42.0,True,"[0, 4, 6, 9, 1, 7, 1, 3, 2, 6, 2, 3, 7, 3, 5, 2, 7, 11, 8, 8, 9, 0]","[0, 0, 2, 0, 1, 0, 0, 0, 8, 17, 25, 17, 1, 13, 32, 21, 9, 27, 27, 34, 16, 41]",0.44007134437561035,0.017299175262451172,robust,42.0
j20,26,STNU_robust,60,True,True,41.0,True,"[0, 3, 8, 11, 1, 8, 1, 1, 5, 10, 3, 6, 8, 4, 5, 1, 5, 6, 11, 6, 10, 0]","[0, 0, 2, 0, 1, 0, 0, 0, 9, 17, 25, 17, 1, 13, 32, 21, 10, 28, 28, 34, 17, 41]",0.44007134437561035,0.01738905906677246,robust,41.0
j20,26,STNU_robust,60,True,True,41.0,True,"[0, 3, 6, 6, 1, 9, 1, 1, 2, 10, 2, 6, 5, 3, 7, 2, 5, 10, 10, 6, 8, 0]","[0, 0, 2, 0, 1, 0, 0, 0, 9, 17, 25, 17, 1, 13, 32, 21, 9, 27, 27, 34, 17, 41]",0.44007134437561035,0.01732802391052246,robust,41.0
j20,26,STNU_robust,60,True,True,41.0,True,"[0, 4, 5, 7, 1, 7, 1, 1, 3, 8, 1, 2, 5, 5, 6, 2, 7, 8, 6, 4, 7, 0]","[0, 0, 2, 0, 1, 0, 0, 0, 7, 17, 25, 17, 1, 13, 32, 21, 9, 26, 26, 34, 15, 41]",0.44007134437561035,0.017838716506958008,robust,41.0
j20,26,STNU_robust,60,True,True,42.0,True,"[0, 3, 5, 7, 2, 6, 1, 2, 6, 10, 3, 2, 7, 3, 8, 2, 5, 11, 11, 8, 11, 0]","[0, 0, 3, 0, 1, 0, 0, 0, 8, 17, 25, 17, 1, 13, 32, 21, 9, 28, 28, 34, 16, 41]",0.44007134437561035,0.018203258514404297,robust,42.0
j20,26,STNU_robust,60,True,True,41.0,True,"[0, 2, 5, 11, 2, 6, 1, 2, 2, 12, 2, 2, 8, 5, 8, 1, 5, 12, 6, 7, 9, 0]","[0, 0, 3, 0, 1, 0, 0, 0, 9, 17, 25, 17, 1, 13, 32, 21, 9, 27, 27, 34, 17, 41]",0.44007134437561035,0.018045902252197266,robust,41.0
j20,27,STNU_robust,60,True,True,60.0,True,"[0, 11, 5, 7, 6, 7, 2, 5, 1, 1, 2, 9, 1, 2, 3, 1, 4, 7, 1, 4, 1, 0]","[0, 10, 26, 0, 0, 0, 34, 41, 26, 49, 39, 17, 38, 38, 44, 26, 44, 40, 28, 55, 48, 60]",0.4729428291320801,0.02164912223815918,robust,60.0
j20,27,STNU_robust,60,True,True,60.0,True,"[0, 12, 4, 7, 9, 10, 1, 9, 1, 2, 3, 7, 1, 1, 5, 2, 3, 7, 1, 2, 3, 0]","[0, 10, 24, 0, 0, 0, 32, 41, 24, 49, 39, 17, 38, 38, 44, 24, 44, 40, 26, 55, 49, 60]",0.4729428291320801,0.021406888961791992,robust,60.0
j20,27,STNU_robust,60,True,True,60.0,True,"[0, 11, 3, 4, 11, 12, 2, 6, 1, 1, 1, 6, 1, 1, 2, 2, 5, 8, 1, 3, 1, 0]","[0, 10, 23, 0, 0, 0, 32, 41, 23, 49, 39, 17, 38, 38, 44, 23, 44, 40, 25, 55, 49, 60]",0.4729428291320801,0.02120208740234375,robust,60.0
j20,27,STNU_robust,60,True,True,60.0,True,"[0, 12, 5, 4, 7, 9, 1, 5, 1, 2, 1, 7, 1, 1, 2, 2, 5, 7, 1, 4, 1, 0]","[0, 10, 24, 0, 0, 0, 32, 41, 24, 49, 39, 17, 38, 38, 44, 24, 44, 40, 26, 55, 49, 60]",0.4729428291320801,0.02130889892578125,robust,60.0
j20,27,STNU_robust,60,True,True,60.0,True,"[0, 10, 3, 5, 8, 7, 1, 6, 1, 3, 2, 9, 1, 2, 3, 2, 5, 6, 1, 2, 3, 0]","[0, 10, 26, 0, 0, 0, 34, 41, 26, 49, 39, 17, 38, 38, 44, 26, 44, 40, 28, 55, 49, 60]",0.4729428291320801,0.021148204803466797,robust,60.0
j20,27,STNU_robust,60,True,True,61.0,True,"[0, 8, 3, 6, 10, 8, 1, 5, 1, 1, 2, 6, 1, 2, 5, 1, 2, 11, 1, 6, 2, 0]","[0, 10, 23, 0, 0, 0, 32, 41, 23, 49, 39, 17, 38, 38, 44, 23, 44, 40, 25, 55, 49, 60]",0.4729428291320801,0.02116107940673828,robust,61.0
j20,27,STNU_robust,60,True,True,60.0,True,"[0, 12, 4, 7, 9, 11, 2, 5, 1, 1, 1, 9, 1, 2, 5, 2, 2, 7, 1, 2, 1, 0]","[0, 10, 26, 0, 0, 0, 34, 41, 26, 49, 39, 17, 38, 38, 44, 26, 44, 40, 28, 55, 49, 60]",0.4729428291320801,0.02207493782043457,robust,60.0
j20,27,STNU_robust,60,True,True,60.0,True,"[0, 8, 2, 5, 10, 7, 2, 6, 1, 1, 3, 9, 1, 1, 2, 1, 3, 10, 1, 3, 1, 0]","[0, 10, 26, 0, 0, 0, 34, 41, 26, 49, 39, 17, 38, 38, 44, 26, 44, 40, 28, 55, 48, 60]",0.4729428291320801,0.022086143493652344,robust,60.0
j20,27,STNU_robust,60,True,True,60.0,True,"[0, 8, 5, 4, 8, 10, 1, 7, 1, 3, 3, 5, 1, 2, 4, 1, 4, 8, 1, 2, 3, 0]","[0, 10, 22, 0, 0, 0, 32, 41, 22, 49, 39, 17, 38, 38, 44, 22, 44, 40, 24, 55, 48, 60]",0.4729428291320801,0.02191305160522461,robust,60.0
j20,27,STNU_robust,60,True,True,60.0,True,"[0, 11, 3, 5, 10, 12, 1, 6, 1, 3, 2, 9, 1, 1, 2, 2, 3, 6, 1, 3, 2, 0]","[0, 10, 26, 0, 0, 0, 34, 41, 26, 49, 39, 17, 38, 38, 44, 26, 44, 40, 28, 55, 48, 60]",0.4729428291320801,0.02139425277709961,robust,60.0
j20,28,STNU_robust,60,True,True,36.0,True,"[0, 7, 8, 4, 2, 5, 6, 11, 5, 2, 3, 10, 2, 2, 9, 1, 3, 1, 2, 11, 8, 0]","[0, 5, 15, 13, 6, 0, 0, 0, 0, 0, 0, 26, 23, 11, 20, 14, 20, 30, 25, 23, 26, 35]",0.48293590545654297,0.020642995834350586,robust,35.0
j20,28,STNU_robust,60,True,True,40.0,True,"[0, 8, 7, 8, 1, 8, 5, 10, 6, 3, 2, 11, 2, 2, 6, 2, 2, 1, 3, 6, 6, 0]","[0, 8, 18, 16, 8, 0, 0, 0, 0, 0, 0, 29, 25, 11, 23, 16, 24, 33, 27, 26, 29, 38]",0.48293590545654297,0.020762205123901367,robust,40.0
j20,28,STNU_robust,60,True,True,36.0,True,"[0, 7, 6, 5, 1, 7, 4, 7, 8, 2, 2, 7, 2, 1, 7, 1, 2, 2, 5, 7, 8, 0]","[0, 7, 15, 14, 7, 0, 0, 0, 0, 0, 0, 27, 23, 11, 22, 14, 21, 31, 25, 25, 26, 36]",0.48293590545654297,0.020468950271606445,robust,35.0
j20,28,STNU_robust,60,True,True,36.0,True,"[0, 4, 8, 5, 2, 6, 5, 7, 5, 4, 3, 9, 2, 1, 9, 2, 3, 2, 4, 6, 6, 0]","[0, 6, 16, 13, 6, 0, 0, 0, 0, 0, 0, 26, 24, 11, 21, 14, 20, 30, 26, 24, 27, 36]",0.48293590545654297,0.020423173904418945,robust,33.0
j20,28,STNU_robust,60,True,True,36.0,True,"[0, 6, 6, 5, 2, 7, 7, 8, 5, 2, 3, 7, 2, 2, 5, 1, 6, 2, 4, 8, 10, 0]","[0, 7, 15, 13, 7, 0, 0, 0, 0, 0, 0, 26, 22, 11, 22, 14, 20, 30, 26, 25, 26, 35]",0.48293590545654297,0.020839929580688477,robust,36.0
j20,28,STNU_robust,60,True,True,37.0,True,"[0, 7, 7, 4, 2, 8, 6, 10, 9, 5, 6, 7, 1, 1, 7, 1, 4, 2, 2, 7, 7, 0]","[0, 8, 16, 15, 8, 0, 0, 0, 0, 0, 0, 28, 24, 11, 23, 15, 22, 32, 26, 26, 27, 37]",0.48293590545654297,0.020514965057373047,robust,37.0
j20,28,STNU_robust,60,True,True,35.0,True,"[0, 4, 6, 8, 1, 4, 7, 7, 9, 3, 2, 8, 2, 2, 7, 1, 6, 2, 4, 8, 6, 0]","[0, 4, 15, 13, 7, 0, 0, 0, 0, 0, 0, 26, 22, 11, 19, 14, 21, 31, 27, 22, 26, 35]",0.48293590545654297,0.021320819854736328,robust,33.0
j20,28,STNU_robust,60,True,True,37.0,True,"[0, 5, 6, 6, 2, 4, 4, 8, 9, 4, 2, 11, 2, 2, 7, 2, 6, 1, 2, 11, 6, 0]","[0, 4, 16, 13, 4, 0, 0, 0, 0, 0, 0, 26, 22, 11, 19, 14, 20, 30, 26, 22, 27, 36]",0.48293590545654297,0.021029949188232422,robust,36.0
j20,28,STNU_robust,60,True,True,38.0,True,"[0, 5, 4, 5, 2, 5, 4, 12, 9, 2, 5, 11, 1, 2, 5, 2, 3, 1, 5, 11, 11, 0]","[0, 5, 16, 13, 5, 0, 0, 0, 0, 0, 0, 26, 22, 11, 20, 14, 20, 30, 23, 23, 27, 36]",0.48293590545654297,0.021223068237304688,robust,35.0
j20,28,STNU_robust,60,True,True,38.0,True,"[0, 8, 4, 4, 2, 7, 4, 7, 5, 4, 2, 10, 1, 2, 8, 1, 4, 1, 4, 6, 11, 0]","[0, 7, 16, 15, 7, 0, 0, 0, 0, 0, 0, 28, 24, 11, 22, 15, 22, 32, 26, 25, 27, 37]",0.48293590545654297,0.020660877227783203,robust,36.0
j20,29,STNU_robust,60,,False,inf,False,"[0, 11, 1, 5, 5, 7, 2, 4, 6, 5, 1, 2, 11, 7, 4, 2, 1, 4, 7, 1, 11, 0]",,inf,inf,robust,49.0
j20,29,STNU_robust,60,,False,inf,False,"[0, 8, 1, 8, 2, 8, 1, 6, 10, 5, 2, 2, 6, 4, 3, 2, 1, 5, 4, 2, 6, 0]",,inf,inf,robust,49.0
j20,29,STNU_robust,60,,False,inf,False,"[0, 10, 2, 5, 2, 11, 3, 5, 6, 7, 3, 2, 7, 4, 5, 1, 1, 2, 4, 2, 10, 0]",,inf,inf,robust,49.0
j20,29,STNU_robust,60,,False,inf,False,"[0, 8, 1, 5, 3, 9, 2, 6, 6, 8, 2, 2, 8, 5, 3, 1, 1, 4, 4, 2, 11, 0]",,inf,inf,robust,49.0
j20,29,STNU_robust,60,,False,inf,False,"[0, 10, 2, 6, 5, 6, 1, 6, 8, 5, 1, 1, 6, 3, 5, 2, 1, 3, 4, 2, 9, 0]",,inf,inf,robust,49.0
j20,29,STNU_robust,60,,False,inf,False,"[0, 6, 1, 9, 3, 8, 1, 7, 11, 7, 2, 1, 9, 7, 5, 1, 1, 4, 7, 2, 11, 0]",,inf,inf,robust,49.0
j20,29,STNU_robust,60,,False,inf,False,"[0, 10, 2, 5, 2, 8, 1, 6, 10, 5, 2, 1, 8, 7, 2, 1, 1, 2, 4, 1, 10, 0]",,inf,inf,robust,49.0
j20,29,STNU_robust,60,,False,inf,False,"[0, 7, 1, 7, 5, 7, 3, 8, 10, 6, 3, 1, 6, 4, 4, 1, 1, 4, 5, 2, 6, 0]",,inf,inf,robust,49.0
j20,29,STNU_robust,60,,False,inf,False,"[0, 11, 2, 7, 2, 6, 3, 5, 8, 5, 2, 1, 8, 3, 5, 2, 1, 2, 4, 2, 6, 0]",,inf,inf,robust,49.0
j20,29,STNU_robust,60,,False,inf,False,"[0, 7, 2, 6, 4, 11, 1, 8, 9, 4, 1, 2, 7, 5, 5, 2, 1, 3, 7, 2, 6, 0]",,inf,inf,robust,49.0
j20,30,STNU_robust,60,,False,inf,False,"[0, 1, 3, 2, 10, 5, 2, 1, 6, 3, 5, 2, 3, 10, 6, 12, 7, 4, 1, 7, 7, 0]",,inf,inf,robust,54.0
j20,30,STNU_robust,60,,False,inf,False,"[0, 1, 2, 2, 10, 7, 1, 1, 5, 2, 6, 3, 5, 12, 2, 12, 11, 3, 1, 4, 6, 0]",,inf,inf,robust,55.0
j20,30,STNU_robust,60,,False,inf,False,"[0, 1, 3, 1, 10, 6, 1, 1, 3, 3, 8, 5, 4, 7, 2, 12, 9, 3, 1, 4, 8, 0]",,inf,inf,robust,41.0
j20,30,STNU_robust,60,,False,inf,False,"[0, 1, 2, 1, 7, 8, 1, 1, 5, 2, 5, 3, 5, 7, 4, 6, 10, 3, 1, 5, 7, 0]",,inf,inf,robust,42.0
j20,30,STNU_robust,60,,False,inf,False,"[0, 1, 3, 1, 12, 6, 3, 1, 7, 5, 6, 5, 4, 6, 2, 8, 8, 3, 1, 6, 9, 0]",,inf,inf,robust,50.0
j20,30,STNU_robust,60,,False,inf,False,"[0, 1, 4, 1, 12, 5, 1, 1, 4, 3, 8, 2, 2, 11, 6, 11, 8, 6, 1, 6, 8, 0]",,inf,inf,robust,52.0
j20,30,STNU_robust,60,,False,inf,False,"[0, 1, 5, 2, 6, 8, 1, 1, 6, 2, 9, 5, 5, 11, 6, 7, 6, 6, 1, 5, 5, 0]",,inf,inf,robust,51.0
j20,30,STNU_robust,60,,False,inf,False,"[0, 1, 3, 1, 10, 6, 2, 1, 3, 4, 9, 2, 2, 10, 3, 12, 10, 3, 1, 3, 7, 0]",,inf,inf,robust,52.0
j20,30,STNU_robust,60,,False,inf,False,"[0, 1, 5, 2, 8, 9, 1, 1, 5, 4, 5, 3, 4, 12, 4, 6, 11, 3, 1, 5, 9, 0]",,inf,inf,robust,48.0
j20,30,STNU_robust,60,,False,inf,False,"[0, 1, 4, 1, 12, 6, 3, 1, 4, 3, 9, 4, 2, 11, 2, 7, 11, 2, 1, 4, 8, 0]",,inf,inf,robust,47.0
j20,32,STNU_robust,60,,False,inf,False,"[0, 2, 1, 2, 5, 5, 3, 2, 4, 2, 3, 10, 1, 2, 7, 7, 4, 6, 1, 5, 10, 0]",,inf,inf,robust,57.0
j20,32,STNU_robust,60,,False,inf,False,"[0, 2, 1, 4, 8, 4, 2, 2, 5, 3, 2, 12, 1, 2, 4, 7, 5, 3, 1, 4, 6, 0]",,inf,inf,robust,59.0
j20,32,STNU_robust,60,,False,inf,False,"[0, 1, 2, 2, 4, 5, 5, 1, 5, 2, 5, 12, 1, 2, 4, 7, 5, 6, 1, 3, 7, 0]",,inf,inf,robust,59.0
j20,32,STNU_robust,60,,False,inf,False,"[0, 2, 1, 4, 8, 2, 3, 2, 5, 4, 2, 10, 1, 2, 5, 8, 3, 2, 1, 4, 9, 0]",,inf,inf,robust,56.0
j20,32,STNU_robust,60,,False,inf,False,"[0, 2, 3, 5, 8, 5, 3, 2, 7, 4, 2, 6, 1, 3, 5, 7, 5, 5, 1, 7, 8, 0]",,inf,inf,robust,62.0
j20,32,STNU_robust,60,,False,inf,False,"[0, 1, 3, 2, 4, 3, 3, 2, 7, 2, 2, 11, 1, 2, 7, 11, 4, 4, 1, 7, 9, 0]",,inf,inf,robust,59.0
j20,32,STNU_robust,60,,False,inf,False,"[0, 2, 2, 2, 7, 6, 5, 1, 8, 5, 6, 7, 1, 1, 7, 8, 2, 4, 1, 7, 7, 0]",,inf,inf,robust,71.0
j20,32,STNU_robust,60,,False,inf,False,"[0, 2, 2, 2, 6, 6, 2, 1, 8, 3, 6, 7, 1, 1, 5, 9, 3, 4, 1, 7, 10, 0]",,inf,inf,robust,65.0
j20,32,STNU_robust,60,,False,inf,False,"[0, 2, 3, 4, 4, 3, 4, 1, 6, 5, 2, 12, 1, 2, 4, 8, 2, 2, 1, 4, 8, 0]",,inf,inf,robust,60.0
j20,32,STNU_robust,60,,False,inf,False,"[0, 2, 2, 2, 6, 2, 5, 2, 4, 3, 2, 7, 1, 2, 4, 11, 2, 6, 1, 6, 11, 0]",,inf,inf,robust,60.0
j20,33,STNU_robust,60,,False,inf,False,"[0, 6, 6, 4, 9, 1, 5, 3, 6, 12, 3, 7, 6, 3, 3, 6, 3, 5, 3, 1, 6, 0]",,inf,inf,robust,93.0
j20,33,STNU_robust,60,,False,inf,False,"[0, 6, 3, 2, 8, 1, 5, 3, 9, 10, 2, 7, 8, 6, 5, 6, 2, 8, 4, 1, 5, 0]",,inf,inf,robust,106.0
j20,33,STNU_robust,60,,False,inf,False,"[0, 5, 5, 6, 7, 1, 4, 2, 7, 7, 5, 6, 5, 6, 5, 6, 5, 8, 3, 1, 6, 0]",,inf,inf,robust,92.0
j20,33,STNU_robust,60,,False,inf,False,"[0, 8, 5, 6, 9, 1, 8, 3, 6, 10, 4, 6, 7, 6, 4, 3, 2, 7, 7, 1, 7, 0]",,inf,inf,robust,106.0
j20,33,STNU_robust,60,,False,inf,False,"[0, 4, 6, 3, 9, 1, 5, 2, 8, 9, 3, 8, 9, 6, 5, 4, 2, 6, 5, 1, 5, 0]",,inf,inf,robust,104.0
j20,33,STNU_robust,60,,False,inf,False,"[0, 4, 3, 4, 9, 1, 4, 3, 8, 7, 6, 8, 5, 2, 4, 2, 3, 8, 4, 1, 4, 0]",,inf,inf,robust,94.0
j20,34,STNU_robust,60,,False,inf,False,"[0, 7, 10, 3, 7, 2, 3, 2, 6, 2, 9, 3, 2, 1, 7, 4, 2, 4, 8, 5, 7, 0]",,inf,inf,robust,85.0
j20,34,STNU_robust,60,,False,inf,False,"[0, 6, 10, 5, 10, 2, 4, 2, 6, 3, 6, 2, 1, 1, 4, 2, 1, 5, 6, 3, 3, 0]",,inf,inf,robust,69.0
j20,34,STNU_robust,60,,False,inf,False,"[0, 7, 11, 4, 7, 1, 3, 3, 8, 2, 7, 1, 1, 2, 6, 3, 3, 2, 8, 3, 5, 0]",,inf,inf,robust,78.0
j20,34,STNU_robust,60,,False,inf,False,"[0, 6, 7, 3, 12, 2, 6, 6, 8, 3, 6, 3, 1, 1, 5, 4, 2, 5, 8, 4, 3, 0]",,inf,inf,robust,80.0
j20,34,STNU_robust,60,,False,inf,False,"[0, 4, 7, 4, 11, 1, 3, 6, 7, 2, 8, 2, 2, 1, 6, 2, 1, 6, 8, 3, 3, 0]",,inf,inf,robust,74.0
j20,34,STNU_robust,60,,False,inf,False,"[0, 8, 8, 3, 11, 3, 7, 3, 6, 2, 7, 1, 1, 1, 7, 3, 3, 6, 5, 2, 5, 0]",,inf,inf,robust,79.0
j20,34,STNU_robust,60,,False,inf,False,"[0, 7, 7, 5, 10, 1, 5, 4, 5, 3, 7, 3, 3, 1, 3, 4, 2, 3, 6, 2, 3, 0]",,inf,inf,robust,71.0
j20,34,STNU_robust,60,,False,inf,False,"[0, 5, 8, 4, 11, 1, 5, 2, 5, 3, 5, 2, 2, 2, 7, 2, 3, 2, 7, 5, 3, 0]",,inf,inf,robust,70.0
j20,34,STNU_robust,60,,False,inf,False,"[0, 7, 7, 5, 11, 2, 7, 2, 5, 3, 8, 2, 2, 2, 3, 4, 2, 2, 8, 4, 6, 0]",,inf,inf,robust,78.0
j20,34,STNU_robust,60,,False,inf,False,"[0, 8, 8, 3, 11, 2, 4, 4, 9, 5, 5, 3, 1, 2, 7, 5, 3, 6, 6, 2, 6, 0]",,inf,inf,robust,84.0
j20,35,STNU_robust,60,True,True,95.0,True,"[0, 5, 10, 6, 3, 9, 2, 1, 5, 3, 7, 6, 11, 2, 5, 6, 10, 1, 6, 10, 8, 0]","[0, 0, 16, 5, 44, 33, 42, 14, 11, 11, 33, 49, 61, 55, 80, 27, 61, 48, 55, 85, 72, 94]",1.3735411167144775,0.026632070541381836,robust,90.0
j20,35,STNU_robust,60,True,True,88.0,True,"[0, 6, 8, 10, 4, 10, 2, 1, 6, 3, 12, 3, 7, 5, 5, 5, 6, 1, 5, 6, 5, 0]","[0, 0, 22, 6, 49, 35, 47, 19, 16, 16, 35, 53, 62, 56, 74, 30, 61, 50, 56, 79, 69, 88]",1.3735411167144775,0.026278018951416016,robust,84.0
j20,35,STNU_robust,60,True,True,95.0,True,"[0, 5, 8, 7, 2, 9, 3, 1, 6, 4, 9, 6, 6, 3, 7, 8, 8, 1, 4, 11, 8, 0]","[0, 0, 18, 5, 47, 35, 44, 16, 12, 12, 35, 51, 62, 57, 77, 27, 61, 50, 57, 84, 69, 93]",1.3735411167144775,0.026220083236694336,robust,91.0
j20,35,STNU_robust,60,True,True,92.0,True,"[0, 3, 8, 6, 6, 7, 3, 1, 7, 4, 6, 3, 9, 5, 8, 7, 11, 2, 7, 6, 5, 0]","[0, 0, 16, 3, 42, 32, 39, 13, 9, 9, 32, 49, 59, 52, 75, 25, 59, 47, 52, 83, 70, 92]",1.3735411167144775,0.026326894760131836,robust,84.0
j20,35,STNU_robust,60,True,True,92.0,True,"[0, 4, 8, 7, 5, 10, 3, 1, 5, 3, 7, 3, 11, 5, 4, 4, 11, 2, 8, 11, 7, 0]","[0, 0, 16, 4, 43, 30, 40, 14, 11, 11, 30, 48, 59, 51, 77, 26, 59, 45, 51, 81, 70, 90]",1.3735411167144775,0.02634596824645996,robust,88.0
j20,35,STNU_robust,60,True,True,104.0,True,"[0, 6, 9, 11, 5, 11, 1, 1, 8, 7, 9, 6, 12, 2, 8, 5, 6, 1, 6, 6, 7, 0]","[0, 0, 25, 6, 51, 39, 50, 24, 17, 17, 39, 56, 68, 62, 87, 34, 68, 54, 62, 95, 80, 104]",1.3735411167144775,0.0268709659576416,robust,100.0
j20,35,STNU_robust,60,True,True,95.0,True,"[0, 6, 7, 7, 2, 8, 1, 1, 9, 3, 10, 3, 12, 2, 5, 4, 8, 2, 5, 8, 9, 0]","[0, 0, 22, 6, 44, 33, 43, 16, 13, 13, 33, 50, 60, 53, 81, 29, 58, 48, 53, 86, 72, 95]",1.3735411167144775,0.027104854583740234,robust,83.0
j20,35,STNU_robust,60,True,True,88.0,True,"[0, 6, 8, 8, 2, 7, 3, 1, 7, 3, 12, 3, 8, 2, 4, 5, 8, 2, 8, 8, 5, 0]","[0, 0, 21, 6, 49, 34, 46, 17, 14, 14, 34, 51, 62, 54, 75, 29, 62, 49, 54, 79, 70, 88]",1.3735411167144775,0.02686786651611328,robust,85.0
j20,35,STNU_robust,60,True,True,96.0,True,"[0, 2, 7, 11, 2, 7, 2, 1, 6, 7, 10, 5, 12, 3, 4, 7, 6, 2, 5, 8, 9, 0]","[0, 0, 21, 2, 47, 35, 45, 20, 13, 13, 35, 52, 62, 57, 83, 28, 62, 50, 57, 87, 74, 96]",1.3735411167144775,0.026573896408081055,robust,92.0
j20,35,STNU_robust,60,True,True,92.0,True,"[0, 2, 11, 6, 5, 7, 2, 1, 5, 3, 10, 4, 11, 5, 8, 6, 6, 2, 7, 9, 6, 0]","[0, 0, 13, 2, 42, 30, 40, 11, 8, 8, 30, 47, 58, 51, 75, 24, 58, 45, 51, 83, 69, 92]",1.3735411167144775,0.026281118392944336,robust,91.0
j20,36,STNU_robust,60,True,True,79.0,True,"[0, 11, 6, 7, 6, 2, 6, 5, 2, 4, 6, 1, 2, 1, 1, 7, 5, 10, 4, 1, 7, 0]","[0, 40, 0, 0, 14, 12, 51, 7, 38, 15, 18, 77, 74, 76, 78, 57, 24, 57, 40, 25, 67, 79]",0.9615788459777832,0.02590203285217285,robust,66.0
j20,36,STNU_robust,60,True,True,77.0,True,"[0, 9, 7, 5, 10, 2, 7, 6, 3, 5, 5, 1, 2, 2, 1, 7, 4, 7, 2, 1, 7, 0]","[0, 41, 0, 0, 15, 13, 50, 7, 38, 16, 18, 75, 71, 73, 76, 57, 25, 57, 41, 25, 64, 77]",0.9615788459777832,0.025653839111328125,robust,63.0
j20,36,STNU_robust,60,True,True,73.0,True,"[0, 7, 3, 3, 11, 2, 7, 3, 2, 7, 6, 2, 1, 1, 1, 7, 6, 10, 4, 1, 7, 0]","[0, 37, 0, 0, 9, 7, 44, 4, 35, 10, 15, 70, 68, 69, 72, 51, 21, 51, 37, 22, 61, 73]",0.9615788459777832,0.02552008628845215,robust,61.0
j20,36,STNU_robust,60,True,True,75.0,True,"[0, 6, 6, 4, 8, 2, 5, 6, 3, 6, 7, 2, 1, 3, 1, 7, 6, 11, 6, 1, 6, 0]","[0, 40, 0, 0, 14, 12, 46, 6, 37, 15, 17, 72, 68, 69, 74, 51, 24, 51, 40, 24, 62, 75]",0.9615788459777832,0.02557992935180664,robust,62.0
j20,36,STNU_robust,60,True,True,78.0,True,"[0, 11, 4, 6, 12, 1, 5, 4, 4, 5, 8, 1, 3, 3, 1, 6, 3, 7, 3, 1, 6, 0]","[0, 41, 0, 0, 11, 10, 52, 6, 37, 13, 17, 76, 70, 73, 77, 57, 25, 57, 41, 25, 64, 78]",0.9615788459777832,0.02547287940979004,robust,63.0
j20,36,STNU_robust,60,True,True,78.0,True,"[0, 6, 3, 7, 11, 1, 7, 6, 5, 7, 5, 2, 1, 1, 1, 10, 7, 7, 2, 1, 7, 0]","[0, 43, 0, 0, 14, 13, 49, 7, 38, 16, 18, 75, 73, 74, 77, 56, 25, 56, 43, 25, 66, 78]",0.9615788459777832,0.0261690616607666,robust,67.0
j20,36,STNU_robust,60,True,True,75.0,True,"[0, 8, 3, 5, 10, 2, 6, 2, 4, 8, 9, 1, 1, 2, 1, 10, 4, 6, 4, 1, 6, 0]","[0, 40, 0, 0, 9, 7, 48, 5, 36, 10, 16, 73, 70, 71, 74, 54, 25, 54, 40, 25, 64, 75]",0.9615788459777832,0.02681422233581543,robust,58.0
j20,36,STNU_robust,60,True,True,73.0,True,"[0, 7, 5, 7, 10, 2, 7, 4, 2, 5, 7, 1, 3, 3, 1, 6, 4, 8, 6, 1, 3, 0]","[0, 40, 0, 0, 13, 11, 47, 7, 38, 14, 18, 71, 65, 68, 72, 54, 25, 54, 40, 25, 62, 73]",0.9615788459777832,0.026439905166625977,robust,60.0
j20,36,STNU_robust,60,True,True,80.0,True,"[0, 11, 4, 5, 7, 2, 9, 4, 2, 4, 6, 2, 1, 2, 1, 9, 4, 7, 6, 1, 7, 0]","[0, 38, 0, 0, 11, 9, 49, 5, 36, 12, 16, 77, 74, 75, 79, 58, 22, 58, 38, 23, 67, 80]",0.9615788459777832,0.02576899528503418,robust,68.0
j20,36,STNU_robust,60,True,True,83.0,True,"[0, 9, 3, 6, 6, 2, 6, 4, 6, 4, 5, 2, 2, 2, 1, 11, 3, 11, 2, 1, 7, 0]","[0, 43, 0, 0, 12, 10, 52, 6, 37, 13, 17, 80, 76, 78, 82, 58, 22, 58, 43, 24, 69, 83]",0.9615788459777832,0.025624990463256836,robust,62.0
j20,37,STNU_robust,60,,False,inf,False,"[0, 2, 5, 10, 1, 2, 7, 9, 2, 6, 2, 2, 8, 8, 3, 4, 1, 1, 9, 6, 1, 0]",,inf,inf,robust,68.0
j20,37,STNU_robust,60,,False,inf,False,"[0, 2, 6, 8, 1, 2, 11, 8, 1, 7, 3, 3, 4, 5, 3, 3, 1, 1, 6, 4, 1, 0]",,inf,inf,robust,66.0
j20,37,STNU_robust,60,,False,inf,False,"[0, 2, 2, 6, 1, 3, 9, 8, 2, 6, 5, 3, 5, 5, 5, 6, 1, 1, 5, 5, 2, 0]",,inf,inf,robust,65.0
j20,37,STNU_robust,60,,False,inf,False,"[0, 1, 4, 10, 1, 2, 11, 9, 2, 8, 2, 1, 5, 6, 4, 3, 1, 1, 5, 5, 2, 0]",,inf,inf,robust,66.0
j20,37,STNU_robust,60,,False,inf,False,"[0, 2, 6, 9, 1, 3, 7, 9, 3, 6, 2, 3, 6, 5, 5, 6, 1, 1, 7, 4, 1, 0]",,inf,inf,robust,68.0
j20,37,STNU_robust,60,,False,inf,False,"[0, 2, 3, 7, 1, 3, 9, 6, 1, 11, 6, 2, 6, 8, 5, 5, 1, 1, 5, 7, 1, 0]",,inf,inf,robust,72.0
j20,37,STNU_robust,60,,False,inf,False,"[0, 1, 6, 6, 1, 2, 7, 10, 2, 6, 4, 2, 6, 8, 6, 4, 1, 1, 7, 4, 2, 0]",,inf,inf,robust,67.0
j20,37,STNU_robust,60,,False,inf,False,"[0, 1, 4, 6, 1, 4, 11, 7, 3, 10, 2, 3, 5, 6, 3, 6, 1, 1, 7, 4, 2, 0]",,inf,inf,robust,73.0
j20,37,STNU_robust,60,,False,inf,False,"[0, 2, 2, 7, 1, 3, 6, 7, 2, 7, 6, 1, 7, 4, 5, 2, 1, 1, 8, 5, 1, 0]",,inf,inf,robust,59.0
j20,38,STNU_robust,60,True,True,100.0,True,"[0, 5, 8, 6, 7, 8, 11, 2, 4, 1, 7, 8, 11, 7, 3, 2, 4, 10, 1, 5, 1, 0]","[0, 50, 26, 34, 0, 7, 0, 48, 15, 0, 19, 40, 63, 89, 60, 74, 96, 74, 48, 84, 63, 100]",1.3200538158416748,0.02643108367919922,robust,95.0
j20,38,STNU_robust,60,True,True,102.0,True,"[0, 5, 8, 8, 10, 7, 10, 3, 5, 1, 12, 4, 11, 4, 2, 2, 4, 7, 1, 4, 1, 0]","[0, 57, 34, 42, 0, 10, 0, 54, 17, 0, 22, 50, 72, 94, 70, 83, 98, 83, 54, 90, 72, 102]",1.3200538158416748,0.02543807029724121,robust,94.0
j20,38,STNU_robust,60,True,True,95.0,True,"[0, 6, 5, 6, 6, 8, 8, 3, 4, 1, 12, 7, 11, 4, 2, 1, 2, 7, 1, 6, 1, 0]","[0, 51, 30, 35, 0, 6, 0, 48, 14, 0, 18, 41, 63, 87, 61, 74, 91, 74, 48, 81, 64, 95]",1.3200538158416748,0.025464773178100586,robust,89.0
j20,38,STNU_robust,60,True,True,99.0,True,"[0, 4, 8, 6, 11, 8, 7, 4, 4, 1, 10, 5, 8, 5, 2, 1, 4, 7, 1, 6, 2, 0]","[0, 56, 33, 41, 0, 11, 0, 52, 19, 0, 23, 47, 69, 90, 67, 77, 95, 77, 52, 84, 69, 99]",1.3200538158416748,0.025948047637939453,robust,92.0
j20,38,STNU_robust,60,True,True,98.0,True,"[0, 6, 7, 11, 7, 8, 12, 2, 4, 1, 8, 6, 7, 6, 1, 3, 4, 12, 1, 3, 1, 0]","[0, 53, 27, 34, 0, 7, 0, 51, 15, 0, 19, 45, 66, 88, 65, 73, 94, 73, 51, 85, 66, 98]",1.3200538158416748,0.025418996810913086,robust,92.0
j20,38,STNU_robust,60,True,True,106.0,True,"[0, 3, 5, 11, 9, 5, 6, 6, 6, 1, 10, 7, 11, 6, 2, 1, 5, 10, 1, 6, 1, 0]","[0, 59, 30, 35, 0, 9, 0, 53, 14, 0, 20, 46, 68, 95, 66, 79, 101, 79, 53, 89, 72, 105]",1.3200538158416748,0.026835918426513672,robust,102.0
j20,38,STNU_robust,60,True,True,96.0,True,"[0, 6, 8, 7, 6, 9, 8, 2, 6, 1, 10, 5, 7, 3, 3, 1, 2, 6, 1, 7, 2, 0]","[0, 53, 31, 39, 0, 6, 0, 51, 15, 0, 21, 46, 69, 89, 66, 76, 92, 76, 51, 82, 69, 96]",1.3200538158416748,0.029670000076293945,robust,87.0
j20,38,STNU_robust,60,True,True,99.0,True,"[0, 6, 5, 6, 8, 8, 7, 4, 8, 1, 10, 6, 8, 3, 2, 3, 4, 12, 1, 5, 2, 0]","[0, 55, 34, 39, 0, 8, 0, 51, 16, 0, 24, 45, 67, 92, 65, 75, 95, 75, 51, 87, 68, 99]",1.3200538158416748,0.025721311569213867,robust,95.0
j20,38,STNU_robust,60,True,True,92.0,True,"[0, 2, 5, 8, 10, 5, 12, 3, 6, 1, 7, 8, 8, 3, 2, 1, 3, 11, 1, 3, 2, 0]","[0, 52, 28, 33, 0, 10, 0, 49, 15, 0, 21, 41, 63, 85, 61, 71, 88, 71, 49, 82, 65, 92]",1.3200538158416748,0.025453805923461914,robust,84.0
j20,38,STNU_robust,60,True,True,99.0,True,"[0, 5, 5, 7, 12, 9, 10, 5, 4, 1, 9, 4, 9, 4, 3, 2, 3, 10, 1, 3, 2, 0]","[0, 55, 34, 39, 0, 12, 0, 50, 21, 0, 25, 46, 69, 91, 66, 78, 95, 78, 50, 88, 69, 99]",1.3200538158416748,0.025485992431640625,robust,92.0
j20,39,STNU_robust,60,,False,inf,False,"[0, 3, 2, 4, 3, 9, 2, 8, 4, 1, 1, 5, 1, 3, 6, 8, 1, 6, 1, 3, 8, 0]",,inf,inf,robust,64.0
j20,39,STNU_robust,60,,False,inf,False,"[0, 6, 4, 8, 2, 11, 2, 7, 5, 2, 1, 2, 1, 3, 7, 7, 1, 3, 1, 3, 8, 0]",,inf,inf,robust,65.0
j20,39,STNU_robust,60,,False,inf,False,"[0, 6, 5, 5, 5, 6, 1, 8, 5, 2, 1, 3, 2, 5, 9, 7, 1, 2, 1, 3, 6, 0]",,inf,inf,robust,64.0
j20,39,STNU_robust,60,,False,inf,False,"[0, 5, 2, 4, 3, 11, 1, 10, 5, 1, 1, 5, 2, 5, 5, 8, 1, 6, 1, 6, 9, 0]",,inf,inf,robust,73.0
j20,39,STNU_robust,60,,False,inf,False,"[0, 6, 4, 4, 4, 11, 2, 7, 5, 2, 1, 6, 1, 2, 5, 6, 1, 2, 2, 5, 6, 0]",,inf,inf,robust,60.0
j20,40,STNU_robust,60,,False,inf,False,"[0, 11, 7, 7, 6, 3, 2, 1, 6, 5, 2, 11, 10, 7, 8, 1, 1, 1, 1, 4, 11, 0]",,inf,inf,robust,87.0
j20,40,STNU_robust,60,,False,inf,False,"[0, 8, 8, 6, 10, 4, 1, 2, 12, 6, 2, 7, 7, 6, 12, 1, 1, 1, 2, 3, 7, 0]",,inf,inf,robust,86.0
j20,40,STNU_robust,60,,False,inf,False,"[0, 11, 5, 4, 6, 6, 2, 1, 6, 7, 5, 8, 7, 6, 12, 1, 1, 1, 2, 5, 12, 0]",,inf,inf,robust,85.0
j20,40,STNU_robust,60,,False,inf,False,"[0, 11, 5, 4, 9, 6, 1, 2, 9, 8, 4, 10, 6, 11, 9, 1, 1, 1, 2, 4, 6, 0]",,inf,inf,robust,88.0
j20,40,STNU_robust,60,,False,inf,False,"[0, 10, 5, 5, 8, 3, 1, 3, 7, 7, 5, 11, 10, 9, 11, 1, 1, 1, 2, 5, 12, 0]",,inf,inf,robust,93.0
j20,40,STNU_robust,60,,False,inf,False,"[0, 6, 4, 5, 8, 3, 1, 3, 12, 4, 2, 7, 7, 11, 9, 1, 1, 1, 1, 2, 11, 0]",,inf,inf,robust,83.0
j20,40,STNU_robust,60,,False,inf,False,"[0, 11, 8, 5, 10, 5, 2, 2, 6, 7, 2, 9, 10, 10, 11, 1, 1, 1, 1, 3, 6, 0]",,inf,inf,robust,90.0
j20,40,STNU_robust,60,,False,inf,False,"[0, 10, 6, 3, 11, 4, 1, 2, 7, 4, 4, 10, 10, 6, 10, 1, 1, 1, 2, 4, 10, 0]",,inf,inf,robust,88.0
j20,40,STNU_robust,60,,False,inf,False,"[0, 7, 4, 5, 9, 3, 3, 1, 10, 6, 4, 6, 7, 8, 12, 1, 1, 1, 1, 4, 6, 0]",,inf,inf,robust,81.0
j20,40,STNU_robust,60,,False,inf,False,"[0, 12, 5, 5, 10, 2, 3, 2, 11, 5, 4, 7, 11, 10, 8, 1, 1, 1, 1, 5, 11, 0]",,inf,inf,robust,91.0
j20,41,STNU_robust,60,,False,inf,False,"[0, 3, 5, 2, 4, 4, 1, 7, 11, 2, 6, 5, 9, 1, 2, 1, 3, 5, 5, 1, 6, 0]",,inf,inf,robust,47.0
j20,42,STNU_robust,60,True,True,51.0,True,"[0, 3, 7, 6, 1, 2, 5, 2, 5, 4, 5, 10, 1, 7, 7, 3, 10, 3, 2, 1, 6, 0]","[0, 0, 8, 1, 0, 1, 3, 15, 7, 15, 33, 41, 27, 41, 28, 21, 12, 38, 28, 20, 38, 50]",0.5460159778594971,0.023258686065673828,robust,41.0
j20,42,STNU_robust,60,True,True,51.0,True,"[0, 5, 8, 4, 1, 2, 4, 1, 6, 5, 4, 11, 1, 4, 7, 2, 12, 2, 2, 1, 6, 0]","[0, 0, 9, 1, 0, 1, 5, 17, 7, 15, 33, 40, 27, 40, 28, 21, 13, 38, 28, 20, 37, 49]",0.5460159778594971,0.022971153259277344,robust,41.0
j20,42,STNU_robust,60,True,True,48.0,True,"[0, 3, 4, 2, 2, 3, 3, 1, 8, 5, 5, 9, 1, 7, 6, 2, 9, 1, 1, 1, 2, 0]","[0, 0, 6, 2, 0, 1, 3, 13, 7, 16, 33, 39, 27, 39, 28, 21, 15, 38, 28, 20, 38, 48]",0.5460159778594971,0.023327112197875977,robust,37.0
j20,42,STNU_robust,60,True,True,48.0,True,"[0, 3, 7, 3, 1, 1, 6, 2, 7, 6, 5, 6, 1, 4, 9, 3, 11, 1, 2, 2, 3, 0]","[0, 0, 9, 1, 0, 1, 3, 16, 7, 15, 33, 39, 27, 39, 28, 22, 14, 38, 28, 20, 38, 48]",0.5460159778594971,0.023363828659057617,robust,38.0
j20,42,STNU_robust,60,True,True,50.0,True,"[0, 5, 4, 2, 1, 3, 3, 1, 7, 4, 4, 7, 1, 4, 11, 1, 6, 2, 2, 1, 6, 0]","[0, 0, 8, 1, 0, 1, 5, 15, 7, 15, 33, 41, 27, 41, 28, 21, 14, 39, 28, 20, 39, 50]",0.5460159778594971,0.02312493324279785,robust,39.0
j20,42,STNU_robust,60,True,True,51.0,True,"[0, 3, 6, 6, 2, 2, 5, 2, 5, 7, 8, 9, 1, 7, 10, 2, 10, 2, 1, 1, 4, 0]","[0, 0, 8, 2, 0, 1, 3, 14, 8, 16, 34, 42, 28, 42, 29, 22, 13, 39, 29, 21, 42, 51]",0.5460159778594971,0.023808002471923828,robust,40.0
j20,42,STNU_robust,60,True,True,52.0,True,"[0, 2, 6, 6, 2, 2, 2, 3, 9, 8, 4, 10, 1, 4, 10, 2, 6, 3, 2, 2, 4, 0]","[0, 0, 4, 2, 0, 1, 2, 12, 8, 17, 34, 42, 28, 42, 29, 23, 17, 39, 29, 21, 39, 51]",0.5460159778594971,0.024512052536010742,robust,41.0
j20,42,STNU_robust,60,True,True,50.0,True,"[0, 2, 8, 4, 1, 3, 2, 2, 7, 6, 4, 11, 1, 4, 8, 1, 12, 1, 1, 2, 3, 0]","[0, 0, 4, 1, 0, 1, 2, 12, 7, 15, 33, 39, 27, 39, 28, 22, 14, 38, 28, 20, 37, 48]",0.5460159778594971,0.023823022842407227,robust,39.0
j20,42,STNU_robust,60,True,True,51.0,True,"[0, 4, 5, 6, 1, 1, 2, 2, 5, 5, 7, 7, 1, 4, 11, 1, 10, 3, 2, 1, 5, 0]","[0, 0, 6, 1, 0, 1, 4, 14, 7, 15, 33, 42, 27, 42, 28, 21, 12, 39, 28, 20, 40, 51]",0.5460159778594971,0.023037195205688477,robust,40.0
j20,42,STNU_robust,60,True,True,50.0,True,"[0, 5, 4, 5, 2, 3, 6, 2, 5, 4, 7, 7, 1, 4, 11, 1, 12, 2, 2, 1, 6, 0]","[0, 0, 11, 2, 0, 1, 5, 15, 7, 16, 33, 41, 27, 41, 28, 21, 13, 39, 28, 20, 40, 50]",0.5460159778594971,0.02347397804260254,robust,41.0
j20,44,STNU_robust,60,,False,inf,False,"[0, 2, 9, 9, 2, 3, 8, 5, 6, 2, 6, 2, 2, 1, 7, 4, 3, 1, 3, 2, 7, 0]",,inf,inf,robust,64.0
j20,44,STNU_robust,60,,False,inf,False,"[0, 3, 11, 9, 5, 3, 8, 5, 6, 1, 4, 2, 2, 1, 4, 5, 5, 1, 1, 4, 5, 0]",,inf,inf,robust,64.0
j20,44,STNU_robust,60,,False,inf,False,"[0, 1, 7, 6, 3, 5, 5, 5, 11, 2, 6, 2, 1, 1, 5, 2, 5, 1, 2, 5, 5, 0]",,inf,inf,robust,65.0
j20,45,STNU_robust,60,True,True,40.0,True,"[0, 6, 1, 6, 3, 9, 5, 2, 6, 1, 7, 4, 8, 2, 4, 1, 9, 6, 6, 4, 1, 0]","[0, 7, 14, 0, 21, 0, 0, 9, 7, 13, 0, 13, 13, 21, 30, 39, 27, 21, 13, 28, 32, 40]",0.5841059684753418,0.022816896438598633,robust,35.0
j20,45,STNU_robust,60,True,True,40.0,True,"[0, 7, 2, 12, 4, 10, 6, 3, 5, 1, 4, 4, 11, 4, 3, 1, 6, 3, 6, 3, 1, 0]","[0, 4, 16, 0, 24, 0, 0, 12, 6, 15, 0, 12, 13, 24, 30, 39, 28, 18, 15, 28, 31, 40]",0.5841059684753418,0.022330284118652344,robust,36.0
j20,45,STNU_robust,60,True,True,39.0,True,"[0, 3, 1, 11, 5, 8, 6, 2, 8, 1, 4, 4, 9, 2, 2, 1, 6, 6, 6, 4, 1, 0]","[0, 4, 15, 0, 21, 0, 0, 11, 6, 14, 0, 11, 12, 21, 30, 38, 25, 18, 14, 26, 30, 39]",0.5841059684753418,0.022223234176635742,robust,36.0
j20,45,STNU_robust,60,True,True,39.0,True,"[0, 7, 1, 11, 5, 7, 7, 2, 9, 2, 5, 5, 7, 2, 3, 1, 8, 7, 5, 3, 1, 0]","[0, 5, 18, 0, 21, 0, 0, 11, 7, 16, 0, 12, 12, 21, 30, 38, 26, 19, 16, 27, 30, 39]",0.5841059684753418,0.022362947463989258,robust,37.0
j20,45,STNU_robust,60,True,True,38.0,True,"[0, 6, 1, 6, 2, 8, 7, 3, 8, 1, 5, 3, 6, 5, 3, 1, 6, 6, 2, 2, 1, 0]","[0, 5, 16, 0, 17, 0, 0, 8, 7, 15, 0, 11, 11, 17, 30, 37, 26, 19, 15, 26, 29, 38]",0.5841059684753418,0.022335052490234375,robust,35.0
j20,45,STNU_robust,60,True,True,41.0,True,"[0, 7, 2, 12, 4, 10, 8, 5, 5, 2, 7, 6, 10, 4, 6, 1, 9, 4, 2, 6, 1, 0]","[0, 7, 19, 0, 24, 0, 0, 12, 8, 17, 0, 14, 14, 24, 30, 40, 28, 21, 17, 29, 35, 41]",0.5841059684753418,0.022322893142700195,robust,39.0
j20,45,STNU_robust,60,True,True,39.0,True,"[0, 5, 1, 11, 4, 10, 6, 3, 5, 1, 7, 7, 6, 2, 3, 1, 9, 4, 2, 4, 1, 0]","[0, 7, 15, 0, 19, 0, 0, 11, 7, 14, 0, 12, 12, 18, 30, 38, 26, 21, 14, 27, 31, 39]",0.5841059684753418,0.023360013961791992,robust,36.0
j20,45,STNU_robust,60,True,True,38.0,True,"[0, 6, 2, 8, 6, 10, 7, 4, 5, 2, 5, 5, 6, 4, 3, 1, 7, 7, 2, 3, 1, 0]","[0, 5, 16, 0, 17, 0, 0, 10, 7, 14, 0, 11, 11, 18, 30, 37, 26, 19, 14, 26, 29, 38]",0.5841059684753418,0.02375483512878418,robust,35.0
j20,45,STNU_robust,60,True,True,39.0,True,"[0, 5, 2, 11, 6, 8, 5, 2, 6, 2, 3, 4, 9, 3, 3, 1, 9, 7, 5, 2, 1, 0]","[0, 3, 15, 0, 21, 0, 0, 11, 5, 13, 0, 11, 12, 21, 30, 38, 24, 17, 13, 26, 30, 39]",0.5841059684753418,0.025964975357055664,robust,36.0
j20,45,STNU_robust,60,True,True,36.0,True,"[0, 6, 2, 6, 5, 7, 7, 6, 5, 2, 3, 6, 7, 3, 2, 1, 5, 7, 4, 5, 1, 0]","[0, 3, 15, 0, 17, 0, 0, 7, 7, 13, 0, 9, 9, 17, 30, 35, 26, 17, 13, 24, 29, 36]",0.5841059684753418,0.02556014060974121,robust,35.0
j20,46,STNU_robust,60,True,True,60.0,True,"[0, 11, 9, 2, 1, 3, 5, 7, 5, 3, 6, 7, 9, 9, 6, 6, 9, 1, 1, 12, 4, 0]","[0, 0, 0, 9, 14, 16, 11, 11, 16, 11, 32, 23, 23, 29, 26, 51, 51, 50, 32, 38, 38, 59]",0.5748741626739502,0.022555828094482422,robust,56.0
j20,46,STNU_robust,60,True,True,55.0,True,"[0, 10, 9, 2, 1, 5, 2, 11, 4, 5, 10, 7, 6, 5, 6, 5, 6, 1, 1, 7, 2, 0]","[0, 0, 0, 9, 15, 12, 10, 10, 12, 10, 30, 23, 21, 29, 25, 44, 47, 43, 31, 36, 40, 55]",0.5748741626739502,0.02227020263671875,robust,55.0
j20,46,STNU_robust,60,True,True,56.0,True,"[0, 10, 7, 2, 1, 3, 3, 9, 5, 5, 7, 6, 8, 6, 6, 7, 9, 1, 1, 6, 3, 0]","[0, 0, 0, 9, 15, 13, 10, 10, 13, 10, 29, 23, 20, 29, 25, 43, 47, 42, 31, 36, 36, 55]",0.5748741626739502,0.022038936614990234,robust,56.0
j20,46,STNU_robust,60,True,True,55.0,True,"[0, 9, 10, 4, 1, 7, 2, 11, 5, 4, 8, 6, 9, 6, 7, 6, 6, 1, 1, 6, 3, 0]","[0, 0, 0, 9, 13, 12, 10, 10, 13, 9, 30, 23, 21, 29, 24, 43, 47, 42, 31, 36, 38, 55]",0.5748741626739502,0.022392749786376953,robust,55.0
j20,46,STNU_robust,60,True,True,56.0,True,"[0, 9, 12, 5, 1, 7, 5, 11, 3, 6, 6, 6, 7, 7, 6, 7, 9, 1, 1, 8, 2, 0]","[0, 0, 0, 9, 15, 17, 12, 12, 17, 9, 31, 23, 24, 29, 24, 47, 47, 46, 31, 38, 37, 55]",0.5748741626739502,0.022177934646606445,robust,56.0
j20,46,STNU_robust,60,True,True,56.0,True,"[0, 6, 7, 3, 1, 6, 2, 6, 3, 7, 11, 12, 7, 9, 8, 7, 5, 1, 1, 9, 6, 0]","[0, 0, 0, 7, 13, 9, 7, 7, 10, 6, 35, 23, 17, 29, 21, 48, 48, 47, 29, 38, 46, 56]",0.5748741626739502,0.022418975830078125,robust,55.0
j20,46,STNU_robust,60,True,True,55.0,True,"[0, 9, 10, 4, 1, 7, 5, 11, 2, 4, 6, 10, 7, 5, 7, 8, 6, 1, 1, 7, 2, 0]","[0, 0, 0, 9, 13, 15, 10, 10, 15, 9, 33, 23, 22, 29, 24, 45, 47, 44, 31, 36, 39, 55]",0.5748741626739502,0.022735118865966797,robust,55.0
j20,46,STNU_robust,60,True,True,57.0,True,"[0, 8, 10, 2, 1, 3, 2, 7, 4, 7, 7, 6, 7, 8, 6, 6, 9, 1, 1, 10, 4, 0]","[0, 0, 0, 9, 15, 12, 10, 10, 12, 8, 29, 23, 19, 29, 23, 48, 48, 47, 29, 37, 37, 56]",0.5748741626739502,0.022612810134887695,robust,56.0
j20,46,STNU_robust,60,True,True,55.0,True,"[0, 8, 12, 2, 1, 4, 4, 12, 4, 5, 6, 12, 6, 7, 9, 4, 6, 1, 1, 8, 3, 0]","[0, 0, 0, 9, 13, 16, 12, 12, 16, 8, 35, 23, 24, 29, 24, 47, 47, 46, 33, 38, 41, 55]",0.5748741626739502,0.022417783737182617,robust,55.0
j20,46,STNU_robust,60,True,True,57.0,True,"[0, 11, 10, 4, 1, 3, 5, 11, 2, 4, 11, 6, 6, 8, 6, 5, 9, 1, 1, 10, 5, 0]","[0, 0, 0, 9, 15, 16, 11, 11, 16, 11, 29, 23, 23, 29, 26, 48, 48, 47, 32, 37, 40, 56]",0.5748741626739502,0.02244091033935547,robust,56.0
j20,47,STNU_robust,60,,False,inf,False,"[0, 3, 5, 7, 6, 6, 5, 1, 2, 2, 2, 2, 2, 2, 2, 2, 2, 1, 7, 8, 1, 0]",,inf,inf,robust,44.0
j20,47,STNU_robust,60,,False,inf,False,"[0, 4, 3, 5, 10, 8, 2, 1, 1, 1, 3, 4, 1, 2, 2, 2, 3, 2, 6, 11, 2, 0]",,inf,inf,robust,44.0
j20,47,STNU_robust,60,,False,inf,False,"[0, 3, 5, 4, 7, 5, 2, 1, 2, 1, 2, 3, 2, 5, 1, 2, 2, 1, 9, 11, 2, 0]",,inf,inf,robust,45.0
j20,47,STNU_robust,60,,False,inf,False,"[0, 3, 5, 7, 6, 6, 5, 1, 1, 1, 2, 2, 2, 5, 2, 3, 5, 1, 10, 7, 3, 0]",,inf,inf,robust,50.0
j20,47,STNU_robust,60,,False,inf,False,"[0, 5, 5, 5, 7, 5, 4, 1, 2, 2, 5, 4, 2, 3, 1, 2, 3, 2, 6, 6, 3, 0]",,inf,inf,robust,43.0
j20,47,STNU_robust,60,,False,inf,False,"[0, 4, 5, 4, 9, 9, 4, 1, 1, 1, 2, 2, 2, 5, 2, 2, 3, 2, 6, 6, 2, 0]",,inf,inf,robust,44.0
j20,47,STNU_robust,60,,False,inf,False,"[0, 3, 4, 7, 11, 7, 2, 1, 2, 2, 5, 5, 2, 2, 2, 1, 5, 1, 10, 11, 1, 0]",,inf,inf,robust,49.0
j20,47,STNU_robust,60,,False,inf,False,"[0, 3, 2, 7, 8, 5, 3, 1, 1, 2, 2, 3, 2, 3, 1, 3, 2, 1, 6, 10, 2, 0]",,inf,inf,robust,42.0
j20,47,STNU_robust,60,,False,inf,False,"[0, 4, 2, 4, 6, 7, 5, 1, 2, 1, 2, 2, 2, 4, 1, 3, 2, 2, 8, 8, 1, 0]",,inf,inf,robust,43.0
j20,47,STNU_robust,60,,False,inf,False,"[0, 4, 5, 4, 8, 9, 4, 1, 1, 1, 3, 3, 2, 4, 2, 2, 2, 1, 6, 11, 1, 0]",,inf,inf,robust,44.0
j20,48,STNU_robust,60,True,True,54.0,True,"[0, 1, 6, 10, 2, 2, 5, 9, 11, 4, 5, 1, 7, 1, 2, 11, 1, 9, 4, 6, 1, 0]","[0, 1, 0, 24, 41, 6, 13, 8, 13, 0, 25, 43, 6, 30, 48, 28, 44, 45, 44, 30, 0, 53]",0.5793149471282959,0.023136138916015625,robust,47.0
j20,48,STNU_robust,60,True,True,54.0,True,"[0, 1, 7, 11, 4, 1, 7, 10, 8, 8, 7, 1, 10, 2, 2, 7, 1, 6, 3, 5, 1, 0]","[0, 1, 0, 26, 42, 7, 18, 8, 18, 0, 26, 44, 8, 33, 48, 28, 45, 46, 45, 33, 0, 54]",0.5793149471282959,0.022717952728271484,robust,50.0
j20,48,STNU_robust,60,True,True,52.0,True,"[0, 1, 4, 11, 4, 2, 5, 6, 10, 5, 5, 1, 6, 2, 2, 8, 1, 6, 3, 7, 1, 0]","[0, 1, 0, 21, 40, 5, 11, 7, 11, 0, 24, 42, 5, 29, 46, 27, 43, 44, 43, 29, 0, 52]",0.5793149471282959,0.022845983505249023,robust,43.0
j20,48,STNU_robust,60,True,True,56.0,True,"[0, 1, 4, 7, 5, 1, 4, 7, 9, 8, 7, 1, 10, 1, 2, 9, 1, 6, 5, 4, 1, 0]","[0, 1, 0, 27, 43, 7, 18, 8, 18, 0, 27, 45, 8, 34, 51, 28, 46, 48, 46, 34, 0, 56]",0.5793149471282959,0.02273106575012207,robust,50.0
j20,48,STNU_robust,60,True,True,54.0,True,"[0, 1, 7, 7, 5, 1, 6, 7, 6, 5, 8, 1, 11, 1, 2, 11, 1, 6, 6, 4, 1, 0]","[0, 1, 0, 24, 41, 7, 18, 8, 18, 0, 25, 43, 7, 33, 50, 28, 44, 46, 44, 33, 0, 54]",0.5793149471282959,0.022778034210205078,robust,47.0
j20,48,STNU_robust,60,True,True,53.0,True,"[0, 1, 3, 8, 4, 2, 5, 9, 10, 6, 5, 1, 6, 2, 2, 7, 1, 6, 6, 4, 1, 0]","[0, 1, 0, 22, 41, 6, 12, 8, 12, 0, 25, 43, 6, 30, 50, 28, 44, 45, 44, 30, 0, 53]",0.5793149471282959,0.023298025131225586,robust,47.0
j20,48,STNU_robust,60,True,True,55.0,True,"[0, 1, 3, 11, 3, 1, 8, 11, 8, 8, 8, 1, 11, 2, 2, 11, 1, 5, 6, 8, 1, 0]","[0, 1, 0, 27, 43, 7, 19, 8, 19, 0, 27, 45, 8, 35, 52, 28, 46, 47, 46, 35, 0, 55]",0.5793149471282959,0.0239410400390625,robust,52.0
j20,48,STNU_robust,60,True,True,53.0,True,"[0, 1, 6, 10, 4, 1, 8, 7, 6, 8, 7, 1, 6, 2, 1, 10, 1, 6, 4, 4, 1, 0]","[0, 1, 0, 20, 41, 7, 14, 8, 14, 0, 25, 43, 8, 32, 48, 28, 44, 45, 44, 32, 0, 53]",0.5793149471282959,0.02334284782409668,robust,43.0
j20,48,STNU_robust,60,True,True,52.0,True,"[0, 1, 5, 10, 2, 1, 8, 7, 10, 5, 5, 1, 8, 2, 2, 8, 1, 9, 7, 6, 1, 0]","[0, 1, 0, 23, 39, 5, 13, 6, 13, 0, 23, 41, 5, 28, 49, 26, 42, 43, 42, 28, 0, 51]",0.5793149471282959,0.022738933563232422,robust,47.0
j20,48,STNU_robust,60,True,True,52.0,True,"[0, 1, 5, 6, 3, 1, 6, 6, 11, 5, 7, 1, 10, 1, 1, 11, 1, 6, 5, 5, 1, 0]","[0, 1, 0, 26, 40, 5, 15, 6, 15, 0, 24, 42, 5, 31, 48, 26, 43, 44, 43, 31, 0, 52]",0.5793149471282959,0.02295708656311035,robust,47.0
