instance_folder,instance_id,obj,method,time_limit_rescheduling,time_limit_initial,solver_calls,feasibility,real_durations,estimated_start_times,start_times,time_offline,time_online,mode,estimated_durations,obj_pi
j10,1,29.0,reactive_quantile_0.9,2,60,1,True,"[0, 2, 9, 1, 1, 2, 5, 11, 2, 3, 1, 0]","[0, 3, 0, 0, 0, 7, 24, 12, 24, 12, 5, 29]","[0, 3, 0, 0, 0, 7, 24, 12, 24, 12, 5, 29]",0.11024999618530273,0.24432110786437988,quantile_0.9,"[0, 2, 9, 1, 1, 2, 5, 11, 2, 3, 1, 0]",26.0
j10,1,29.0,reactive_quantile_0.9,2,60,1,True,"[0, 1, 7, 1, 2, 1, 3, 8, 1, 5, 1, 0]","[0, 3, 0, 0, 0, 7, 24, 12, 24, 12, 5, 29]","[0, 3, 0, 0, 0, 7, 24, 12, 24, 12, 5, 29]",0.032727956771850586,0.26857686042785645,quantile_0.9,"[0, 1, 7, 1, 2, 1, 3, 8, 1, 5, 1, 0]",26.0
j10,1,29.0,reactive_quantile_0.9,2,60,1,True,"[0, 1, 9, 1, 3, 1, 4, 10, 2, 4, 1, 0]","[0, 3, 0, 0, 0, 7, 24, 12, 24, 12, 5, 29]","[0, 3, 0, 0, 0, 7, 24, 12, 24, 12, 5, 29]",0.029814958572387695,0.21108603477478027,quantile_0.9,"[0, 1, 9, 1, 3, 1, 4, 10, 2, 4, 1, 0]",26.0
j10,1,26.0,reactive_quantile_0.9,2,60,1,True,"[0, 2, 12, 1, 3, 2, 3, 7, 2, 4, 1, 0]","[0, 3, 0, 0, 0, 7, 24, 12, 24, 12, 5, 29]","[0, 3, 0, 0, 0, 7, 19, 12, 24, 12, 5, 26]",0.03081989288330078,0.18596625328063965,quantile_0.9,"[0, 2, 12, 1, 3, 2, 3, 7, 2, 4, 1, 0]",26.0
j10,1,29.0,reactive_quantile_0.9,2,60,1,True,"[0, 2, 6, 1, 2, 1, 2, 11, 2, 5, 1, 0]","[0, 3, 0, 0, 0, 7, 24, 12, 24, 12, 5, 29]","[0, 3, 0, 0, 0, 7, 24, 12, 24, 12, 5, 29]",0.03373599052429199,0.27462196350097656,quantile_0.9,"[0, 2, 6, 1, 2, 1, 2, 11, 2, 5, 1, 0]",26.0
j10,1,26.0,reactive_quantile_0.9,2,60,1,True,"[0, 2, 6, 3, 3, 2, 3, 7, 2, 7, 1, 0]","[0, 3, 0, 0, 0, 7, 24, 12, 24, 12, 5, 29]","[0, 3, 0, 0, 0, 7, 9, 12, 24, 12, 5, 26]",0.031903982162475586,0.14968204498291016,quantile_0.9,"[0, 2, 6, 3, 3, 2, 3, 7, 2, 7, 1, 0]",26.0
j10,1,29.0,reactive_quantile_0.9,2,60,1,True,"[0, 1, 7, 1, 3, 1, 2, 11, 2, 4, 1, 0]","[0, 3, 0, 0, 0, 7, 24, 12, 24, 12, 5, 29]","[0, 3, 0, 0, 0, 7, 24, 12, 24, 12, 5, 29]",0.03149604797363281,0.21220898628234863,quantile_0.9,"[0, 1, 7, 1, 3, 1, 2, 11, 2, 4, 1, 0]",26.0
j10,1,29.0,reactive_quantile_0.9,2,60,1,True,"[0, 3, 6, 1, 2, 3, 4, 7, 1, 4, 1, 0]","[0, 3, 0, 0, 0, 7, 24, 12, 24, 12, 5, 29]","[0, 3, 0, 0, 0, 7, 24, 12, 24, 12, 5, 29]",0.030086994171142578,0.20626115798950195,quantile_0.9,"[0, 3, 6, 1, 2, 3, 4, 7, 1, 4, 1, 0]",26.0
j10,1,29.0,reactive_quantile_0.9,2,60,1,True,"[0, 3, 11, 1, 2, 2, 5, 12, 1, 3, 1, 0]","[0, 3, 0, 0, 0, 7, 24, 12, 24, 12, 5, 29]","[0, 3, 0, 0, 0, 7, 24, 12, 24, 12, 5, 29]",0.0319211483001709,0.21294903755187988,quantile_0.9,"[0, 3, 11, 1, 2, 2, 5, 12, 1, 3, 1, 0]",28.0
j10,1,26.0,reactive_quantile_0.9,2,60,1,True,"[0, 3, 8, 2, 1, 3, 2, 6, 2, 4, 1, 0]","[0, 3, 0, 0, 0, 7, 24, 12, 24, 12, 5, 29]","[0, 3, 0, 0, 0, 7, 10, 12, 24, 12, 5, 26]",0.03163290023803711,0.17838573455810547,quantile_0.9,"[0, 3, 8, 2, 1, 3, 2, 6, 2, 4, 1, 0]",26.0
j10,3,37.0,reactive_quantile_0.9,2,60,1,True,"[0, 1, 7, 1, 6, 4, 2, 2, 2, 7, 7, 0]","[0, 8, 0, 17, 23, 11, 20, 21, 30, 27, 23, 37]","[0, 8, 0, 17, 23, 11, 20, 21, 30, 27, 23, 37]",0.035945892333984375,0.25423622131347656,quantile_0.9,"[0, 1, 7, 1, 6, 4, 2, 2, 2, 7, 7, 0]",33.0
j10,3,37.0,reactive_quantile_0.9,2,60,1,True,"[0, 1, 8, 3, 7, 5, 1, 4, 6, 9, 7, 0]","[0, 8, 0, 17, 23, 11, 20, 21, 30, 27, 23, 37]","[0, 8, 0, 17, 23, 11, 20, 21, 30, 27, 23, 37]",0.03235292434692383,0.14941978454589844,quantile_0.9,"[0, 1, 8, 3, 7, 5, 1, 4, 6, 9, 7, 0]",35.0
j10,3,39.0,reactive_quantile_0.9,2,60,1,True,"[0, 1, 6, 1, 11, 5, 1, 3, 3, 12, 3, 0]","[0, 8, 0, 17, 23, 11, 20, 21, 30, 27, 23, 37]","[0, 8, 0, 17, 23, 11, 20, 21, 26, 27, 23, 37]",0.033394813537597656,0.2144758701324463,quantile_0.9,"[0, 1, 6, 1, 11, 5, 1, 3, 3, 12, 3, 0]",36.0
j10,3,37.0,reactive_quantile_0.9,2,60,1,True,"[0, 1, 5, 2, 11, 4, 2, 2, 6, 7, 3, 0]","[0, 8, 0, 17, 23, 11, 20, 21, 30, 27, 23, 37]","[0, 8, 0, 17, 23, 11, 20, 21, 26, 27, 23, 37]",0.03194594383239746,0.21034789085388184,quantile_0.9,"[0, 1, 5, 2, 11, 4, 2, 2, 6, 7, 3, 0]",33.0
j10,3,39.0,reactive_quantile_0.9,2,60,1,True,"[0, 1, 4, 2, 9, 5, 2, 2, 5, 12, 4, 0]","[0, 8, 0, 17, 23, 11, 20, 21, 30, 27, 23, 37]","[0, 8, 0, 17, 23, 11, 20, 21, 30, 27, 23, 37]",0.032182931900024414,0.24338006973266602,quantile_0.9,"[0, 1, 4, 2, 9, 5, 2, 2, 5, 12, 4, 0]",35.0
j10,3,37.0,reactive_quantile_0.9,2,60,1,True,"[0, 1, 5, 1, 6, 4, 1, 4, 6, 6, 6, 0]","[0, 8, 0, 17, 23, 11, 20, 21, 30, 27, 23, 37]","[0, 8, 0, 17, 23, 11, 20, 21, 30, 27, 23, 37]",0.032317161560058594,0.24127984046936035,quantile_0.9,"[0, 1, 5, 1, 6, 4, 1, 4, 6, 6, 6, 0]",35.0
j10,3,37.0,reactive_quantile_0.9,2,60,1,True,"[0, 1, 5, 3, 6, 7, 2, 4, 4, 7, 3, 0]","[0, 8, 0, 17, 23, 11, 20, 21, 30, 27, 23, 37]","[0, 8, 0, 17, 23, 11, 20, 21, 30, 27, 23, 37]",0.03189229965209961,0.2145240306854248,quantile_0.9,"[0, 1, 5, 3, 6, 7, 2, 4, 4, 7, 3, 0]",35.0
j10,3,39.0,reactive_quantile_0.9,2,60,1,True,"[0, 1, 5, 3, 11, 7, 2, 3, 5, 12, 3, 0]","[0, 8, 0, 17, 23, 11, 20, 21, 30, 27, 23, 37]","[0, 8, 0, 17, 23, 11, 20, 21, 30, 27, 23, 37]",0.032884836196899414,0.14886021614074707,quantile_0.9,"[0, 1, 5, 3, 11, 7, 2, 3, 5, 12, 3, 0]",36.0
j10,3,37.0,reactive_quantile_0.9,2,60,1,True,"[0, 1, 4, 3, 8, 4, 1, 4, 2, 6, 4, 0]","[0, 8, 0, 17, 23, 11, 20, 21, 30, 27, 23, 37]","[0, 8, 0, 17, 23, 11, 20, 21, 30, 27, 23, 37]",0.03348207473754883,0.24511981010437012,quantile_0.9,"[0, 1, 4, 3, 8, 4, 1, 4, 2, 6, 4, 0]",35.0
j10,3,37.0,reactive_quantile_0.9,2,60,1,True,"[0, 1, 5, 2, 9, 3, 1, 6, 4, 10, 6, 0]","[0, 8, 0, 17, 23, 11, 20, 21, 30, 27, 23, 37]","[0, 8, 0, 17, 23, 11, 20, 21, 30, 27, 23, 37]",0.031236886978149414,0.24181509017944336,quantile_0.9,"[0, 1, 5, 2, 9, 3, 1, 6, 4, 10, 6, 0]",37.0
j10,4,41.0,reactive_quantile_0.9,2,60,1,True,"[0, 8, 1, 2, 2, 8, 1, 2, 3, 7, 8, 0]","[0, 10, 9, 19, 0, 3, 9, 3, 11, 31, 11, 41]","[0, 10, 9, 19, 0, 3, 9, 3, 11, 31, 11, 41]",0.030593156814575195,0.24530267715454102,quantile_0.9,"[0, 8, 1, 2, 2, 8, 1, 2, 3, 7, 8, 0]",35.0
j10,4,41.0,reactive_quantile_0.9,2,60,1,True,"[0, 9, 1, 3, 3, 9, 1, 4, 7, 9, 8, 0]","[0, 10, 9, 19, 0, 3, 9, 3, 11, 31, 11, 41]","[0, 10, 9, 19, 0, 3, 9, 3, 11, 31, 11, 41]",0.03098273277282715,0.11879277229309082,quantile_0.9,"[0, 9, 1, 3, 3, 9, 1, 4, 7, 9, 8, 0]",39.0
j10,4,43.0,reactive_quantile_0.9,2,60,1,True,"[0, 7, 1, 4, 1, 6, 1, 3, 3, 12, 5, 0]","[0, 10, 9, 19, 0, 3, 9, 3, 11, 31, 11, 41]","[0, 10, 9, 19, 0, 3, 9, 3, 11, 31, 11, 41]",0.030169010162353516,0.25086379051208496,quantile_0.9,"[0, 7, 1, 4, 1, 6, 1, 3, 3, 12, 5, 0]",36.0
j10,4,41.0,reactive_quantile_0.9,2,60,1,True,"[0, 6, 2, 3, 2, 5, 1, 6, 4, 6, 4, 0]","[0, 10, 9, 19, 0, 3, 9, 3, 11, 31, 11, 41]","[0, 10, 9, 19, 0, 3, 9, 3, 11, 31, 11, 41]",0.0301511287689209,0.209367036819458,quantile_0.9,"[0, 6, 2, 3, 2, 5, 1, 6, 4, 6, 4, 0]",36.0
j10,4,41.0,reactive_quantile_0.9,2,60,1,True,"[0, 8, 2, 4, 2, 5, 1, 5, 4, 7, 7, 0]","[0, 10, 9, 19, 0, 3, 9, 3, 11, 31, 11, 41]","[0, 10, 9, 19, 0, 3, 9, 3, 11, 31, 11, 41]",0.03138995170593262,0.24484896659851074,quantile_0.9,"[0, 8, 2, 4, 2, 5, 1, 5, 4, 7, 7, 0]",38.0
j10,4,42.0,reactive_quantile_0.9,2,60,1,True,"[0, 9, 1, 3, 1, 7, 1, 6, 3, 11, 7, 0]","[0, 10, 9, 19, 0, 3, 9, 3, 11, 31, 11, 41]","[0, 10, 9, 19, 0, 3, 9, 3, 11, 31, 11, 41]",0.030766725540161133,0.18045592308044434,quantile_0.9,"[0, 9, 1, 3, 1, 7, 1, 6, 3, 12, 7, 0]",39.0
j10,4,41.0,reactive_quantile_0.9,2,60,1,True,"[0, 6, 1, 2, 1, 6, 1, 4, 5, 7, 4, 0]","[0, 10, 9, 19, 0, 3, 9, 3, 11, 31, 11, 41]","[0, 10, 9, 19, 0, 3, 9, 3, 11, 31, 11, 41]",0.03139901161193848,0.2995421886444092,quantile_0.9,"[0, 6, 1, 2, 1, 6, 1, 4, 5, 7, 4, 0]",34.0
j10,4,41.0,reactive_quantile_0.9,2,60,1,True,"[0, 6, 2, 6, 2, 6, 1, 5, 3, 6, 6, 0]","[0, 10, 9, 19, 0, 3, 9, 3, 11, 31, 11, 41]","[0, 10, 9, 19, 0, 3, 9, 3, 11, 31, 11, 41]",0.030061960220336914,0.2114391326904297,quantile_0.9,"[0, 6, 2, 6, 2, 6, 1, 5, 3, 6, 6, 0]",36.0
j10,4,41.0,reactive_quantile_0.9,2,60,1,True,"[0, 7, 2, 3, 1, 7, 1, 2, 3, 7, 5, 0]","[0, 10, 9, 19, 0, 3, 9, 3, 11, 31, 11, 41]","[0, 10, 9, 19, 0, 3, 9, 3, 11, 31, 11, 41]",0.0316617488861084,0.25177788734436035,quantile_0.9,"[0, 7, 2, 3, 1, 7, 1, 2, 3, 7, 5, 0]",34.0
j10,4,41.0,reactive_quantile_0.9,2,60,1,True,"[0, 8, 1, 2, 2, 9, 1, 4, 7, 9, 7, 0]","[0, 10, 9, 19, 0, 3, 9, 3, 11, 31, 11, 41]","[0, 10, 9, 19, 0, 3, 9, 3, 11, 31, 11, 41]",0.03119802474975586,0.21128511428833008,quantile_0.9,"[0, 8, 1, 2, 2, 9, 1, 4, 7, 9, 7, 0]",37.0
j10,5,36.0,reactive_quantile_0.9,2,60,1,True,"[0, 11, 9, 1, 1, 2, 6, 6, 2, 5, 6, 0]","[0, 0, 0, 11, 7, 15, 28, 17, 13, 17, 17, 36]","[0, 0, 0, 11, 7, 15, 28, 17, 13, 17, 17, 36]",0.03202700614929199,0.18499088287353516,quantile_0.9,"[0, 11, 9, 1, 1, 2, 6, 6, 2, 5, 6, 0]",30.0
j10,5,36.0,reactive_quantile_0.9,2,60,1,True,"[0, 6, 7, 1, 2, 1, 6, 5, 1, 4, 11, 0]","[0, 0, 0, 11, 7, 15, 28, 17, 13, 17, 17, 36]","[0, 0, 0, 11, 7, 15, 28, 17, 13, 17, 17, 36]",0.03183889389038086,0.27349209785461426,quantile_0.9,"[0, 6, 7, 1, 2, 1, 6, 5, 1, 4, 11, 0]",27.0
j10,5,33.0,reactive_quantile_0.9,2,60,1,True,"[0, 8, 10, 2, 1, 1, 9, 5, 1, 5, 7, 0]","[0, 0, 0, 11, 7, 15, 28, 17, 13, 17, 17, 36]","[0, 0, 0, 11, 7, 15, 24, 17, 13, 17, 17, 32]",0.03131818771362305,0.2137458324432373,quantile_0.9,"[0, 8, 10, 2, 1, 1, 9, 5, 1, 5, 7, 0]",30.0
j10,5,36.0,reactive_quantile_0.9,2,60,1,True,"[0, 7, 6, 1, 2, 2, 6, 4, 2, 2, 10, 0]","[0, 0, 0, 11, 7, 15, 28, 17, 13, 17, 17, 36]","[0, 0, 0, 11, 7, 15, 28, 17, 13, 17, 17, 36]",0.03249096870422363,0.24171113967895508,quantile_0.9,"[0, 7, 6, 1, 2, 2, 6, 4, 2, 2, 10, 0]",28.0
j10,5,36.0,reactive_quantile_0.9,2,60,1,True,"[0, 7, 6, 1, 2, 2, 7, 4, 1, 4, 9, 0]","[0, 0, 0, 11, 7, 15, 28, 17, 13, 17, 17, 36]","[0, 0, 0, 11, 7, 15, 28, 17, 13, 17, 17, 36]",0.03251910209655762,0.27230072021484375,quantile_0.9,"[0, 7, 6, 1, 2, 2, 7, 4, 1, 4, 9, 0]",27.0
j10,5,36.0,reactive_quantile_0.9,2,60,1,True,"[0, 11, 7, 2, 1, 1, 6, 6, 1, 4, 10, 0]","[0, 0, 0, 11, 7, 15, 28, 17, 13, 17, 17, 36]","[0, 0, 0, 11, 7, 15, 28, 17, 13, 17, 17, 36]",0.030719995498657227,0.24297761917114258,quantile_0.9,"[0, 11, 7, 2, 1, 1, 6, 6, 1, 4, 10, 0]",31.0
j10,5,36.0,reactive_quantile_0.9,2,60,1,True,"[0, 6, 11, 2, 2, 1, 5, 7, 2, 5, 8, 0]","[0, 0, 0, 11, 7, 15, 28, 17, 13, 17, 17, 36]","[0, 0, 0, 11, 7, 15, 28, 17, 13, 17, 17, 36]",0.03171682357788086,0.14886927604675293,quantile_0.9,"[0, 6, 11, 2, 2, 1, 5, 7, 2, 5, 8, 0]",28.0
j10,5,36.0,reactive_quantile_0.9,2,60,1,True,"[0, 8, 7, 1, 3, 2, 8, 7, 2, 3, 7, 0]","[0, 0, 0, 11, 7, 15, 28, 17, 13, 17, 17, 36]","[0, 0, 0, 11, 7, 15, 28, 17, 13, 17, 17, 36]",0.03250694274902344,0.18302416801452637,quantile_0.9,"[0, 8, 7, 1, 3, 2, 8, 7, 2, 3, 7, 0]",30.0
j10,5,36.0,reactive_quantile_0.9,2,60,1,True,"[0, 9, 6, 1, 3, 1, 6, 6, 1, 4, 6, 0]","[0, 0, 0, 11, 7, 15, 28, 17, 13, 17, 17, 36]","[0, 0, 0, 11, 7, 15, 28, 17, 13, 17, 17, 36]",0.03200387954711914,0.2753288745880127,quantile_0.9,"[0, 9, 6, 1, 3, 1, 6, 6, 1, 4, 6, 0]",26.0
j10,5,36.0,reactive_quantile_0.9,2,60,1,True,"[0, 6, 7, 2, 2, 2, 5, 3, 2, 3, 10, 0]","[0, 0, 0, 11, 7, 15, 28, 17, 13, 17, 17, 36]","[0, 0, 0, 11, 7, 15, 28, 17, 13, 17, 17, 36]",0.030932903289794922,0.21266531944274902,quantile_0.9,"[0, 6, 7, 2, 2, 2, 5, 3, 2, 3, 10, 0]",28.0
j10,6,inf,reactive_quantile_0.9,2,60,1,False,"[0, 1, 2, 3, 6, 10, 8, 6, 1, 6, 6, 0]",,,inf,inf,quantile_0.9,"[0, 2, 6, 5, 7, 12, 12, 6, 1, 11, 7, 0]",34.0
j10,7,40.0,reactive_quantile_0.9,2,60,1,True,"[0, 11, 1, 5, 10, 5, 3, 5, 2, 6, 1, 0]","[0, 0, 28, 0, 0, 12, 40, 29, 30, 29, 21, 45]","[0, 0, 28, 0, 0, 12, 35, 29, 30, 29, 21, 40]",0.03088998794555664,0.22504210472106934,quantile_0.9,"[0, 11, 1, 5, 10, 5, 3, 5, 2, 6, 1, 0]",40.0
j10,7,45.0,reactive_quantile_0.9,2,60,1,True,"[0, 7, 1, 2, 11, 9, 3, 4, 1, 11, 3, 0]","[0, 0, 28, 0, 0, 12, 40, 29, 30, 29, 21, 45]","[0, 0, 28, 0, 0, 12, 40, 29, 30, 29, 21, 45]",0.03230905532836914,0.18735575675964355,quantile_0.9,"[0, 7, 1, 2, 11, 9, 3, 4, 1, 11, 3, 0]",45.0
j10,7,42.0,reactive_quantile_0.9,2,60,1,True,"[0, 10, 1, 5, 10, 7, 6, 4, 1, 7, 2, 0]","[0, 0, 28, 0, 0, 12, 40, 29, 30, 29, 21, 45]","[0, 0, 28, 0, 0, 12, 36, 29, 30, 29, 21, 41]",0.031965017318725586,0.21399402618408203,quantile_0.9,"[0, 10, 1, 5, 10, 7, 6, 4, 1, 7, 2, 0]",42.0
j10,7,40.0,reactive_quantile_0.9,2,60,1,True,"[0, 6, 1, 4, 11, 6, 3, 3, 2, 6, 1, 0]","[0, 0, 28, 0, 0, 12, 40, 29, 30, 29, 21, 45]","[0, 0, 28, 0, 0, 12, 35, 29, 30, 29, 21, 40]",0.03131818771362305,0.2785327434539795,quantile_0.9,"[0, 6, 1, 4, 11, 6, 3, 3, 2, 6, 1, 0]",40.0
j10,7,45.0,reactive_quantile_0.9,2,60,1,True,"[0, 7, 1, 2, 6, 8, 4, 3, 1, 9, 3, 0]","[0, 0, 28, 0, 0, 12, 40, 29, 30, 29, 21, 45]","[0, 0, 28, 0, 0, 12, 40, 29, 30, 29, 21, 45]",0.030427932739257812,0.24433302879333496,quantile_0.9,"[0, 7, 1, 2, 6, 8, 4, 3, 1, 9, 3, 0]",43.0
j10,7,44.0,reactive_quantile_0.9,2,60,1,True,"[0, 11, 1, 3, 7, 8, 6, 2, 2, 9, 1, 0]","[0, 0, 28, 0, 0, 12, 40, 29, 30, 29, 21, 45]","[0, 0, 28, 0, 0, 12, 38, 29, 30, 29, 21, 43]",0.03129696846008301,0.21727800369262695,quantile_0.9,"[0, 11, 1, 3, 7, 8, 6, 2, 2, 9, 1, 0]",44.0
j10,7,45.0,reactive_quantile_0.9,2,60,1,True,"[0, 8, 1, 2, 6, 8, 3, 4, 1, 10, 2, 0]","[0, 0, 28, 0, 0, 12, 40, 29, 30, 29, 21, 45]","[0, 0, 28, 0, 0, 12, 40, 29, 30, 29, 21, 45]",0.03217315673828125,0.30044078826904297,quantile_0.9,"[0, 8, 1, 2, 6, 8, 3, 4, 1, 10, 2, 0]",44.0
j10,7,45.0,reactive_quantile_0.9,2,60,1,True,"[0, 8, 1, 5, 8, 6, 2, 3, 3, 11, 1, 0]","[0, 0, 28, 0, 0, 12, 40, 29, 30, 29, 21, 45]","[0, 0, 28, 0, 0, 12, 40, 29, 30, 29, 21, 45]",0.031762123107910156,0.18070006370544434,quantile_0.9,"[0, 8, 1, 5, 8, 6, 2, 3, 3, 11, 1, 0]",45.0
j10,7,42.0,reactive_quantile_0.9,2,60,1,True,"[0, 9, 1, 3, 7, 8, 2, 2, 3, 8, 2, 0]","[0, 0, 28, 0, 0, 12, 40, 29, 30, 29, 21, 45]","[0, 0, 28, 0, 0, 12, 37, 29, 30, 29, 21, 42]",0.03237009048461914,0.2499840259552002,quantile_0.9,"[0, 9, 1, 3, 7, 8, 2, 2, 3, 8, 2, 0]",42.0
j10,7,45.0,reactive_quantile_0.9,2,60,1,True,"[0, 9, 1, 2, 8, 5, 2, 3, 2, 11, 1, 0]","[0, 0, 28, 0, 0, 12, 40, 29, 30, 29, 21, 45]","[0, 0, 28, 0, 0, 12, 40, 29, 30, 29, 21, 45]",0.03141903877258301,0.2443690299987793,quantile_0.9,"[0, 9, 1, 2, 8, 5, 2, 3, 2, 11, 1, 0]",45.0
j10,8,43.0,reactive_quantile_0.9,2,60,1,True,"[0, 11, 9, 2, 6, 4, 2, 1, 1, 1, 2, 0]","[0, 12, 0, 10, 23, 27, 37, 40, 34, 43, 34, 44]","[0, 12, 0, 10, 23, 27, 37, 40, 34, 36, 34, 43]",0.03166794776916504,0.2462618350982666,quantile_0.9,"[0, 11, 9, 2, 6, 4, 2, 1, 1, 1, 2, 0]",40.0
j10,8,43.0,reactive_quantile_0.9,2,60,1,True,"[0, 10, 11, 2, 7, 5, 1, 3, 2, 1, 3, 0]","[0, 12, 0, 10, 23, 27, 37, 40, 34, 43, 34, 44]","[0, 12, 0, 10, 23, 27, 30, 40, 30, 35, 32, 43]",0.034403085708618164,0.19969797134399414,quantile_0.9,"[0, 10, 11, 2, 7, 5, 1, 3, 2, 1, 3, 0]",41.0
j10,8,43.0,reactive_quantile_0.9,2,60,1,True,"[0, 10, 9, 2, 8, 7, 2, 3, 1, 1, 1, 0]","[0, 12, 0, 10, 23, 27, 37, 40, 34, 43, 34, 44]","[0, 12, 0, 10, 23, 27, 31, 40, 34, 35, 34, 43]",0.03301811218261719,0.23034906387329102,quantile_0.9,"[0, 10, 9, 2, 8, 7, 2, 3, 1, 1, 1, 0]",39.0
j10,8,43.0,reactive_quantile_0.9,2,60,1,True,"[0, 7, 7, 5, 6, 4, 2, 2, 1, 1, 2, 0]","[0, 12, 0, 10, 23, 27, 37, 40, 34, 43, 34, 44]","[0, 12, 0, 10, 23, 27, 37, 40, 34, 36, 34, 43]",0.03245806694030762,0.24356794357299805,quantile_0.9,"[0, 7, 7, 5, 6, 4, 2, 2, 1, 1, 2, 0]",36.0
j10,8,43.0,reactive_quantile_0.9,2,60,1,True,"[0, 7, 6, 2, 7, 3, 1, 2, 2, 1, 3, 0]","[0, 12, 0, 10, 23, 27, 37, 40, 34, 43, 34, 44]","[0, 12, 0, 10, 23, 27, 37, 40, 34, 38, 34, 43]",0.03154397010803223,0.21728992462158203,quantile_0.9,"[0, 7, 6, 2, 7, 3, 1, 2, 2, 1, 3, 0]",35.0
j10,8,43.0,reactive_quantile_0.9,2,60,1,True,"[0, 7, 6, 4, 9, 4, 2, 1, 1, 1, 2, 0]","[0, 12, 0, 10, 23, 27, 37, 40, 34, 43, 34, 44]","[0, 12, 0, 10, 23, 27, 37, 40, 34, 36, 34, 43]",0.032618045806884766,0.28610920906066895,quantile_0.9,"[0, 7, 6, 4, 9, 4, 2, 1, 1, 1, 2, 0]",35.0
j10,8,43.0,reactive_quantile_0.9,2,60,1,True,"[0, 9, 10, 4, 10, 3, 2, 2, 1, 1, 1, 0]","[0, 12, 0, 10, 23, 27, 37, 40, 34, 43, 34, 44]","[0, 12, 0, 10, 23, 27, 37, 40, 34, 35, 34, 43]",0.031687021255493164,0.2782630920410156,quantile_0.9,"[0, 9, 10, 4, 10, 3, 2, 2, 1, 1, 1, 0]",39.0
j10,8,43.0,reactive_quantile_0.9,2,60,1,True,"[0, 10, 7, 5, 8, 5, 2, 1, 1, 1, 2, 0]","[0, 12, 0, 10, 23, 27, 37, 40, 34, 43, 34, 44]","[0, 12, 0, 10, 23, 27, 37, 40, 34, 36, 34, 43]",0.031185150146484375,0.24322795867919922,quantile_0.9,"[0, 10, 7, 5, 8, 5, 2, 1, 1, 1, 2, 0]",37.0
j10,8,43.0,reactive_quantile_0.9,2,60,1,True,"[0, 9, 12, 5, 11, 7, 2, 2, 2, 1, 3, 0]","[0, 12, 0, 10, 23, 27, 37, 40, 34, 43, 34, 44]","[0, 12, 0, 10, 23, 27, 37, 40, 34, 39, 34, 43]",0.03156685829162598,0.0898580551147461,quantile_0.9,"[0, 9, 12, 5, 11, 7, 2, 2, 2, 1, 3, 0]",41.0
j10,8,43.0,reactive_quantile_0.9,2,60,1,True,"[0, 6, 6, 4, 8, 4, 1, 3, 1, 1, 3, 0]","[0, 12, 0, 10, 23, 27, 37, 40, 34, 43, 34, 44]","[0, 12, 0, 10, 23, 27, 31, 40, 31, 32, 6, 43]",0.031243085861206055,0.21752715110778809,quantile_0.9,"[0, 6, 6, 4, 8, 4, 1, 3, 1, 1, 3, 0]",35.0
j10,9,51.0,reactive_quantile_0.9,2,60,1,True,"[0, 5, 10, 1, 7, 8, 3, 5, 7, 7, 5, 0]","[0, 0, 14, 11, 0, 13, 22, 31, 41, 34, 29, 51]","[0, 0, 14, 11, 0, 13, 22, 31, 41, 34, 29, 51]",0.03321981430053711,0.2586338520050049,quantile_0.9,"[0, 5, 10, 1, 7, 8, 3, 5, 7, 7, 5, 0]",40.0
j10,9,51.0,reactive_quantile_0.9,2,60,1,True,"[0, 6, 12, 2, 8, 9, 5, 9, 9, 7, 4, 0]","[0, 0, 14, 11, 0, 13, 22, 31, 41, 34, 29, 51]","[0, 0, 14, 11, 0, 13, 22, 31, 41, 34, 29, 51]",0.032994985580444336,0.11976385116577148,quantile_0.9,"[0, 6, 12, 2, 8, 9, 5, 9, 9, 7, 4, 0]",45.0
j10,9,49.0,reactive_quantile_0.9,2,60,1,True,"[0, 6, 11, 1, 8, 9, 4, 6, 12, 3, 4, 0]","[0, 0, 14, 11, 0, 13, 22, 31, 41, 34, 29, 51]","[0, 0, 14, 11, 0, 13, 22, 31, 37, 34, 29, 47]",0.03244376182556152,0.21971702575683594,quantile_0.9,"[0, 6, 11, 1, 8, 9, 4, 6, 12, 3, 4, 0]",42.0
j10,9,51.0,reactive_quantile_0.9,2,60,1,True,"[0, 3, 7, 2, 11, 6, 4, 5, 10, 4, 2, 0]","[0, 0, 14, 11, 0, 13, 22, 31, 41, 34, 29, 51]","[0, 0, 14, 11, 0, 13, 22, 31, 41, 34, 29, 51]",0.03314399719238281,0.2455151081085205,quantile_0.9,"[0, 3, 7, 2, 11, 6, 4, 5, 10, 4, 2, 0]",40.0
j10,9,51.0,reactive_quantile_0.9,2,60,1,True,"[0, 2, 11, 2, 8, 6, 3, 8, 12, 4, 3, 0]","[0, 0, 14, 11, 0, 13, 22, 31, 41, 34, 29, 51]","[0, 0, 14, 11, 0, 13, 22, 31, 39, 34, 29, 49]",0.033371925354003906,0.2499997615814209,quantile_0.9,"[0, 2, 11, 2, 8, 6, 3, 8, 12, 4, 3, 0]",41.0
j10,9,51.0,reactive_quantile_0.9,2,60,1,True,"[0, 5, 10, 1, 7, 8, 7, 7, 10, 3, 3, 0]","[0, 0, 14, 11, 0, 13, 22, 31, 41, 34, 29, 51]","[0, 0, 14, 11, 0, 13, 22, 31, 41, 34, 29, 51]",0.03333592414855957,0.27616381645202637,quantile_0.9,"[0, 5, 10, 1, 7, 8, 7, 7, 10, 3, 3, 0]",42.0
j10,9,51.0,reactive_quantile_0.9,2,60,1,True,"[0, 5, 7, 1, 6, 9, 4, 7, 8, 4, 2, 0]","[0, 0, 14, 11, 0, 13, 22, 31, 41, 34, 29, 51]","[0, 0, 14, 11, 0, 13, 22, 31, 41, 34, 29, 51]",0.03277111053466797,0.27776217460632324,quantile_0.9,"[0, 5, 7, 1, 6, 9, 4, 7, 8, 4, 2, 0]",40.0
j10,9,51.0,reactive_quantile_0.9,2,60,1,True,"[0, 3, 9, 2, 11, 9, 6, 6, 9, 3, 2, 0]","[0, 0, 14, 11, 0, 13, 22, 31, 41, 34, 29, 51]","[0, 0, 14, 11, 0, 13, 22, 31, 41, 34, 29, 51]",0.03246808052062988,0.2182009220123291,quantile_0.9,"[0, 3, 9, 2, 11, 9, 6, 6, 9, 3, 2, 0]",45.0
j10,9,50.0,reactive_quantile_0.9,2,60,1,True,"[0, 4, 8, 2, 7, 8, 7, 7, 12, 3, 2, 0]","[0, 0, 14, 11, 0, 13, 22, 31, 41, 34, 29, 51]","[0, 0, 14, 11, 0, 13, 22, 31, 38, 34, 29, 48]",0.034281015396118164,0.21725797653198242,quantile_0.9,"[0, 4, 8, 2, 7, 8, 7, 7, 12, 3, 2, 0]",45.0
j10,9,51.0,reactive_quantile_0.9,2,60,1,True,"[0, 3, 7, 2, 9, 5, 3, 9, 11, 5, 2, 0]","[0, 0, 14, 11, 0, 13, 22, 31, 41, 34, 29, 51]","[0, 0, 14, 11, 0, 13, 22, 31, 40, 29, 27, 50]",0.03443408012390137,0.22163820266723633,quantile_0.9,"[0, 3, 7, 2, 9, 5, 3, 9, 12, 5, 2, 0]",42.0
j10,10,38.0,reactive_quantile_0.9,2,60,1,True,"[0, 5, 1, 1, 2, 7, 2, 5, 4, 1, 3, 0]","[0, 0, 8, 6, 24, 20, 32, 19, 11, 29, 35, 39]","[0, 0, 8, 6, 24, 20, 32, 19, 11, 29, 34, 38]",0.06795477867126465,0.2823512554168701,quantile_0.9,"[0, 5, 1, 1, 2, 7, 2, 5, 4, 1, 3, 0]",26.0
j10,10,35.0,reactive_quantile_0.9,2,60,1,True,"[0, 6, 2, 1, 2, 7, 3, 2, 6, 1, 5, 0]","[0, 0, 8, 6, 24, 20, 32, 19, 11, 29, 35, 39]","[0, 0, 8, 6, 24, 20, 32, 19, 11, 7, 27, 35]",0.04855966567993164,0.22913527488708496,quantile_0.9,"[0, 6, 2, 1, 2, 7, 3, 2, 6, 1, 5, 0]",31.0
j10,10,39.0,reactive_quantile_0.9,2,60,1,True,"[0, 6, 3, 1, 2, 11, 3, 4, 8, 2, 3, 0]","[0, 0, 8, 6, 24, 20, 32, 19, 11, 29, 35, 39]","[0, 0, 8, 6, 24, 20, 32, 19, 11, 29, 35, 39]",0.047479867935180664,0.12009906768798828,quantile_0.9,"[0, 6, 3, 1, 2, 11, 3, 4, 8, 2, 3, 0]",36.0
j10,10,34.0,reactive_quantile_0.9,2,60,1,True,"[0, 2, 3, 1, 3, 7, 2, 5, 5, 2, 2, 0]","[0, 0, 8, 6, 24, 20, 32, 19, 11, 29, 35, 39]","[0, 0, 8, 6, 24, 20, 31, 19, 11, 29, 27, 34]",0.04970288276672363,0.23340916633605957,quantile_0.9,"[0, 2, 3, 1, 3, 7, 2, 5, 5, 2, 2, 0]",30.0
j10,10,34.0,reactive_quantile_0.9,2,60,1,True,"[0, 6, 2, 1, 2, 6, 2, 5, 6, 2, 2, 0]","[0, 0, 8, 6, 24, 20, 32, 19, 11, 29, 35, 39]","[0, 0, 8, 6, 24, 20, 31, 19, 11, 29, 26, 34]",0.04677414894104004,0.2350919246673584,quantile_0.9,"[0, 6, 2, 1, 2, 6, 2, 5, 6, 2, 2, 0]",29.0
j10,10,38.0,reactive_quantile_0.9,2,60,1,True,"[0, 5, 3, 1, 3, 7, 2, 5, 8, 1, 3, 0]","[0, 0, 8, 6, 24, 20, 32, 19, 11, 29, 35, 39]","[0, 0, 8, 6, 24, 20, 32, 19, 11, 29, 34, 38]",0.04807782173156738,0.19945788383483887,quantile_0.9,"[0, 5, 3, 1, 3, 7, 2, 5, 8, 1, 3, 0]",32.0
j10,10,37.0,reactive_quantile_0.9,2,60,1,True,"[0, 5, 1, 1, 4, 10, 1, 3, 7, 2, 4, 0]","[0, 0, 8, 6, 24, 20, 32, 19, 11, 29, 35, 39]","[0, 0, 8, 6, 24, 20, 32, 19, 11, 29, 33, 37]",0.04800915718078613,0.3126089572906494,quantile_0.9,"[0, 5, 1, 1, 4, 10, 1, 3, 7, 2, 4, 0]",31.0
j10,10,38.0,reactive_quantile_0.9,2,60,1,True,"[0, 2, 1, 1, 3, 8, 3, 3, 4, 3, 3, 0]","[0, 0, 8, 6, 24, 20, 32, 19, 11, 29, 35, 39]","[0, 0, 8, 6, 24, 20, 35, 19, 11, 29, 32, 38]",0.046710968017578125,0.24698710441589355,quantile_0.9,"[0, 2, 1, 1, 3, 8, 3, 3, 4, 3, 3, 0]",28.0
j10,10,37.0,reactive_quantile_0.9,2,60,1,True,"[0, 5, 3, 1, 5, 11, 1, 5, 5, 3, 2, 0]","[0, 0, 8, 6, 24, 20, 32, 19, 11, 29, 35, 39]","[0, 0, 8, 6, 24, 20, 32, 19, 11, 29, 33, 37]",0.049445152282714844,0.14202404022216797,quantile_0.9,"[0, 5, 3, 1, 5, 11, 1, 5, 5, 3, 2, 0]",33.0
j10,10,38.0,reactive_quantile_0.9,2,60,1,True,"[0, 2, 3, 1, 4, 7, 1, 4, 4, 1, 5, 0]","[0, 0, 8, 6, 24, 20, 32, 19, 11, 29, 35, 39]","[0, 0, 8, 6, 24, 20, 32, 19, 11, 29, 33, 37]",0.05059981346130371,0.23112130165100098,quantile_0.9,"[0, 2, 3, 1, 4, 7, 1, 4, 4, 1, 5, 0]",29.0
j10,11,37.0,reactive_quantile_0.9,2,60,1,True,"[0, 8, 1, 2, 4, 2, 2, 3, 2, 2, 10, 0]","[0, 18, 27, 0, 29, 5, 16, 9, 32, 29, 27, 37]","[0, 18, 27, 0, 29, 5, 16, 9, 32, 29, 27, 37]",0.03253364562988281,0.24927186965942383,quantile_0.9,"[0, 8, 1, 2, 4, 2, 2, 3, 2, 2, 10, 0]",25.0
j10,11,38.0,reactive_quantile_0.9,2,60,1,True,"[0, 9, 1, 3, 5, 1, 1, 5, 6, 1, 8, 0]","[0, 18, 27, 0, 29, 5, 16, 9, 32, 29, 27, 37]","[0, 18, 27, 0, 29, 5, 16, 9, 32, 29, 27, 37]",0.03219723701477051,0.2477130889892578,quantile_0.9,"[0, 9, 1, 3, 5, 1, 1, 5, 6, 1, 8, 0]",35.0
j10,11,37.0,reactive_quantile_0.9,2,60,1,True,"[0, 9, 2, 4, 5, 1, 2, 4, 3, 3, 6, 0]","[0, 18, 27, 0, 29, 5, 16, 9, 32, 29, 27, 37]","[0, 18, 27, 0, 29, 5, 16, 9, 32, 29, 27, 37]",0.03303098678588867,0.18465518951416016,quantile_0.9,"[0, 9, 2, 4, 5, 1, 2, 4, 3, 3, 6, 0]",34.0
j10,11,37.0,reactive_quantile_0.9,2,60,1,True,"[0, 6, 2, 5, 4, 2, 1, 7, 3, 1, 6, 0]","[0, 18, 27, 0, 29, 5, 16, 9, 32, 29, 27, 37]","[0, 18, 27, 0, 29, 5, 16, 9, 32, 29, 27, 37]",0.03315877914428711,0.183441162109375,quantile_0.9,"[0, 6, 2, 5, 4, 2, 1, 7, 3, 1, 6, 0]",27.0
j10,11,37.0,reactive_quantile_0.9,2,60,1,True,"[0, 8, 2, 4, 4, 1, 1, 6, 3, 2, 9, 0]","[0, 18, 27, 0, 29, 5, 16, 9, 32, 29, 27, 37]","[0, 18, 27, 0, 29, 5, 16, 9, 32, 29, 27, 37]",0.03319978713989258,0.27995800971984863,quantile_0.9,"[0, 8, 2, 4, 4, 1, 1, 6, 3, 2, 9, 0]",27.0
j10,11,37.0,reactive_quantile_0.9,2,60,1,True,"[0, 9, 1, 3, 6, 1, 1, 7, 2, 2, 9, 0]","[0, 18, 27, 0, 29, 5, 16, 9, 32, 29, 27, 37]","[0, 18, 27, 0, 29, 5, 16, 9, 32, 29, 27, 37]",0.03188610076904297,0.2458348274230957,quantile_0.9,"[0, 9, 1, 3, 6, 1, 1, 7, 2, 2, 9, 0]",35.0
j10,11,37.0,reactive_quantile_0.9,2,60,1,True,"[0, 6, 1, 5, 3, 1, 2, 5, 4, 2, 6, 0]","[0, 18, 27, 0, 29, 5, 16, 9, 32, 29, 27, 37]","[0, 18, 27, 0, 29, 5, 16, 9, 32, 29, 27, 37]",0.03302574157714844,0.2459561824798584,quantile_0.9,"[0, 6, 1, 5, 3, 1, 2, 5, 4, 2, 6, 0]",26.0
j10,11,37.0,reactive_quantile_0.9,2,60,1,True,"[0, 6, 2, 5, 7, 2, 2, 4, 5, 3, 6, 0]","[0, 18, 27, 0, 29, 5, 16, 9, 32, 29, 27, 37]","[0, 18, 27, 0, 29, 5, 16, 9, 32, 29, 27, 37]",0.03235602378845215,0.12226104736328125,quantile_0.9,"[0, 6, 2, 5, 7, 2, 2, 4, 5, 3, 6, 0]",27.0
j10,11,39.0,reactive_quantile_0.9,2,60,1,True,"[0, 5, 1, 4, 4, 2, 2, 7, 4, 3, 12, 0]","[0, 18, 27, 0, 29, 5, 16, 9, 32, 29, 27, 37]","[0, 18, 27, 0, 29, 5, 16, 9, 32, 29, 27, 37]",0.03273797035217285,0.16293692588806152,quantile_0.9,"[0, 5, 1, 4, 4, 2, 2, 7, 4, 3, 12, 0]",28.0
j10,11,38.0,reactive_quantile_0.9,2,60,1,True,"[0, 5, 1, 5, 4, 2, 2, 6, 2, 1, 11, 0]","[0, 18, 27, 0, 29, 5, 16, 9, 32, 29, 27, 37]","[0, 18, 27, 0, 29, 5, 16, 9, 32, 29, 27, 37]",0.03213620185852051,0.18158221244812012,quantile_0.9,"[0, 5, 1, 5, 4, 2, 2, 6, 2, 1, 12, 0]",26.0
j10,13,44.0,reactive_quantile_0.9,2,60,1,True,"[0, 2, 7, 10, 2, 1, 7, 9, 11, 6, 1, 0]","[0, 0, 0, 10, 3, 5, 16, 35, 28, 23, 9, 44]","[0, 0, 0, 10, 3, 5, 16, 35, 28, 23, 9, 44]",0.0330958366394043,0.2564108371734619,quantile_0.9,"[0, 2, 7, 10, 2, 1, 7, 9, 11, 6, 1, 0]",35.0
j10,13,44.0,reactive_quantile_0.9,2,60,1,True,"[0, 1, 5, 10, 6, 1, 12, 7, 8, 10, 1, 0]","[0, 0, 0, 10, 3, 5, 16, 35, 28, 23, 9, 44]","[0, 0, 0, 10, 3, 5, 16, 35, 28, 23, 9, 44]",0.03300929069519043,0.1816399097442627,quantile_0.9,"[0, 1, 5, 10, 6, 1, 12, 7, 8, 10, 1, 0]",38.0
j10,13,44.0,reactive_quantile_0.9,2,60,1,True,"[0, 3, 6, 10, 5, 1, 10, 8, 10, 11, 1, 0]","[0, 0, 0, 10, 3, 5, 16, 35, 28, 23, 9, 44]","[0, 0, 0, 10, 3, 5, 16, 35, 28, 23, 9, 44]",0.03284883499145508,0.21483540534973145,quantile_0.9,"[0, 3, 6, 10, 5, 1, 10, 8, 10, 11, 1, 0]",40.0
j10,13,44.0,reactive_quantile_0.9,2,60,1,True,"[0, 3, 6, 10, 3, 1, 7, 6, 12, 11, 1, 0]","[0, 0, 0, 10, 3, 5, 16, 35, 28, 23, 9, 44]","[0, 0, 0, 10, 3, 5, 16, 35, 28, 23, 9, 44]",0.03311896324157715,0.1826331615447998,quantile_0.9,"[0, 3, 6, 10, 3, 1, 7, 6, 12, 11, 1, 0]",38.0
j10,13,44.0,reactive_quantile_0.9,2,60,1,True,"[0, 2, 5, 11, 3, 1, 7, 6, 10, 7, 1, 0]","[0, 0, 0, 10, 3, 5, 16, 35, 28, 23, 9, 44]","[0, 0, 0, 10, 3, 5, 16, 35, 28, 23, 9, 44]",0.033349037170410156,0.24762988090515137,quantile_0.9,"[0, 2, 5, 11, 3, 1, 7, 6, 10, 7, 1, 0]",35.0
j10,13,44.0,reactive_quantile_0.9,2,60,1,True,"[0, 1, 4, 11, 5, 1, 8, 7, 6, 12, 1, 0]","[0, 0, 0, 10, 3, 5, 16, 35, 28, 23, 9, 44]","[0, 0, 0, 10, 3, 5, 16, 35, 28, 23, 9, 44]",0.031857967376708984,0.21318602561950684,quantile_0.9,"[0, 1, 4, 11, 5, 1, 8, 7, 6, 12, 1, 0]",36.0
j10,13,44.0,reactive_quantile_0.9,2,60,1,True,"[0, 3, 5, 7, 5, 1, 10, 6, 7, 9, 1, 0]","[0, 0, 0, 10, 3, 5, 16, 35, 28, 23, 9, 44]","[0, 0, 0, 10, 3, 5, 16, 35, 28, 23, 9, 44]",0.03272604942321777,0.21413779258728027,quantile_0.9,"[0, 3, 5, 7, 5, 1, 10, 6, 7, 9, 1, 0]",37.0
j10,13,44.0,reactive_quantile_0.9,2,60,1,True,"[0, 1, 6, 10, 2, 1, 11, 9, 7, 8, 1, 0]","[0, 0, 0, 10, 3, 5, 16, 35, 28, 23, 9, 44]","[0, 0, 0, 10, 3, 5, 16, 35, 28, 23, 9, 44]",0.03339099884033203,0.24442124366760254,quantile_0.9,"[0, 1, 6, 10, 2, 1, 11, 9, 7, 8, 1, 0]",37.0
j10,13,44.0,reactive_quantile_0.9,2,60,1,True,"[0, 1, 8, 7, 4, 1, 8, 7, 6, 12, 1, 0]","[0, 0, 0, 10, 3, 5, 16, 35, 28, 23, 9, 44]","[0, 0, 0, 10, 3, 5, 16, 35, 28, 23, 9, 44]",0.032186031341552734,0.18248605728149414,quantile_0.9,"[0, 1, 8, 7, 4, 1, 8, 7, 6, 12, 1, 0]",36.0
j10,13,43.0,reactive_quantile_0.9,2,60,1,True,"[0, 2, 7, 12, 6, 1, 9, 11, 7, 9, 1, 0]","[0, 0, 0, 10, 3, 5, 16, 35, 28, 23, 9, 44]","[0, 0, 0, 10, 3, 5, 16, 32, 28, 23, 9, 41]",0.03307795524597168,0.15487003326416016,quantile_0.9,"[0, 2, 7, 12, 6, 1, 9, 11, 7, 9, 1, 0]",41.0
j10,14,inf,reactive_quantile_0.9,2,60,1,False,"[0, 2, 9, 6, 1, 3, 6, 5, 11, 6, 2, 0]",,,inf,inf,quantile_0.9,"[0, 3, 11, 6, 1, 7, 9, 6, 11, 11, 5, 0]",33.0
j10,14,inf,reactive_quantile_0.9,2,60,1,False,"[0, 2, 10, 6, 1, 4, 7, 6, 11, 8, 2, 0]",,,inf,inf,quantile_0.9,"[0, 3, 11, 6, 1, 7, 9, 6, 11, 11, 5, 0]",33.0
j10,14,inf,reactive_quantile_0.9,2,60,1,False,"[0, 1, 8, 6, 1, 5, 9, 3, 7, 6, 4, 0]",,,inf,inf,quantile_0.9,"[0, 3, 11, 6, 1, 7, 9, 6, 11, 11, 5, 0]",31.0
j10,14,inf,reactive_quantile_0.9,2,60,1,False,"[0, 2, 7, 3, 1, 4, 6, 2, 10, 7, 2, 0]",,,inf,inf,quantile_0.9,"[0, 3, 11, 6, 1, 7, 9, 6, 11, 11, 5, 0]",32.0
j10,14,inf,reactive_quantile_0.9,2,60,1,False,"[0, 1, 11, 5, 1, 5, 6, 2, 9, 11, 3, 0]",,,inf,inf,quantile_0.9,"[0, 3, 11, 6, 1, 7, 9, 6, 11, 11, 5, 0]",31.0
j10,14,inf,reactive_quantile_0.9,2,60,1,False,"[0, 2, 9, 6, 1, 3, 6, 5, 10, 8, 2, 0]",,,inf,inf,quantile_0.9,"[0, 3, 11, 6, 1, 7, 9, 6, 11, 11, 5, 0]",32.0
j10,14,inf,reactive_quantile_0.9,2,60,1,False,"[0, 1, 11, 5, 1, 4, 7, 2, 10, 7, 5, 0]",,,inf,inf,quantile_0.9,"[0, 3, 11, 6, 1, 7, 9, 6, 11, 11, 5, 0]",32.0
j10,14,inf,reactive_quantile_0.9,2,60,1,False,"[0, 2, 7, 5, 1, 3, 5, 4, 8, 7, 5, 0]",,,inf,inf,quantile_0.9,"[0, 3, 11, 6, 1, 7, 9, 6, 11, 11, 5, 0]",31.0
j10,14,inf,reactive_quantile_0.9,2,60,1,False,"[0, 1, 8, 2, 1, 3, 6, 3, 11, 9, 2, 0]",,,inf,inf,quantile_0.9,"[0, 3, 11, 6, 1, 7, 9, 6, 11, 11, 5, 0]",33.0
j10,15,43.0,reactive_quantile_0.9,2,60,1,True,"[0, 5, 10, 3, 7, 9, 2, 1, 7, 10, 11, 0]","[0, 0, 7, 0, 24, 0, 30, 36, 13, 36, 18, 45]","[0, 0, 7, 0, 24, 0, 30, 29, 13, 33, 18, 42]",0.05719923973083496,0.2786600589752197,quantile_0.9,"[0, 5, 10, 3, 7, 9, 2, 1, 7, 11, 11, 0]",38.0
j10,15,44.0,reactive_quantile_0.9,2,60,1,True,"[0, 6, 7, 5, 10, 12, 4, 1, 9, 10, 8, 0]","[0, 0, 7, 0, 24, 0, 30, 36, 13, 36, 18, 45]","[0, 0, 7, 0, 24, 0, 30, 28, 13, 34, 18, 43]",0.04889225959777832,0.21667098999023438,quantile_0.9,"[0, 6, 7, 5, 10, 12, 4, 1, 9, 11, 8, 0]",35.0
j10,15,44.0,reactive_quantile_0.9,2,60,1,True,"[0, 6, 11, 5, 10, 7, 3, 3, 6, 11, 7, 0]","[0, 0, 7, 0, 24, 0, 30, 36, 13, 36, 18, 45]","[0, 0, 7, 0, 24, 0, 30, 34, 13, 33, 18, 42]",0.05108976364135742,0.18648386001586914,quantile_0.9,"[0, 6, 11, 5, 10, 7, 3, 3, 6, 11, 7, 0]",38.0
j10,15,45.0,reactive_quantile_0.9,2,60,1,True,"[0, 3, 11, 4, 7, 6, 6, 2, 6, 6, 11, 0]","[0, 0, 7, 0, 24, 0, 30, 36, 13, 36, 18, 45]","[0, 0, 7, 0, 24, 0, 30, 36, 13, 36, 18, 45]",0.05089306831359863,0.2475719451904297,quantile_0.9,"[0, 3, 11, 4, 7, 6, 6, 2, 6, 6, 11, 0]",38.0
j10,15,45.0,reactive_quantile_0.9,2,60,1,True,"[0, 5, 8, 4, 6, 12, 5, 3, 11, 7, 7, 0]","[0, 0, 7, 0, 24, 0, 30, 36, 13, 36, 18, 45]","[0, 0, 7, 0, 24, 0, 30, 36, 13, 36, 18, 45]",0.05102372169494629,0.2165050506591797,quantile_0.9,"[0, 5, 8, 4, 6, 12, 5, 3, 11, 7, 7, 0]",34.0
j10,15,45.0,reactive_quantile_0.9,2,60,1,True,"[0, 5, 10, 3, 7, 9, 6, 3, 10, 6, 11, 0]","[0, 0, 7, 0, 24, 0, 30, 36, 13, 36, 18, 45]","[0, 0, 7, 0, 24, 0, 30, 36, 13, 36, 18, 45]",0.04995298385620117,0.28113293647766113,quantile_0.9,"[0, 5, 10, 3, 7, 9, 6, 3, 10, 6, 11, 0]",39.0
j10,15,45.0,reactive_quantile_0.9,2,60,1,True,"[0, 5, 7, 5, 6, 10, 3, 3, 8, 7, 6, 0]","[0, 0, 7, 0, 24, 0, 30, 36, 13, 36, 18, 45]","[0, 0, 7, 0, 24, 0, 30, 36, 13, 36, 18, 45]",0.049078941345214844,0.2784090042114258,quantile_0.9,"[0, 5, 7, 5, 6, 10, 3, 3, 8, 7, 6, 0]",30.0
j10,15,45.0,reactive_quantile_0.9,2,60,1,True,"[0, 3, 9, 7, 9, 11, 3, 3, 6, 6, 8, 0]","[0, 0, 7, 0, 24, 0, 30, 36, 13, 36, 18, 45]","[0, 0, 7, 0, 24, 0, 30, 36, 13, 36, 18, 45]",0.05301022529602051,0.2520430088043213,quantile_0.9,"[0, 3, 9, 7, 9, 11, 3, 3, 6, 6, 8, 0]",36.0
j10,15,45.0,reactive_quantile_0.9,2,60,1,True,"[0, 4, 7, 6, 10, 8, 2, 1, 7, 7, 11, 0]","[0, 0, 7, 0, 24, 0, 30, 36, 13, 36, 18, 45]","[0, 0, 7, 0, 24, 0, 30, 36, 13, 36, 18, 45]",0.049365997314453125,0.31196093559265137,quantile_0.9,"[0, 4, 7, 6, 10, 8, 2, 1, 7, 7, 11, 0]",35.0
j10,15,46.0,reactive_quantile_0.9,2,60,1,True,"[0, 5, 6, 3, 11, 11, 6, 2, 8, 10, 9, 0]","[0, 0, 7, 0, 24, 0, 30, 36, 13, 36, 18, 45]","[0, 0, 7, 0, 24, 0, 30, 36, 13, 36, 18, 45]",0.04918622970581055,0.2144310474395752,quantile_0.9,"[0, 5, 6, 3, 11, 11, 6, 2, 8, 11, 9, 0]",37.0
j10,16,32.0,reactive_quantile_0.9,2,60,1,True,"[0, 7, 1, 4, 1, 4, 5, 11, 1, 1, 2, 0]","[0, 0, 8, 0, 8, 8, 13, 19, 9, 8, 31, 33]","[0, 0, 8, 0, 8, 8, 13, 19, 9, 8, 30, 32]",0.042977094650268555,0.2936680316925049,quantile_0.9,"[0, 7, 1, 4, 1, 4, 5, 11, 1, 1, 2, 0]",31.0
j10,16,31.0,reactive_quantile_0.9,2,60,1,True,"[0, 8, 2, 8, 1, 4, 4, 10, 3, 2, 1, 0]","[0, 0, 8, 0, 8, 8, 13, 19, 9, 8, 31, 33]","[0, 0, 8, 0, 8, 8, 13, 19, 9, 8, 29, 31]",0.04357600212097168,0.15505695343017578,quantile_0.9,"[0, 8, 2, 8, 1, 4, 4, 10, 3, 2, 1, 0]",29.0
j10,16,32.0,reactive_quantile_0.9,2,60,1,True,"[0, 8, 2, 8, 1, 5, 6, 11, 3, 3, 1, 0]","[0, 0, 8, 0, 8, 8, 13, 19, 9, 8, 31, 33]","[0, 0, 8, 0, 8, 8, 13, 19, 9, 8, 30, 32]",0.042643070220947266,0.09426712989807129,quantile_0.9,"[0, 8, 2, 8, 1, 5, 6, 11, 3, 3, 1, 0]",32.0
j10,16,32.0,reactive_quantile_0.9,2,60,1,True,"[0, 5, 2, 4, 1, 4, 3, 11, 3, 2, 2, 0]","[0, 0, 8, 0, 8, 8, 13, 19, 9, 8, 31, 33]","[0, 0, 8, 0, 8, 8, 13, 19, 9, 8, 30, 32]",0.0411829948425293,0.21486806869506836,quantile_0.9,"[0, 5, 2, 4, 1, 4, 3, 11, 3, 2, 2, 0]",29.0
j10,16,32.0,reactive_quantile_0.9,2,60,1,True,"[0, 4, 1, 5, 1, 3, 2, 11, 3, 2, 1, 0]","[0, 0, 8, 0, 8, 8, 13, 19, 9, 8, 31, 33]","[0, 0, 8, 0, 8, 8, 13, 19, 9, 8, 30, 32]",0.040544986724853516,0.2939908504486084,quantile_0.9,"[0, 4, 1, 5, 1, 3, 2, 11, 3, 2, 1, 0]",28.0
j10,16,31.0,reactive_quantile_0.9,2,60,1,True,"[0, 7, 1, 5, 1, 4, 5, 10, 1, 2, 2, 0]","[0, 0, 8, 0, 8, 8, 13, 19, 9, 8, 31, 33]","[0, 0, 8, 0, 8, 8, 13, 19, 9, 8, 29, 31]",0.0411372184753418,0.2921121120452881,quantile_0.9,"[0, 7, 1, 5, 1, 4, 5, 10, 1, 2, 2, 0]",30.0
j10,16,29.0,reactive_quantile_0.9,2,60,1,True,"[0, 8, 1, 8, 1, 3, 5, 7, 3, 1, 1, 0]","[0, 0, 8, 0, 8, 8, 13, 19, 9, 8, 31, 33]","[0, 0, 8, 0, 8, 8, 13, 19, 9, 8, 26, 29]",0.04256296157836914,0.18584108352661133,quantile_0.9,"[0, 8, 1, 8, 1, 3, 5, 7, 3, 1, 1, 0]",28.0
j10,16,29.0,reactive_quantile_0.9,2,60,1,True,"[0, 5, 2, 6, 1, 5, 3, 6, 3, 2, 2, 0]","[0, 0, 8, 0, 8, 8, 13, 19, 9, 8, 31, 33]","[0, 0, 8, 0, 8, 8, 13, 19, 9, 8, 25, 29]",0.042448997497558594,0.2150897979736328,quantile_0.9,"[0, 5, 2, 6, 1, 5, 3, 6, 3, 2, 2, 0]",25.0
j10,16,29.0,reactive_quantile_0.9,2,60,1,True,"[0, 8, 2, 5, 1, 6, 2, 6, 3, 3, 2, 0]","[0, 0, 8, 0, 8, 8, 13, 19, 9, 8, 31, 33]","[0, 0, 8, 0, 8, 8, 13, 19, 9, 8, 25, 29]",0.042109012603759766,0.13149499893188477,quantile_0.9,"[0, 8, 2, 5, 1, 6, 2, 6, 3, 3, 2, 0]",25.0
j10,16,33.0,reactive_quantile_0.9,2,60,1,True,"[0, 5, 2, 7, 1, 7, 4, 12, 3, 1, 1, 0]","[0, 0, 8, 0, 8, 8, 13, 19, 9, 8, 31, 33]","[0, 0, 8, 0, 8, 8, 13, 19, 9, 8, 31, 33]",0.04273509979248047,0.1859748363494873,quantile_0.9,"[0, 5, 2, 7, 1, 7, 4, 12, 3, 1, 1, 0]",31.0
j10,18,29.0,reactive_quantile_0.9,2,60,1,True,"[0, 7, 10, 1, 7, 8, 2, 1, 2, 1, 3, 0]","[0, 0, 8, 12, 0, 15, 25, 19, 19, 27, 24, 29]","[0, 0, 8, 12, 0, 15, 25, 19, 19, 27, 24, 29]",0.03150796890258789,0.26342201232910156,quantile_0.9,"[0, 7, 10, 1, 7, 8, 2, 1, 2, 1, 3, 0]",27.0
j10,18,29.0,reactive_quantile_0.9,2,60,1,True,"[0, 8, 11, 1, 12, 6, 1, 1, 4, 1, 4, 0]","[0, 0, 8, 12, 0, 15, 25, 19, 19, 27, 24, 29]","[0, 0, 8, 12, 0, 15, 25, 19, 19, 27, 24, 29]",0.03282308578491211,0.18407392501831055,quantile_0.9,"[0, 8, 11, 1, 12, 6, 1, 1, 4, 1, 4, 0]",27.0
j10,18,30.0,reactive_quantile_0.9,2,60,1,True,"[0, 8, 9, 1, 8, 9, 2, 3, 4, 1, 6, 0]","[0, 0, 8, 12, 0, 15, 25, 19, 19, 27, 24, 29]","[0, 0, 8, 12, 0, 15, 25, 19, 19, 27, 24, 29]",0.03200197219848633,0.1355876922607422,quantile_0.9,"[0, 8, 9, 1, 8, 9, 2, 3, 4, 1, 6, 0]",28.0
j10,18,29.0,reactive_quantile_0.9,2,60,1,True,"[0, 5, 7, 3, 6, 6, 2, 2, 4, 1, 3, 0]","[0, 0, 8, 12, 0, 15, 25, 19, 19, 27, 24, 29]","[0, 0, 8, 12, 0, 15, 25, 19, 19, 27, 24, 29]",0.03308987617492676,0.21873998641967773,quantile_0.9,"[0, 5, 7, 3, 6, 6, 2, 2, 4, 1, 3, 0]",26.0
j10,18,29.0,reactive_quantile_0.9,2,60,1,True,"[0, 5, 6, 1, 7, 5, 1, 2, 5, 1, 4, 0]","[0, 0, 8, 12, 0, 15, 25, 19, 19, 27, 24, 29]","[0, 0, 8, 12, 0, 15, 25, 19, 19, 27, 24, 29]",0.03188920021057129,0.2687389850616455,quantile_0.9,"[0, 5, 6, 1, 7, 5, 1, 2, 5, 1, 4, 0]",26.0
j10,18,29.0,reactive_quantile_0.9,2,60,1,True,"[0, 5, 6, 3, 9, 6, 2, 1, 2, 1, 3, 0]","[0, 0, 8, 12, 0, 15, 25, 19, 19, 27, 24, 29]","[0, 0, 8, 12, 0, 15, 25, 19, 19, 27, 24, 29]",0.03259396553039551,0.2890329360961914,quantile_0.9,"[0, 5, 6, 3, 9, 6, 2, 1, 2, 1, 3, 0]",26.0
j10,18,29.0,reactive_quantile_0.9,2,60,1,True,"[0, 7, 10, 3, 10, 5, 2, 2, 4, 1, 2, 0]","[0, 0, 8, 12, 0, 15, 25, 19, 19, 27, 24, 29]","[0, 0, 8, 12, 0, 15, 25, 19, 19, 27, 24, 29]",0.040190935134887695,0.32645392417907715,quantile_0.9,"[0, 7, 10, 3, 10, 5, 2, 2, 4, 1, 2, 0]",27.0
j10,18,29.0,reactive_quantile_0.9,2,60,1,True,"[0, 8, 7, 3, 8, 6, 1, 3, 3, 1, 5, 0]","[0, 0, 8, 12, 0, 15, 25, 19, 19, 27, 24, 29]","[0, 0, 8, 12, 0, 15, 25, 19, 19, 27, 24, 29]",0.04652905464172363,0.2764449119567871,quantile_0.9,"[0, 8, 7, 3, 8, 6, 1, 3, 3, 1, 5, 0]",27.0
j10,18,29.0,reactive_quantile_0.9,2,60,1,True,"[0, 8, 9, 2, 7, 8, 1, 1, 2, 1, 4, 0]","[0, 0, 8, 12, 0, 15, 25, 19, 19, 27, 24, 29]","[0, 0, 8, 12, 0, 15, 25, 19, 19, 27, 24, 29]",0.04764723777770996,0.36712121963500977,quantile_0.9,"[0, 8, 9, 2, 7, 8, 1, 1, 2, 1, 4, 0]",27.0
j10,18,29.0,reactive_quantile_0.9,2,60,1,True,"[0, 6, 7, 1, 8, 5, 1, 2, 3, 1, 5, 0]","[0, 0, 8, 12, 0, 15, 25, 19, 19, 27, 24, 29]","[0, 0, 8, 12, 0, 15, 25, 19, 19, 27, 24, 29]",0.04714798927307129,0.4301600456237793,quantile_0.9,"[0, 6, 7, 1, 8, 5, 1, 2, 3, 1, 5, 0]",26.0
j10,19,30.0,reactive_quantile_0.9,2,60,1,True,"[0, 6, 6, 2, 1, 2, 5, 5, 6, 2, 2, 0]","[0, 0, 0, 7, 0, 17, 12, 22, 2, 20, 15, 30]","[0, 0, 0, 7, 0, 17, 12, 22, 2, 20, 15, 30]",0.047438859939575195,0.2836458683013916,quantile_0.9,"[0, 6, 6, 2, 1, 2, 5, 5, 6, 2, 2, 0]",28.0
j10,19,30.0,reactive_quantile_0.9,2,60,1,True,"[0, 7, 3, 4, 1, 1, 4, 7, 10, 2, 2, 0]","[0, 0, 0, 7, 0, 17, 12, 22, 2, 20, 15, 30]","[0, 0, 0, 7, 0, 17, 12, 22, 2, 20, 15, 30]",0.04795503616333008,0.3229210376739502,quantile_0.9,"[0, 7, 3, 4, 1, 1, 4, 7, 10, 2, 2, 0]",28.0
j10,19,31.0,reactive_quantile_0.9,2,60,1,True,"[0, 5, 6, 3, 1, 3, 4, 9, 7, 2, 5, 0]","[0, 0, 0, 7, 0, 17, 12, 22, 2, 20, 15, 30]","[0, 0, 0, 7, 0, 16, 12, 22, 2, 20, 15, 30]",0.04700899124145508,0.18760919570922852,quantile_0.9,"[0, 5, 6, 3, 1, 3, 4, 9, 7, 2, 5, 0]",31.0
j10,19,30.0,reactive_quantile_0.9,2,60,1,True,"[0, 3, 3, 3, 1, 2, 4, 6, 7, 1, 2, 0]","[0, 0, 0, 7, 0, 17, 12, 22, 2, 20, 15, 30]","[0, 0, 0, 7, 0, 17, 12, 22, 2, 20, 15, 30]",0.04761338233947754,0.4197521209716797,quantile_0.9,"[0, 3, 3, 3, 1, 2, 4, 6, 7, 1, 2, 0]",27.0
j10,19,30.0,reactive_quantile_0.9,2,60,1,True,"[0, 4, 2, 2, 1, 2, 5, 7, 7, 1, 4, 0]","[0, 0, 0, 7, 0, 17, 12, 22, 2, 20, 15, 30]","[0, 0, 0, 7, 0, 17, 12, 22, 2, 20, 15, 30]",0.04820990562438965,0.3749699592590332,quantile_0.9,"[0, 4, 2, 2, 1, 2, 5, 7, 7, 1, 4, 0]",28.0
j10,19,30.0,reactive_quantile_0.9,2,60,1,True,"[0, 6, 3, 3, 1, 1, 2, 6, 9, 1, 4, 0]","[0, 0, 0, 7, 0, 17, 12, 22, 2, 20, 15, 30]","[0, 0, 0, 7, 0, 17, 12, 22, 2, 20, 15, 30]",0.04738116264343262,0.4203152656555176,quantile_0.9,"[0, 6, 3, 3, 1, 1, 2, 6, 9, 1, 4, 0]",25.0
j10,19,30.0,reactive_quantile_0.9,2,60,1,True,"[0, 7, 2, 3, 1, 2, 4, 5, 10, 2, 5, 0]","[0, 0, 0, 7, 0, 17, 12, 22, 2, 20, 15, 30]","[0, 0, 0, 7, 0, 17, 12, 22, 2, 20, 15, 30]",0.04808402061462402,0.2788050174713135,quantile_0.9,"[0, 7, 2, 3, 1, 2, 4, 5, 10, 2, 5, 0]",29.0
j10,19,30.0,reactive_quantile_0.9,2,60,1,True,"[0, 5, 4, 3, 1, 1, 4, 6, 9, 2, 4, 0]","[0, 0, 0, 7, 0, 17, 12, 22, 2, 20, 15, 30]","[0, 0, 0, 7, 0, 17, 12, 22, 2, 20, 15, 30]",0.04880785942077637,0.37878894805908203,quantile_0.9,"[0, 5, 4, 3, 1, 1, 4, 6, 9, 2, 4, 0]",29.0
j10,19,30.0,reactive_quantile_0.9,2,60,1,True,"[0, 7, 5, 3, 1, 2, 5, 5, 6, 1, 4, 0]","[0, 0, 0, 7, 0, 17, 12, 22, 2, 20, 15, 30]","[0, 0, 0, 7, 0, 17, 12, 22, 2, 20, 15, 30]",0.04753899574279785,0.3425760269165039,quantile_0.9,"[0, 7, 5, 3, 1, 2, 5, 5, 6, 1, 4, 0]",28.0
j10,19,30.0,reactive_quantile_0.9,2,60,1,True,"[0, 4, 5, 2, 1, 3, 4, 5, 6, 2, 5, 0]","[0, 0, 0, 7, 0, 17, 12, 22, 2, 20, 15, 30]","[0, 0, 0, 7, 0, 17, 12, 22, 2, 20, 15, 30]",0.04676699638366699,0.2821650505065918,quantile_0.9,"[0, 4, 5, 2, 1, 3, 4, 5, 6, 2, 5, 0]",29.0
j10,20,45.0,reactive_quantile_0.9,2,60,1,True,"[0, 11, 5, 1, 6, 3, 9, 11, 6, 3, 7, 0]","[0, 0, 19, 0, 6, 0, 25, 24, 24, 12, 36, 45]","[0, 0, 19, 0, 6, 0, 25, 24, 24, 12, 36, 45]",0.0694878101348877,0.42113399505615234,quantile_0.9,"[0, 11, 5, 1, 6, 3, 9, 11, 6, 3, 7, 0]",37.0
j10,20,46.0,reactive_quantile_0.9,2,60,1,True,"[0, 10, 5, 2, 10, 3, 8, 10, 12, 5, 10, 0]","[0, 0, 19, 0, 6, 0, 25, 24, 24, 12, 36, 45]","[0, 0, 19, 0, 6, 0, 25, 24, 24, 12, 36, 45]",0.07068920135498047,0.2802619934082031,quantile_0.9,"[0, 10, 5, 2, 10, 3, 8, 10, 12, 5, 11, 0]",40.0
j10,20,42.0,reactive_quantile_0.9,2,60,1,True,"[0, 9, 2, 1, 10, 4, 10, 7, 7, 3, 11, 0]","[0, 0, 19, 0, 6, 0, 25, 24, 24, 12, 36, 45]","[0, 0, 19, 0, 6, 0, 25, 24, 24, 12, 31, 40]",0.07013607025146484,0.4188568592071533,quantile_0.9,"[0, 9, 2, 1, 10, 4, 10, 7, 7, 3, 11, 0]",34.0
j10,20,45.0,reactive_quantile_0.9,2,60,1,True,"[0, 7, 3, 2, 11, 3, 7, 6, 10, 4, 6, 0]","[0, 0, 19, 0, 6, 0, 25, 24, 24, 12, 36, 45]","[0, 0, 19, 0, 6, 0, 25, 24, 24, 12, 36, 45]",0.07015681266784668,0.4260396957397461,quantile_0.9,"[0, 7, 3, 2, 11, 3, 7, 6, 10, 4, 6, 0]",33.0
j10,20,45.0,reactive_quantile_0.9,2,60,1,True,"[0, 6, 3, 2, 8, 3, 6, 12, 9, 4, 7, 0]","[0, 0, 19, 0, 6, 0, 25, 24, 24, 12, 36, 45]","[0, 0, 19, 0, 6, 0, 25, 24, 24, 12, 36, 45]",0.07089591026306152,0.37581706047058105,quantile_0.9,"[0, 6, 3, 2, 8, 3, 6, 12, 9, 4, 7, 0]",35.0
j10,20,45.0,reactive_quantile_0.9,2,60,1,True,"[0, 9, 2, 1, 7, 5, 10, 8, 10, 3, 11, 0]","[0, 0, 19, 0, 6, 0, 25, 24, 24, 12, 36, 45]","[0, 0, 19, 0, 6, 0, 25, 24, 24, 12, 34, 43]",0.13490605354309082,0.42291903495788574,quantile_0.9,"[0, 9, 2, 1, 7, 5, 10, 8, 10, 3, 11, 0]",36.0
j10,20,45.0,reactive_quantile_0.9,2,60,1,True,"[0, 9, 3, 1, 6, 6, 7, 8, 8, 4, 6, 0]","[0, 0, 19, 0, 6, 0, 25, 24, 24, 12, 36, 45]","[0, 0, 19, 0, 6, 0, 25, 24, 24, 12, 36, 45]",0.07131814956665039,0.42173171043395996,quantile_0.9,"[0, 9, 3, 1, 6, 6, 7, 8, 8, 4, 6, 0]",33.0
j10,20,45.0,reactive_quantile_0.9,2,60,1,True,"[0, 12, 3, 2, 12, 6, 9, 11, 7, 6, 6, 0]","[0, 0, 19, 0, 6, 0, 25, 24, 24, 12, 36, 45]","[0, 0, 19, 0, 6, 0, 25, 24, 24, 12, 36, 45]",0.0723731517791748,0.27994489669799805,quantile_0.9,"[0, 12, 3, 2, 12, 6, 9, 11, 7, 6, 6, 0]",38.0
j10,20,45.0,reactive_quantile_0.9,2,60,1,True,"[0, 6, 4, 1, 7, 5, 10, 8, 12, 3, 6, 0]","[0, 0, 19, 0, 6, 0, 25, 24, 24, 12, 36, 45]","[0, 0, 19, 0, 6, 0, 25, 24, 24, 12, 36, 45]",0.06985807418823242,0.4216878414154053,quantile_0.9,"[0, 6, 4, 1, 7, 5, 10, 8, 12, 3, 6, 0]",34.0
j10,20,46.0,reactive_quantile_0.9,2,60,1,True,"[0, 7, 3, 2, 9, 2, 6, 11, 11, 7, 11, 0]","[0, 0, 19, 0, 6, 0, 25, 24, 24, 12, 36, 45]","[0, 0, 19, 0, 6, 0, 25, 24, 24, 12, 35, 44]",0.06948423385620117,0.32698822021484375,quantile_0.9,"[0, 7, 3, 2, 9, 2, 6, 11, 11, 7, 11, 0]",39.0
j10,21,34.0,reactive_quantile_0.9,2,60,1,True,"[0, 6, 8, 2, 2, 2, 5, 6, 4, 2, 7, 0]","[0, 0, 0, 0, 14, 8, 15, 21, 32, 17, 14, 39]","[0, 0, 0, 0, 14, 8, 15, 21, 27, 17, 14, 34]",0.046447038650512695,0.3262767791748047,quantile_0.9,"[0, 6, 8, 2, 2, 2, 5, 6, 4, 2, 7, 0]",34.0
j10,21,37.0,reactive_quantile_0.9,2,60,1,True,"[0, 7, 5, 4, 1, 3, 3, 8, 8, 1, 5, 0]","[0, 0, 0, 0, 14, 8, 15, 21, 32, 17, 14, 39]","[0, 0, 0, 0, 14, 8, 15, 21, 29, 17, 14, 36]",0.046585798263549805,0.3262491226196289,quantile_0.9,"[0, 7, 5, 4, 1, 3, 3, 8, 8, 1, 5, 0]",37.0
j10,21,34.0,reactive_quantile_0.9,2,60,1,True,"[0, 7, 6, 6, 2, 2, 5, 6, 5, 2, 4, 0]","[0, 0, 0, 0, 14, 8, 15, 21, 32, 17, 14, 39]","[0, 0, 0, 0, 14, 8, 15, 21, 27, 17, 14, 34]",0.04804515838623047,0.32588696479797363,quantile_0.9,"[0, 7, 6, 6, 2, 2, 5, 6, 5, 2, 4, 0]",30.0
j10,21,39.0,reactive_quantile_0.9,2,60,1,True,"[0, 4, 4, 6, 2, 1, 2, 11, 7, 3, 4, 0]","[0, 0, 0, 0, 14, 8, 15, 21, 32, 17, 14, 39]","[0, 0, 0, 0, 14, 8, 15, 21, 32, 17, 14, 39]",0.04639601707458496,0.35027003288269043,quantile_0.9,"[0, 4, 4, 6, 2, 1, 2, 11, 7, 3, 4, 0]",33.0
j10,21,39.0,reactive_quantile_0.9,2,60,1,True,"[0, 3, 7, 3, 2, 1, 2, 7, 7, 1, 5, 0]","[0, 0, 0, 0, 14, 8, 15, 21, 32, 17, 14, 39]","[0, 0, 0, 0, 14, 8, 15, 21, 32, 17, 14, 39]",0.05937600135803223,0.5542941093444824,quantile_0.9,"[0, 3, 7, 3, 2, 1, 2, 7, 7, 1, 5, 0]",35.0
j10,21,35.0,reactive_quantile_0.9,2,60,1,True,"[0, 7, 4, 5, 2, 3, 5, 6, 8, 2, 5, 0]","[0, 0, 0, 0, 14, 8, 15, 21, 32, 17, 14, 39]","[0, 0, 0, 0, 14, 8, 15, 21, 27, 17, 14, 34]",0.04710197448730469,0.27961206436157227,quantile_0.9,"[0, 7, 4, 5, 2, 3, 5, 6, 8, 2, 5, 0]",35.0
j10,21,40.0,reactive_quantile_0.9,2,60,1,True,"[0, 5, 5, 2, 3, 2, 5, 11, 8, 2, 4, 0]","[0, 0, 0, 0, 14, 8, 15, 21, 32, 17, 14, 39]","[0, 0, 0, 0, 14, 8, 15, 21, 32, 17, 14, 39]",0.046170949935913086,0.27810096740722656,quantile_0.9,"[0, 5, 5, 2, 3, 2, 5, 11, 8, 2, 4, 0]",40.0
j10,21,39.0,reactive_quantile_0.9,2,60,1,True,"[0, 6, 4, 2, 3, 3, 5, 7, 7, 1, 5, 0]","[0, 0, 0, 0, 14, 8, 15, 21, 32, 17, 14, 39]","[0, 0, 0, 0, 14, 8, 15, 21, 32, 17, 14, 39]",0.04656410217285156,0.324232816696167,quantile_0.9,"[0, 6, 4, 2, 3, 3, 5, 7, 7, 1, 5, 0]",31.0
j10,21,34.0,reactive_quantile_0.9,2,60,1,True,"[0, 3, 4, 3, 2, 2, 5, 6, 4, 2, 7, 0]","[0, 0, 0, 0, 14, 8, 15, 21, 32, 17, 14, 39]","[0, 0, 0, 0, 14, 8, 15, 21, 27, 17, 14, 34]",0.04888415336608887,0.38219499588012695,quantile_0.9,"[0, 3, 4, 3, 2, 2, 5, 6, 4, 2, 7, 0]",30.0
j10,21,38.0,reactive_quantile_0.9,2,60,1,True,"[0, 5, 8, 5, 2, 2, 2, 9, 8, 1, 7, 0]","[0, 0, 0, 0, 14, 8, 15, 21, 32, 17, 14, 39]","[0, 0, 0, 0, 14, 8, 15, 21, 30, 17, 14, 37]",0.04707932472229004,0.32671689987182617,quantile_0.9,"[0, 5, 8, 5, 2, 2, 2, 9, 8, 1, 7, 0]",38.0
j10,22,39.0,reactive_quantile_0.9,2,60,1,True,"[0, 2, 1, 7, 9, 1, 1, 2, 3, 8, 3, 0]","[0, 0, 2, 15, 0, 7, 15, 22, 9, 13, 33, 39]","[0, 0, 2, 15, 0, 7, 15, 22, 9, 13, 33, 39]",0.04819917678833008,0.23450517654418945,quantile_0.9,"[0, 2, 1, 7, 9, 1, 1, 2, 3, 8, 3, 0]",36.0
j10,22,39.0,reactive_quantile_0.9,2,60,1,True,"[0, 1, 1, 5, 9, 2, 1, 2, 6, 6, 5, 0]","[0, 0, 2, 15, 0, 7, 15, 22, 9, 13, 33, 39]","[0, 0, 2, 15, 0, 7, 15, 22, 9, 13, 33, 39]",0.04822993278503418,0.18750905990600586,quantile_0.9,"[0, 1, 1, 5, 9, 2, 1, 2, 6, 6, 5, 0]",29.0
j10,22,39.0,reactive_quantile_0.9,2,60,1,True,"[0, 1, 1, 6, 9, 2, 1, 1, 4, 9, 5, 0]","[0, 0, 2, 15, 0, 7, 15, 22, 9, 13, 33, 39]","[0, 0, 2, 15, 0, 7, 15, 22, 9, 13, 33, 39]",0.049043893814086914,0.23681402206420898,quantile_0.9,"[0, 1, 1, 6, 9, 2, 1, 1, 4, 9, 5, 0]",37.0
j10,22,39.0,reactive_quantile_0.9,2,60,1,True,"[0, 1, 1, 5, 6, 2, 1, 1, 2, 6, 4, 0]","[0, 0, 2, 15, 0, 7, 15, 22, 9, 13, 33, 39]","[0, 0, 2, 15, 0, 7, 15, 22, 9, 13, 33, 39]",0.04804682731628418,0.3294541835784912,quantile_0.9,"[0, 1, 1, 5, 6, 2, 1, 1, 2, 6, 4, 0]",29.0
j10,22,39.0,reactive_quantile_0.9,2,60,1,True,"[0, 2, 1, 5, 6, 1, 1, 1, 3, 5, 3, 0]","[0, 0, 2, 15, 0, 7, 15, 22, 9, 13, 33, 39]","[0, 0, 2, 15, 0, 7, 15, 22, 9, 13, 33, 39]",0.04808783531188965,0.32657909393310547,quantile_0.9,"[0, 2, 1, 5, 6, 1, 1, 1, 3, 5, 3, 0]",29.0
j10,22,39.0,reactive_quantile_0.9,2,60,1,True,"[0, 2, 1, 7, 7, 2, 1, 1, 5, 6, 4, 0]","[0, 0, 2, 15, 0, 7, 15, 22, 9, 13, 33, 39]","[0, 0, 2, 15, 0, 7, 15, 22, 9, 13, 33, 39]",0.04831385612487793,0.28272318840026855,quantile_0.9,"[0, 2, 1, 7, 7, 2, 1, 1, 5, 6, 4, 0]",38.0
j10,22,40.0,reactive_quantile_0.9,2,60,1,True,"[0, 2, 1, 8, 5, 2, 1, 2, 6, 7, 7, 0]","[0, 0, 2, 15, 0, 7, 15, 22, 9, 13, 33, 39]","[0, 0, 2, 15, 0, 7, 15, 20, 9, 13, 33, 39]",0.04805898666381836,0.09261417388916016,quantile_0.9,"[0, 2, 1, 8, 5, 2, 1, 2, 6, 7, 7, 0]",40.0
j10,22,39.0,reactive_quantile_0.9,2,60,1,True,"[0, 1, 1, 7, 6, 1, 1, 2, 2, 9, 4, 0]","[0, 0, 2, 15, 0, 7, 15, 22, 9, 13, 33, 39]","[0, 0, 2, 15, 0, 7, 15, 22, 9, 13, 33, 39]",0.04879307746887207,0.28282594680786133,quantile_0.9,"[0, 1, 1, 7, 6, 1, 1, 2, 2, 9, 4, 0]",35.0
j10,22,40.0,reactive_quantile_0.9,2,60,1,True,"[0, 2, 1, 6, 7, 2, 1, 1, 3, 8, 7, 0]","[0, 0, 2, 15, 0, 7, 15, 22, 9, 13, 33, 39]","[0, 0, 2, 15, 0, 7, 15, 12, 9, 13, 33, 39]",0.048171043395996094,0.23576998710632324,quantile_0.9,"[0, 2, 1, 6, 7, 2, 1, 1, 3, 8, 7, 0]",37.0
j10,22,39.0,reactive_quantile_0.9,2,60,1,True,"[0, 2, 1, 5, 8, 1, 1, 1, 2, 7, 5, 0]","[0, 0, 2, 15, 0, 7, 15, 22, 9, 13, 33, 39]","[0, 0, 2, 15, 0, 7, 15, 22, 9, 13, 33, 39]",0.04806399345397949,0.327739953994751,quantile_0.9,"[0, 2, 1, 5, 8, 1, 1, 1, 2, 7, 5, 0]",29.0
j10,23,inf,reactive_quantile_0.9,2,60,1,False,"[0, 7, 1, 6, 5, 2, 6, 3, 3, 7, 9, 0]",,,inf,inf,quantile_0.9,"[0, 8, 2, 12, 8, 3, 11, 7, 6, 7, 9, 0]",34.0
j10,23,inf,reactive_quantile_0.9,2,60,1,False,"[0, 5, 1, 10, 6, 1, 9, 7, 4, 7, 7, 0]",,,inf,inf,quantile_0.9,"[0, 8, 2, 12, 8, 3, 11, 7, 6, 7, 9, 0]",34.0
j10,23,inf,reactive_quantile_0.9,2,60,1,False,"[0, 8, 2, 7, 5, 3, 6, 4, 3, 4, 6, 0]",,,inf,inf,quantile_0.9,"[0, 8, 2, 12, 8, 3, 11, 7, 6, 7, 9, 0]",34.0
j10,23,inf,reactive_quantile_0.9,2,60,1,False,"[0, 4, 1, 7, 4, 1, 11, 6, 4, 4, 5, 0]",,,inf,inf,quantile_0.9,"[0, 8, 2, 12, 8, 3, 11, 7, 6, 7, 9, 0]",34.0
j10,23,inf,reactive_quantile_0.9,2,60,1,False,"[0, 7, 1, 11, 5, 2, 9, 7, 2, 4, 8, 0]",,,inf,inf,quantile_0.9,"[0, 8, 2, 12, 8, 3, 11, 7, 6, 7, 9, 0]",34.0
j10,23,inf,reactive_quantile_0.9,2,60,1,False,"[0, 8, 1, 10, 4, 2, 9, 4, 4, 3, 9, 0]",,,inf,inf,quantile_0.9,"[0, 8, 2, 12, 8, 3, 11, 7, 6, 7, 9, 0]",34.0
j10,23,inf,reactive_quantile_0.9,2,60,1,False,"[0, 5, 2, 8, 6, 2, 6, 4, 5, 7, 8, 0]",,,inf,inf,quantile_0.9,"[0, 8, 2, 12, 8, 3, 11, 7, 6, 7, 9, 0]",34.0
j10,23,inf,reactive_quantile_0.9,2,60,1,False,"[0, 5, 2, 12, 4, 1, 8, 5, 3, 6, 9, 0]",,,inf,inf,quantile_0.9,"[0, 8, 2, 12, 8, 3, 11, 7, 6, 7, 9, 0]",34.0
j10,23,inf,reactive_quantile_0.9,2,60,1,False,"[0, 6, 1, 12, 4, 1, 7, 4, 5, 3, 5, 0]",,,inf,inf,quantile_0.9,"[0, 8, 2, 12, 8, 3, 11, 7, 6, 7, 9, 0]",34.0
j10,23,inf,reactive_quantile_0.9,2,60,1,False,"[0, 8, 2, 12, 6, 1, 9, 6, 2, 6, 9, 0]",,,inf,inf,quantile_0.9,"[0, 8, 2, 12, 8, 3, 11, 7, 6, 7, 9, 0]",34.0
j10,24,33.0,reactive_quantile_0.9,2,60,1,True,"[0, 2, 1, 1, 3, 7, 2, 1, 1, 5, 5, 0]","[0, 0, 0, 0, 0, 9, 9, 3, 2, 14, 25, 33]","[0, 0, 0, 0, 0, 9, 9, 3, 2, 14, 25, 33]",0.04836893081665039,0.22642087936401367,quantile_0.9,"[0, 2, 1, 1, 3, 7, 2, 1, 1, 5, 5, 0]",33.0
j10,24,33.0,reactive_quantile_0.9,2,60,1,True,"[0, 2, 1, 1, 7, 7, 1, 1, 1, 9, 7, 0]","[0, 0, 0, 0, 0, 9, 9, 3, 2, 14, 25, 33]","[0, 0, 0, 0, 0, 9, 9, 3, 2, 14, 25, 33]",0.04561567306518555,0.18143892288208008,quantile_0.9,"[0, 2, 1, 1, 7, 7, 1, 1, 1, 9, 7, 0]",33.0
j10,24,34.0,reactive_quantile_0.9,2,60,1,True,"[0, 1, 1, 1, 5, 10, 2, 1, 1, 7, 9, 0]","[0, 0, 0, 0, 0, 9, 9, 3, 2, 14, 25, 33]","[0, 0, 0, 0, 0, 9, 9, 3, 2, 14, 25, 33]",0.046141862869262695,0.22547197341918945,quantile_0.9,"[0, 1, 1, 1, 5, 10, 2, 1, 1, 7, 9, 0]",34.0
j10,24,33.0,reactive_quantile_0.9,2,60,1,True,"[0, 2, 2, 1, 4, 6, 1, 1, 1, 6, 6, 0]","[0, 0, 0, 0, 0, 9, 9, 3, 2, 14, 25, 33]","[0, 0, 0, 0, 0, 9, 9, 3, 2, 14, 25, 33]",0.046382904052734375,0.2724478244781494,quantile_0.9,"[0, 2, 2, 1, 4, 6, 1, 1, 1, 6, 6, 0]",33.0
j10,24,33.0,reactive_quantile_0.9,2,60,1,True,"[0, 2, 2, 1, 4, 7, 1, 1, 1, 9, 6, 0]","[0, 0, 0, 0, 0, 9, 9, 3, 2, 14, 25, 33]","[0, 0, 0, 0, 0, 9, 9, 3, 2, 14, 25, 33]",0.045263051986694336,0.22347307205200195,quantile_0.9,"[0, 2, 2, 1, 4, 7, 1, 1, 1, 9, 6, 0]",33.0
j10,24,33.0,reactive_quantile_0.9,2,60,1,True,"[0, 1, 1, 1, 6, 8, 2, 1, 1, 5, 8, 0]","[0, 0, 0, 0, 0, 9, 9, 3, 2, 14, 25, 33]","[0, 0, 0, 0, 0, 9, 9, 3, 2, 14, 25, 33]",0.04497504234313965,0.27158308029174805,quantile_0.9,"[0, 1, 1, 1, 6, 8, 2, 1, 1, 5, 8, 0]",33.0
j10,24,33.0,reactive_quantile_0.9,2,60,1,True,"[0, 1, 2, 1, 4, 7, 2, 1, 1, 9, 5, 0]","[0, 0, 0, 0, 0, 9, 9, 3, 2, 14, 25, 33]","[0, 0, 0, 0, 0, 9, 9, 3, 2, 14, 25, 33]",0.045311927795410156,0.22504973411560059,quantile_0.9,"[0, 1, 2, 1, 4, 7, 2, 1, 1, 9, 5, 0]",33.0
j10,24,33.0,reactive_quantile_0.9,2,60,1,True,"[0, 2, 1, 1, 5, 10, 1, 1, 1, 8, 6, 0]","[0, 0, 0, 0, 0, 9, 9, 3, 2, 14, 25, 33]","[0, 0, 0, 0, 0, 9, 9, 3, 2, 14, 25, 33]",0.04537391662597656,0.27036499977111816,quantile_0.9,"[0, 2, 1, 1, 5, 10, 1, 1, 1, 8, 6, 0]",33.0
j10,24,33.0,reactive_quantile_0.9,2,60,1,True,"[0, 1, 1, 1, 7, 7, 2, 1, 1, 7, 7, 0]","[0, 0, 0, 0, 0, 9, 9, 3, 2, 14, 25, 33]","[0, 0, 0, 0, 0, 9, 9, 3, 2, 14, 25, 33]",0.04698586463928223,0.2246410846710205,quantile_0.9,"[0, 1, 1, 1, 7, 7, 2, 1, 1, 7, 7, 0]",33.0
j10,24,33.0,reactive_quantile_0.9,2,60,1,True,"[0, 2, 1, 1, 4, 9, 2, 1, 1, 9, 8, 0]","[0, 0, 0, 0, 0, 9, 9, 3, 2, 14, 25, 33]","[0, 0, 0, 0, 0, 9, 9, 3, 2, 14, 25, 33]",0.04421877861022949,0.17790007591247559,quantile_0.9,"[0, 2, 1, 1, 4, 9, 2, 1, 1, 9, 8, 0]",33.0
j10,25,36.0,reactive_quantile_0.9,2,60,1,True,"[0, 11, 1, 6, 1, 1, 7, 9, 2, 1, 2, 0]","[0, 0, 7, 0, 8, 11, 24, 12, 36, 17, 42, 45]","[0, 0, 7, 0, 8, 11, 24, 12, 31, 17, 33, 36]",0.04808187484741211,0.40563416481018066,quantile_0.9,"[0, 11, 1, 6, 1, 1, 7, 9, 2, 1, 2, 0]",35.0
j10,25,41.0,reactive_quantile_0.9,2,60,1,True,"[0, 10, 1, 7, 3, 2, 8, 10, 4, 1, 1, 0]","[0, 0, 7, 0, 8, 11, 24, 12, 36, 17, 42, 45]","[0, 0, 7, 0, 8, 11, 24, 12, 36, 17, 32, 41]",0.04667377471923828,0.2723808288574219,quantile_0.9,"[0, 10, 1, 7, 3, 2, 8, 10, 4, 1, 1, 0]",36.0
j10,25,41.0,reactive_quantile_0.9,2,60,1,True,"[0, 8, 1, 7, 2, 1, 8, 10, 3, 2, 3, 0]","[0, 0, 7, 0, 8, 11, 24, 12, 36, 17, 42, 45]","[0, 0, 7, 0, 8, 11, 24, 12, 36, 17, 32, 41]",0.04546213150024414,0.3166940212249756,quantile_0.9,"[0, 8, 1, 7, 2, 1, 8, 10, 3, 2, 3, 0]",36.0
j10,25,41.0,reactive_quantile_0.9,2,60,1,True,"[0, 6, 1, 4, 2, 2, 11, 12, 3, 2, 1, 0]","[0, 0, 7, 0, 8, 11, 24, 12, 36, 17, 42, 45]","[0, 0, 7, 0, 8, 11, 24, 12, 36, 17, 35, 41]",0.046376943588256836,0.3166158199310303,quantile_0.9,"[0, 6, 1, 4, 2, 2, 11, 12, 3, 2, 1, 0]",41.0
j10,25,41.0,reactive_quantile_0.9,2,60,1,True,"[0, 10, 1, 4, 1, 1, 11, 9, 4, 2, 1, 0]","[0, 0, 7, 0, 8, 11, 24, 12, 36, 17, 42, 45]","[0, 0, 7, 0, 8, 11, 24, 12, 36, 17, 35, 41]",0.04569411277770996,0.40665102005004883,quantile_0.9,"[0, 10, 1, 4, 1, 1, 11, 9, 4, 2, 1, 0]",38.0
j10,25,41.0,reactive_quantile_0.9,2,60,1,True,"[0, 12, 1, 6, 3, 2, 7, 7, 5, 1, 1, 0]","[0, 0, 7, 0, 8, 11, 24, 12, 36, 17, 42, 45]","[0, 0, 7, 0, 8, 11, 24, 12, 36, 17, 31, 41]",0.046208858489990234,0.2700660228729248,quantile_0.9,"[0, 12, 1, 6, 3, 2, 7, 7, 5, 1, 1, 0]",35.0
j10,25,44.0,reactive_quantile_0.9,2,60,1,True,"[0, 7, 1, 6, 1, 1, 10, 6, 5, 2, 3, 0]","[0, 0, 7, 0, 8, 11, 24, 12, 36, 17, 42, 45]","[0, 0, 7, 0, 8, 11, 24, 12, 36, 17, 41, 44]",0.04560399055480957,0.3622589111328125,quantile_0.9,"[0, 7, 1, 6, 1, 1, 10, 6, 5, 2, 3, 0]",36.0
j10,25,41.0,reactive_quantile_0.9,2,60,1,True,"[0, 6, 1, 7, 2, 2, 8, 8, 3, 1, 3, 0]","[0, 0, 7, 0, 8, 11, 24, 12, 36, 17, 42, 45]","[0, 0, 7, 0, 8, 11, 24, 12, 36, 17, 32, 41]",0.04517102241516113,0.2724599838256836,quantile_0.9,"[0, 6, 1, 7, 2, 2, 8, 8, 3, 1, 3, 0]",36.0
j10,25,45.0,reactive_quantile_0.9,2,60,1,True,"[0, 7, 1, 6, 3, 2, 11, 10, 5, 2, 2, 0]","[0, 0, 7, 0, 8, 11, 24, 12, 36, 17, 42, 45]","[0, 0, 7, 0, 8, 11, 24, 12, 36, 17, 42, 45]",0.04544687271118164,0.3117659091949463,quantile_0.9,"[0, 7, 1, 6, 3, 2, 11, 10, 5, 2, 2, 0]",40.0
j10,25,41.0,reactive_quantile_0.9,2,60,1,True,"[0, 9, 1, 3, 1, 1, 8, 7, 5, 1, 3, 0]","[0, 0, 7, 0, 8, 11, 24, 12, 36, 17, 42, 45]","[0, 0, 7, 0, 8, 11, 24, 12, 36, 17, 32, 41]",0.04704403877258301,0.36341094970703125,quantile_0.9,"[0, 9, 1, 3, 1, 1, 8, 7, 5, 1, 3, 0]",35.0
j10,28,35.0,reactive_quantile_0.9,2,60,1,True,"[0, 1, 11, 6, 7, 1, 3, 9, 11, 2, 2, 0]","[0, 3, 1, 7, 0, 0, 7, 26, 22, 12, 20, 35]","[0, 3, 1, 7, 0, 0, 7, 26, 22, 12, 20, 35]",0.0475006103515625,0.28163981437683105,quantile_0.9,"[0, 1, 11, 6, 7, 1, 3, 9, 11, 2, 2, 0]",32.0
j10,28,35.0,reactive_quantile_0.9,2,60,1,True,"[0, 1, 6, 4, 7, 2, 6, 7, 8, 1, 4, 0]","[0, 3, 1, 7, 0, 0, 7, 26, 22, 12, 20, 35]","[0, 3, 1, 7, 0, 0, 7, 26, 22, 12, 20, 35]",0.04560708999633789,0.3188798427581787,quantile_0.9,"[0, 1, 6, 4, 7, 2, 6, 7, 8, 1, 4, 0]",33.0
j10,28,37.0,reactive_quantile_0.9,2,60,1,True,"[0, 1, 10, 6, 7, 3, 6, 11, 12, 1, 6, 0]","[0, 3, 1, 7, 0, 0, 7, 26, 22, 12, 20, 35]","[0, 3, 1, 7, 0, 0, 7, 26, 22, 12, 20, 35]",0.04698896408081055,0.13425087928771973,quantile_0.9,"[0, 1, 10, 6, 7, 3, 6, 11, 12, 1, 6, 0]",37.0
j10,28,35.0,reactive_quantile_0.9,2,60,1,True,"[0, 1, 7, 4, 3, 3, 3, 7, 11, 1, 3, 0]","[0, 3, 1, 7, 0, 0, 7, 26, 22, 12, 20, 35]","[0, 3, 1, 7, 0, 0, 7, 26, 22, 12, 20, 35]",0.05041694641113281,0.36207008361816406,quantile_0.9,"[0, 1, 7, 4, 3, 3, 3, 7, 11, 1, 3, 0]",32.0
j10,28,35.0,reactive_quantile_0.9,2,60,1,True,"[0, 1, 7, 3, 7, 2, 2, 6, 11, 2, 4, 0]","[0, 3, 1, 7, 0, 0, 7, 26, 22, 12, 20, 35]","[0, 3, 1, 7, 0, 0, 7, 26, 22, 12, 20, 35]",0.04545116424560547,0.3179183006286621,quantile_0.9,"[0, 1, 7, 3, 7, 2, 2, 6, 11, 2, 4, 0]",32.0
j10,28,35.0,reactive_quantile_0.9,2,60,1,True,"[0, 1, 7, 3, 6, 3, 3, 7, 9, 1, 2, 0]","[0, 3, 1, 7, 0, 0, 7, 26, 22, 12, 20, 35]","[0, 3, 1, 7, 0, 0, 7, 26, 22, 12, 20, 35]",0.10539984703063965,0.3757939338684082,quantile_0.9,"[0, 1, 7, 3, 6, 3, 3, 7, 9, 1, 2, 0]",31.0
j10,28,35.0,reactive_quantile_0.9,2,60,1,True,"[0, 1, 7, 6, 7, 3, 6, 6, 11, 2, 3, 0]","[0, 3, 1, 7, 0, 0, 7, 26, 22, 12, 20, 35]","[0, 3, 1, 7, 0, 0, 7, 26, 22, 12, 20, 35]",0.04709601402282715,0.23334288597106934,quantile_0.9,"[0, 1, 7, 6, 7, 3, 6, 6, 11, 2, 3, 0]",32.0
j10,28,35.0,reactive_quantile_0.9,2,60,1,True,"[0, 1, 8, 3, 7, 2, 4, 8, 7, 1, 3, 0]","[0, 3, 1, 7, 0, 0, 7, 26, 22, 12, 20, 35]","[0, 3, 1, 7, 0, 0, 7, 26, 22, 12, 20, 35]",0.04996776580810547,0.37476611137390137,quantile_0.9,"[0, 1, 8, 3, 7, 2, 4, 8, 7, 1, 3, 0]",32.0
j10,28,35.0,reactive_quantile_0.9,2,60,1,True,"[0, 1, 9, 7, 6, 2, 3, 9, 12, 1, 2, 0]","[0, 3, 1, 7, 0, 0, 7, 26, 22, 12, 20, 35]","[0, 3, 1, 7, 0, 0, 7, 26, 22, 12, 20, 35]",0.04774188995361328,0.32883620262145996,quantile_0.9,"[0, 1, 9, 7, 6, 2, 3, 9, 12, 1, 2, 0]",33.0
j10,28,35.0,reactive_quantile_0.9,2,60,1,True,"[0, 1, 8, 5, 4, 1, 4, 6, 6, 2, 3, 0]","[0, 3, 1, 7, 0, 0, 7, 26, 22, 12, 20, 35]","[0, 3, 1, 7, 0, 0, 7, 26, 22, 12, 20, 35]",0.047576904296875,0.3744082450866699,quantile_0.9,"[0, 1, 8, 5, 4, 1, 4, 6, 6, 2, 3, 0]",32.0
j10,29,34.0,reactive_quantile_0.9,2,60,1,True,"[0, 6, 8, 2, 6, 1, 5, 3, 5, 5, 1, 0]","[0, 0, 0, 8, 0, 8, 16, 20, 26, 16, 25, 34]","[0, 0, 0, 8, 0, 8, 16, 20, 26, 16, 25, 34]",0.04725503921508789,0.2820401191711426,quantile_0.9,"[0, 6, 8, 2, 6, 1, 5, 3, 5, 5, 1, 0]",29.0
j10,29,34.0,reactive_quantile_0.9,2,60,1,True,"[0, 4, 8, 6, 6, 1, 4, 2, 7, 9, 1, 0]","[0, 0, 0, 8, 0, 8, 16, 20, 26, 16, 25, 34]","[0, 0, 0, 8, 0, 8, 16, 20, 26, 16, 25, 34]",0.046710968017578125,0.2333528995513916,quantile_0.9,"[0, 4, 8, 6, 6, 1, 4, 2, 7, 9, 1, 0]",34.0
j10,29,34.0,reactive_quantile_0.9,2,60,1,True,"[0, 6, 8, 4, 9, 1, 3, 4, 7, 9, 1, 0]","[0, 0, 0, 8, 0, 8, 16, 20, 26, 16, 25, 34]","[0, 0, 0, 8, 0, 8, 16, 20, 26, 16, 25, 34]",0.04699087142944336,0.23561620712280273,quantile_0.9,"[0, 6, 8, 4, 9, 1, 3, 4, 7, 9, 1, 0]",34.0
j10,29,34.0,reactive_quantile_0.9,2,60,1,True,"[0, 4, 5, 2, 6, 1, 3, 5, 6, 6, 1, 0]","[0, 0, 0, 8, 0, 8, 16, 20, 26, 16, 25, 34]","[0, 0, 0, 8, 0, 8, 16, 20, 26, 16, 25, 34]",0.04678916931152344,0.32997894287109375,quantile_0.9,"[0, 4, 5, 2, 6, 1, 3, 5, 6, 6, 1, 0]",32.0
j10,29,34.0,reactive_quantile_0.9,2,60,1,True,"[0, 3, 8, 3, 5, 1, 2, 3, 8, 7, 1, 0]","[0, 0, 0, 8, 0, 8, 16, 20, 26, 16, 25, 34]","[0, 0, 0, 8, 0, 8, 16, 20, 26, 16, 25, 34]",0.04763007164001465,0.3267209529876709,quantile_0.9,"[0, 3, 8, 3, 5, 1, 2, 3, 8, 7, 1, 0]",32.0
j10,29,34.0,reactive_quantile_0.9,2,60,1,True,"[0, 4, 4, 5, 6, 1, 3, 5, 9, 5, 1, 0]","[0, 0, 0, 8, 0, 8, 16, 20, 26, 16, 25, 34]","[0, 0, 0, 8, 0, 8, 16, 20, 25, 16, 24, 33]",0.047582149505615234,0.2826502323150635,quantile_0.9,"[0, 4, 4, 5, 6, 1, 3, 5, 9, 5, 1, 0]",33.0
j10,29,34.0,reactive_quantile_0.9,2,60,1,True,"[0, 4, 7, 6, 7, 1, 2, 2, 8, 6, 1, 0]","[0, 0, 0, 8, 0, 8, 16, 20, 26, 16, 25, 34]","[0, 0, 0, 8, 0, 8, 16, 20, 26, 16, 25, 34]",0.04735207557678223,0.3264319896697998,quantile_0.9,"[0, 4, 7, 6, 7, 1, 2, 2, 8, 6, 1, 0]",32.0
j10,29,34.0,reactive_quantile_0.9,2,60,1,True,"[0, 5, 4, 6, 6, 1, 5, 4, 7, 6, 1, 0]","[0, 0, 0, 8, 0, 8, 16, 20, 26, 16, 25, 34]","[0, 0, 0, 8, 0, 8, 16, 20, 26, 16, 25, 34]",0.046463966369628906,0.28191089630126953,quantile_0.9,"[0, 5, 4, 6, 6, 1, 5, 4, 7, 6, 1, 0]",32.0
j10,29,34.0,reactive_quantile_0.9,2,60,1,True,"[0, 3, 5, 5, 9, 1, 5, 3, 6, 8, 1, 0]","[0, 0, 0, 8, 0, 8, 16, 20, 26, 16, 25, 34]","[0, 0, 0, 8, 0, 8, 16, 20, 26, 16, 25, 34]",0.04852604866027832,0.2833108901977539,quantile_0.9,"[0, 3, 5, 5, 9, 1, 5, 3, 6, 8, 1, 0]",32.0
j10,29,34.0,reactive_quantile_0.9,2,60,1,True,"[0, 3, 4, 4, 7, 1, 5, 5, 6, 8, 1, 0]","[0, 0, 0, 8, 0, 8, 16, 20, 26, 16, 25, 34]","[0, 0, 0, 8, 0, 8, 16, 20, 26, 16, 25, 34]",0.04688215255737305,0.2828800678253174,quantile_0.9,"[0, 3, 4, 4, 7, 1, 5, 5, 6, 8, 1, 0]",32.0
j10,30,inf,reactive_quantile_0.9,2,60,1,False,"[0, 11, 2, 1, 2, 3, 1, 9, 11, 5, 4, 0]",,,inf,inf,quantile_0.9,"[0, 11, 2, 2, 5, 6, 1, 12, 11, 9, 8, 0]",29.0
j10,30,inf,reactive_quantile_0.9,2,60,1,False,"[0, 7, 1, 2, 3, 6, 1, 12, 7, 7, 8, 0]",,,inf,inf,quantile_0.9,"[0, 11, 2, 2, 5, 6, 1, 12, 11, 9, 8, 0]",31.0
j10,30,inf,reactive_quantile_0.9,2,60,1,False,"[0, 7, 2, 2, 4, 2, 1, 12, 11, 6, 5, 0]",,,inf,inf,quantile_0.9,"[0, 11, 2, 2, 5, 6, 1, 12, 11, 9, 8, 0]",32.0
j10,30,inf,reactive_quantile_0.9,2,60,1,False,"[0, 11, 1, 2, 3, 2, 1, 10, 7, 5, 4, 0]",,,inf,inf,quantile_0.9,"[0, 11, 2, 2, 5, 6, 1, 12, 11, 9, 8, 0]",28.0
j10,30,inf,reactive_quantile_0.9,2,60,1,False,"[0, 11, 2, 2, 4, 3, 1, 6, 9, 6, 5, 0]",,,inf,inf,quantile_0.9,"[0, 11, 2, 2, 5, 6, 1, 12, 11, 9, 8, 0]",30.0
j10,30,inf,reactive_quantile_0.9,2,60,1,False,"[0, 9, 1, 1, 3, 5, 1, 10, 8, 9, 4, 0]",,,inf,inf,quantile_0.9,"[0, 11, 2, 2, 5, 6, 1, 12, 11, 9, 8, 0]",31.0
j10,30,inf,reactive_quantile_0.9,2,60,1,False,"[0, 11, 2, 2, 4, 2, 1, 10, 7, 7, 6, 0]",,,inf,inf,quantile_0.9,"[0, 11, 2, 2, 5, 6, 1, 12, 11, 9, 8, 0]",31.0
j10,30,inf,reactive_quantile_0.9,2,60,1,False,"[0, 7, 1, 1, 3, 5, 1, 12, 11, 9, 7, 0]",,,inf,inf,quantile_0.9,"[0, 11, 2, 2, 5, 6, 1, 12, 11, 9, 8, 0]",33.0
j10,30,inf,reactive_quantile_0.9,2,60,1,False,"[0, 11, 2, 2, 4, 2, 1, 6, 8, 7, 5, 0]",,,inf,inf,quantile_0.9,"[0, 11, 2, 2, 5, 6, 1, 12, 11, 9, 8, 0]",30.0
j10,32,inf,reactive_quantile_0.9,2,60,1,False,"[0, 9, 1, 4, 1, 11, 3, 4, 2, 5, 2, 0]",,,inf,inf,quantile_0.9,"[0, 11, 2, 5, 2, 12, 3, 5, 5, 8, 2, 0]",46.0
j10,32,inf,reactive_quantile_0.9,2,60,1,False,"[0, 6, 1, 3, 2, 7, 2, 4, 3, 5, 1, 0]",,,inf,inf,quantile_0.9,"[0, 11, 2, 5, 2, 12, 3, 5, 5, 8, 2, 0]",46.0
j10,32,inf,reactive_quantile_0.9,2,60,1,False,"[0, 10, 1, 3, 2, 7, 3, 5, 2, 8, 2, 0]",,,inf,inf,quantile_0.9,"[0, 11, 2, 5, 2, 12, 3, 5, 5, 8, 2, 0]",47.0
j10,32,inf,reactive_quantile_0.9,2,60,1,False,"[0, 11, 1, 5, 2, 7, 3, 2, 2, 6, 1, 0]",,,inf,inf,quantile_0.9,"[0, 11, 2, 5, 2, 12, 3, 5, 5, 8, 2, 0]",47.0
j10,33,77.0,reactive_quantile_0.9,2,60,1,True,"[0, 11, 6, 1, 2, 4, 7, 8, 11, 6, 6, 0]","[0, 28, 0, 12, 7, 39, 59, 34, 71, 47, 16, 80]","[0, 28, 0, 12, 7, 39, 59, 34, 66, 47, 16, 75]",0.09855222702026367,0.3672659397125244,quantile_0.9,"[0, 11, 6, 1, 2, 4, 7, 8, 11, 6, 6, 0]",55.0
j10,33,80.0,reactive_quantile_0.9,2,60,1,True,"[0, 7, 7, 1, 5, 8, 12, 6, 8, 10, 12, 0]","[0, 28, 0, 12, 7, 39, 59, 34, 71, 47, 16, 80]","[0, 28, 0, 12, 7, 39, 59, 34, 71, 47, 16, 80]",0.09256696701049805,0.19182991981506348,quantile_0.9,"[0, 7, 7, 1, 5, 8, 12, 6, 8, 10, 12, 0]",73.0
j10,33,79.0,reactive_quantile_0.9,2,60,1,True,"[0, 11, 5, 1, 2, 7, 10, 7, 10, 11, 12, 0]","[0, 28, 0, 12, 7, 39, 59, 34, 71, 47, 16, 80]","[0, 28, 0, 12, 7, 39, 59, 34, 69, 47, 16, 78]",0.09137225151062012,0.35121679306030273,quantile_0.9,"[0, 11, 5, 1, 2, 7, 10, 7, 11, 11, 12, 0]",69.0
j10,33,77.0,reactive_quantile_0.9,2,60,1,True,"[0, 8, 7, 1, 5, 5, 7, 5, 11, 7, 7, 0]","[0, 28, 0, 12, 7, 39, 59, 34, 71, 47, 16, 80]","[0, 28, 0, 12, 7, 39, 59, 34, 66, 47, 16, 75]",0.08897018432617188,0.2850477695465088,quantile_0.9,"[0, 8, 7, 1, 5, 5, 7, 5, 11, 7, 7, 0]",62.0
j10,33,80.0,reactive_quantile_0.9,2,60,1,True,"[0, 11, 4, 1, 3, 4, 10, 6, 6, 6, 11, 0]","[0, 28, 0, 12, 7, 39, 59, 34, 71, 47, 16, 80]","[0, 28, 0, 12, 7, 39, 59, 34, 71, 47, 16, 80]",0.09232878684997559,0.4543578624725342,quantile_0.9,"[0, 11, 4, 1, 3, 4, 10, 6, 6, 6, 11, 0]",56.0
j10,33,77.0,reactive_quantile_0.9,2,60,1,True,"[0, 9, 5, 1, 3, 4, 12, 8, 11, 7, 7, 0]","[0, 28, 0, 12, 7, 39, 59, 34, 71, 47, 16, 80]","[0, 28, 0, 12, 7, 39, 54, 34, 66, 47, 16, 75]",0.09024715423583984,0.3705432415008545,quantile_0.9,"[0, 9, 5, 1, 3, 4, 12, 8, 11, 7, 7, 0]",65.0
j10,33,80.0,reactive_quantile_0.9,2,60,1,True,"[0, 9, 7, 1, 2, 5, 9, 9, 8, 10, 6, 0]","[0, 28, 0, 12, 7, 39, 59, 34, 71, 47, 16, 80]","[0, 28, 0, 12, 7, 39, 59, 34, 71, 47, 16, 80]",0.09024381637573242,0.3398768901824951,quantile_0.9,"[0, 9, 7, 1, 2, 5, 9, 9, 8, 10, 6, 0]",64.0
j10,33,80.0,reactive_quantile_0.9,2,60,1,True,"[0, 11, 6, 1, 3, 6, 6, 9, 7, 8, 8, 0]","[0, 28, 0, 12, 7, 39, 59, 34, 71, 47, 16, 80]","[0, 28, 0, 12, 7, 39, 59, 34, 71, 47, 16, 80]",0.09031391143798828,0.3717470169067383,quantile_0.9,"[0, 11, 6, 1, 3, 6, 6, 9, 7, 8, 8, 0]",58.0
j10,33,80.0,reactive_quantile_0.9,2,60,1,True,"[0, 7, 3, 1, 4, 5, 9, 9, 9, 11, 7, 0]","[0, 28, 0, 12, 7, 39, 59, 34, 71, 47, 16, 80]","[0, 28, 0, 12, 7, 39, 59, 34, 71, 47, 16, 80]",0.09042119979858398,0.4579432010650635,quantile_0.9,"[0, 7, 3, 1, 4, 5, 9, 9, 9, 11, 7, 0]",63.0
j10,33,80.0,reactive_quantile_0.9,2,60,1,True,"[0, 9, 3, 1, 2, 6, 8, 6, 9, 10, 8, 0]","[0, 28, 0, 12, 7, 39, 59, 34, 71, 47, 16, 80]","[0, 28, 0, 12, 7, 39, 59, 34, 71, 47, 16, 80]",0.09013700485229492,0.4965519905090332,quantile_0.9,"[0, 9, 3, 1, 2, 6, 8, 6, 9, 10, 8, 0]",56.0
j10,34,59.0,reactive_quantile_0.9,2,60,1,True,"[0, 8, 2, 4, 6, 9, 4, 2, 7, 9, 1, 0]","[0, 9, 18, 23, 0, 40, 52, 72, 60, 31, 52, 76]","[0, 9, 18, 23, 0, 40, 52, 49, 27, 31, 52, 59]",0.055313825607299805,0.3894040584564209,quantile_0.9,"[0, 8, 2, 4, 6, 9, 4, 2, 7, 9, 1, 0]",46.0
j10,34,59.0,reactive_quantile_0.9,2,60,1,True,"[0, 9, 4, 5, 7, 10, 6, 2, 9, 9, 1, 0]","[0, 9, 18, 23, 0, 40, 52, 72, 60, 31, 52, 76]","[0, 9, 18, 23, 0, 40, 52, 50, 28, 31, 52, 59]",0.05628013610839844,0.3388350009918213,quantile_0.9,"[0, 9, 4, 5, 7, 10, 6, 2, 9, 9, 1, 0]",53.0
j10,34,69.0,reactive_quantile_0.9,2,60,1,True,"[0, 7, 2, 6, 9, 7, 5, 5, 12, 5, 1, 0]","[0, 9, 18, 23, 0, 40, 52, 72, 60, 31, 52, 76]","[0, 9, 18, 23, 0, 40, 52, 47, 57, 31, 20, 67]",0.05568814277648926,0.2944300174713135,quantile_0.9,"[0, 7, 2, 6, 9, 7, 5, 5, 12, 5, 1, 0]",52.0
j10,34,60.0,reactive_quantile_0.9,2,60,1,True,"[0, 6, 3, 5, 6, 6, 8, 3, 6, 5, 1, 0]","[0, 9, 18, 23, 0, 40, 52, 72, 60, 31, 52, 76]","[0, 9, 18, 23, 0, 40, 52, 36, 28, 31, 52, 59]",0.05608201026916504,0.4018979072570801,quantile_0.9,"[0, 6, 3, 5, 6, 6, 8, 3, 6, 5, 1, 0]",42.0
j10,34,70.0,reactive_quantile_0.9,2,60,1,True,"[0, 8, 5, 6, 6, 6, 7, 4, 11, 6, 1, 0]","[0, 9, 18, 23, 0, 40, 52, 72, 60, 31, 52, 76]","[0, 9, 18, 23, 0, 40, 52, 46, 59, 31, 52, 69]",0.05715203285217285,0.3393990993499756,quantile_0.9,"[0, 8, 5, 6, 6, 6, 7, 4, 12, 6, 1, 0]",53.0
j10,34,70.0,reactive_quantile_0.9,2,60,1,True,"[0, 6, 5, 8, 5, 7, 7, 2, 8, 9, 1, 0]","[0, 9, 18, 23, 0, 40, 52, 72, 60, 31, 52, 76]","[0, 9, 18, 23, 0, 40, 52, 47, 60, 31, 52, 70]",0.05554389953613281,0.29276394844055176,quantile_0.9,"[0, 6, 5, 8, 5, 7, 7, 2, 8, 9, 1, 0]",49.0
j10,34,59.0,reactive_quantile_0.9,2,60,1,True,"[0, 5, 3, 7, 6, 8, 4, 2, 7, 7, 1, 0]","[0, 9, 18, 23, 0, 40, 52, 72, 60, 31, 52, 76]","[0, 9, 18, 23, 0, 40, 52, 38, 30, 31, 52, 59]",0.05594515800476074,0.4379878044128418,quantile_0.9,"[0, 5, 3, 7, 6, 8, 4, 2, 7, 7, 1, 0]",44.0
j10,34,62.0,reactive_quantile_0.9,2,60,1,True,"[0, 7, 3, 4, 6, 9, 8, 5, 11, 6, 1, 0]","[0, 9, 18, 23, 0, 40, 52, 72, 60, 31, 52, 76]","[0, 9, 18, 23, 0, 40, 49, 57, 27, 31, 21, 61]",0.055726051330566406,0.3401639461517334,quantile_0.9,"[0, 7, 3, 4, 6, 9, 8, 5, 11, 6, 1, 0]",48.0
j10,34,63.0,reactive_quantile_0.9,2,60,1,True,"[0, 8, 4, 4, 5, 8, 6, 5, 7, 8, 1, 0]","[0, 9, 18, 23, 0, 40, 52, 72, 60, 31, 52, 76]","[0, 9, 18, 23, 0, 40, 52, 58, 27, 31, 52, 62]",0.05524492263793945,0.3921232223510742,quantile_0.9,"[0, 8, 4, 4, 5, 8, 6, 5, 7, 8, 1, 0]",48.0
j10,34,59.0,reactive_quantile_0.9,2,60,1,True,"[0, 9, 4, 4, 5, 7, 5, 3, 9, 5, 1, 0]","[0, 9, 18, 23, 0, 40, 52, 72, 60, 31, 52, 76]","[0, 9, 18, 23, 0, 40, 52, 36, 27, 31, 52, 59]",0.05484795570373535,0.39253902435302734,quantile_0.9,"[0, 9, 4, 4, 5, 7, 5, 3, 9, 5, 1, 0]",43.0
j10,35,50.0,reactive_quantile_0.9,2,60,1,True,"[0, 6, 1, 1, 4, 2, 8, 2, 1, 6, 5, 0]","[0, 23, 3, 14, 15, 0, 39, 48, 50, 3, 30, 51]","[0, 23, 3, 14, 15, 0, 39, 47, 49, 3, 30, 50]",0.08194303512573242,0.3358638286590576,quantile_0.9,"[0, 6, 1, 1, 4, 2, 8, 2, 1, 6, 5, 0]",35.0
j10,35,48.0,reactive_quantile_0.9,2,60,1,True,"[0, 4, 1, 1, 8, 3, 6, 1, 1, 10, 7, 0]","[0, 23, 3, 14, 15, 0, 39, 48, 50, 3, 30, 51]","[0, 23, 3, 14, 15, 0, 39, 45, 47, 3, 30, 48]",0.08196711540222168,0.2894918918609619,quantile_0.9,"[0, 4, 1, 1, 8, 3, 6, 1, 1, 10, 7, 0]",41.0
j10,35,49.0,reactive_quantile_0.9,2,60,1,True,"[0, 7, 1, 1, 6, 1, 7, 1, 1, 7, 6, 0]","[0, 23, 3, 14, 15, 0, 39, 48, 50, 3, 30, 51]","[0, 23, 3, 14, 15, 0, 39, 46, 48, 3, 30, 49]",0.08148598670959473,0.33596086502075195,quantile_0.9,"[0, 7, 1, 1, 6, 1, 7, 1, 1, 7, 6, 0]",38.0
j10,35,48.0,reactive_quantile_0.9,2,60,1,True,"[0, 3, 3, 1, 5, 2, 6, 2, 1, 6, 9, 0]","[0, 23, 3, 14, 15, 0, 39, 48, 50, 3, 30, 51]","[0, 23, 3, 14, 15, 0, 39, 45, 47, 3, 30, 48]",0.08192086219787598,0.24366283416748047,quantile_0.9,"[0, 3, 3, 1, 5, 2, 6, 2, 1, 6, 9, 0]",35.0
j10,35,50.0,reactive_quantile_0.9,2,60,1,True,"[0, 4, 1, 1, 4, 2, 8, 2, 1, 8, 6, 0]","[0, 23, 3, 14, 15, 0, 39, 48, 50, 3, 30, 51]","[0, 23, 3, 14, 15, 0, 39, 47, 49, 3, 30, 50]",0.08127617835998535,0.3397819995880127,quantile_0.9,"[0, 4, 1, 1, 4, 2, 8, 2, 1, 8, 6, 0]",36.0
j10,35,48.0,reactive_quantile_0.9,2,60,1,True,"[0, 3, 3, 1, 7, 3, 6, 2, 1, 9, 9, 0]","[0, 23, 3, 14, 15, 0, 39, 48, 50, 3, 30, 51]","[0, 23, 3, 14, 15, 0, 39, 45, 47, 3, 30, 48]",0.08138084411621094,0.194411039352417,quantile_0.9,"[0, 3, 3, 1, 7, 3, 6, 2, 1, 9, 9, 0]",41.0
j10,35,49.0,reactive_quantile_0.9,2,60,1,True,"[0, 3, 2, 1, 7, 1, 7, 1, 1, 6, 8, 0]","[0, 23, 3, 14, 15, 0, 39, 48, 50, 3, 30, 51]","[0, 23, 3, 14, 15, 0, 39, 46, 48, 3, 30, 49]",0.0825498104095459,0.3826460838317871,quantile_0.9,"[0, 3, 2, 1, 7, 1, 7, 1, 1, 6, 8, 0]",35.0
j10,35,48.0,reactive_quantile_0.9,2,60,1,True,"[0, 4, 3, 1, 4, 1, 6, 2, 1, 8, 7, 0]","[0, 23, 3, 14, 15, 0, 39, 48, 50, 3, 30, 51]","[0, 23, 3, 14, 15, 0, 39, 45, 47, 3, 30, 48]",0.08154964447021484,0.2897489070892334,quantile_0.9,"[0, 4, 3, 1, 4, 1, 6, 2, 1, 8, 7, 0]",34.0
j10,35,48.0,reactive_quantile_0.9,2,60,1,True,"[0, 4, 1, 1, 5, 3, 9, 2, 1, 11, 6, 0]","[0, 23, 3, 14, 15, 0, 39, 48, 50, 3, 30, 51]","[0, 23, 3, 14, 15, 0, 36, 45, 47, 3, 30, 48]",0.08117008209228516,0.19289183616638184,quantile_0.9,"[0, 4, 1, 1, 5, 3, 9, 2, 1, 11, 6, 0]",42.0
j10,35,49.0,reactive_quantile_0.9,2,60,1,True,"[0, 6, 3, 1, 4, 1, 7, 1, 1, 7, 8, 0]","[0, 23, 3, 14, 15, 0, 39, 48, 50, 3, 30, 51]","[0, 23, 3, 14, 15, 0, 39, 46, 48, 3, 30, 49]",0.08183908462524414,0.33519792556762695,quantile_0.9,"[0, 6, 3, 1, 4, 1, 7, 1, 1, 7, 8, 0]",36.0
j10,36,inf,reactive_quantile_0.9,2,60,1,False,"[0, 6, 6, 6, 3, 9, 4, 1, 4, 1, 1, 0]",,,inf,inf,quantile_0.9,"[0, 7, 6, 12, 6, 11, 8, 2, 7, 1, 2, 0]",49.0
j10,36,inf,reactive_quantile_0.9,2,60,1,False,"[0, 7, 3, 8, 6, 11, 6, 1, 6, 1, 1, 0]",,,inf,inf,quantile_0.9,"[0, 7, 6, 12, 6, 11, 8, 2, 7, 1, 2, 0]",51.0
j10,36,inf,reactive_quantile_0.9,2,60,1,False,"[0, 5, 6, 11, 4, 10, 5, 2, 3, 1, 1, 0]",,,inf,inf,quantile_0.9,"[0, 7, 6, 12, 6, 11, 8, 2, 7, 1, 2, 0]",51.0
j10,36,inf,reactive_quantile_0.9,2,60,1,False,"[0, 4, 3, 11, 3, 7, 4, 1, 4, 1, 1, 0]",,,inf,inf,quantile_0.9,"[0, 7, 6, 12, 6, 11, 8, 2, 7, 1, 2, 0]",47.0
j10,36,inf,reactive_quantile_0.9,2,60,1,False,"[0, 3, 5, 8, 3, 6, 7, 1, 4, 1, 2, 0]",,,inf,inf,quantile_0.9,"[0, 7, 6, 12, 6, 11, 8, 2, 7, 1, 2, 0]",53.0
j10,36,inf,reactive_quantile_0.9,2,60,1,False,"[0, 6, 6, 6, 3, 9, 8, 1, 7, 1, 1, 0]",,,inf,inf,quantile_0.9,"[0, 7, 6, 12, 6, 11, 8, 2, 7, 1, 2, 0]",53.0
j10,36,inf,reactive_quantile_0.9,2,60,1,False,"[0, 6, 3, 8, 2, 10, 5, 2, 5, 1, 2, 0]",,,inf,inf,quantile_0.9,"[0, 7, 6, 12, 6, 11, 8, 2, 7, 1, 2, 0]",44.0
j10,36,inf,reactive_quantile_0.9,2,60,1,False,"[0, 5, 3, 6, 3, 9, 8, 2, 4, 1, 2, 0]",,,inf,inf,quantile_0.9,"[0, 7, 6, 12, 6, 11, 8, 2, 7, 1, 2, 0]",43.0
j10,36,inf,reactive_quantile_0.9,2,60,1,False,"[0, 3, 2, 8, 4, 7, 7, 1, 5, 1, 1, 0]",,,inf,inf,quantile_0.9,"[0, 7, 6, 12, 6, 11, 8, 2, 7, 1, 2, 0]",41.0
j10,36,inf,reactive_quantile_0.9,2,60,1,False,"[0, 3, 2, 7, 3, 11, 7, 1, 3, 1, 2, 0]",,,inf,inf,quantile_0.9,"[0, 7, 6, 12, 6, 11, 8, 2, 7, 1, 2, 0]",43.0
j10,37,33.0,reactive_quantile_0.9,2,60,1,True,"[0, 2, 6, 10, 1, 5, 2, 1, 11, 2, 2, 0]","[0, 0, 2, 0, 9, 15, 12, 14, 23, 35, 11, 37]","[0, 0, 2, 0, 9, 15, 12, 14, 22, 20, 11, 32]",0.07681488990783691,0.24475598335266113,quantile_0.9,"[0, 2, 6, 10, 1, 5, 2, 1, 12, 2, 2, 0]",29.0
j10,37,33.0,reactive_quantile_0.9,2,60,1,True,"[0, 1, 4, 10, 2, 8, 1, 1, 7, 1, 6, 0]","[0, 0, 2, 0, 9, 15, 12, 14, 23, 35, 11, 37]","[0, 0, 2, 0, 9, 15, 12, 14, 23, 30, 11, 33]",0.0773172378540039,0.3437378406524658,quantile_0.9,"[0, 1, 4, 10, 2, 8, 1, 1, 7, 1, 6, 0]",26.0
j10,37,34.0,reactive_quantile_0.9,2,60,1,True,"[0, 1, 5, 10, 1, 6, 1, 1, 11, 1, 4, 0]","[0, 0, 2, 0, 9, 15, 12, 14, 23, 35, 11, 37]","[0, 0, 2, 0, 9, 15, 12, 14, 23, 21, 11, 33]",0.0761101245880127,0.4380059242248535,quantile_0.9,"[0, 1, 5, 10, 1, 6, 1, 1, 11, 1, 4, 0]",27.0
j10,37,33.0,reactive_quantile_0.9,2,60,1,True,"[0, 1, 4, 7, 3, 4, 1, 1, 11, 2, 3, 0]","[0, 0, 2, 0, 9, 15, 12, 14, 23, 35, 11, 37]","[0, 0, 2, 0, 9, 15, 12, 14, 22, 20, 11, 32]",0.07702112197875977,0.2959921360015869,quantile_0.9,"[0, 1, 4, 7, 3, 4, 1, 1, 12, 2, 3, 0]",27.0
j10,37,33.0,reactive_quantile_0.9,2,60,1,True,"[0, 2, 4, 7, 1, 8, 2, 1, 6, 1, 5, 0]","[0, 0, 2, 0, 9, 15, 12, 14, 23, 35, 11, 37]","[0, 0, 2, 0, 9, 15, 12, 14, 23, 29, 11, 33]",0.14905810356140137,0.2921760082244873,quantile_0.9,"[0, 2, 4, 7, 1, 8, 2, 1, 6, 1, 5, 0]",26.0
j10,37,36.0,reactive_quantile_0.9,2,60,1,True,"[0, 2, 5, 7, 1, 7, 1, 1, 11, 2, 3, 0]","[0, 0, 2, 0, 9, 15, 12, 14, 23, 35, 11, 37]","[0, 0, 2, 0, 9, 15, 12, 14, 23, 34, 11, 36]",0.07617688179016113,0.33974289894104004,quantile_0.9,"[0, 2, 5, 7, 1, 7, 1, 1, 11, 2, 3, 0]",30.0
j10,37,33.0,reactive_quantile_0.9,2,60,1,True,"[0, 2, 7, 6, 2, 7, 1, 1, 8, 1, 2, 0]","[0, 0, 2, 0, 9, 15, 12, 14, 23, 35, 11, 37]","[0, 0, 2, 0, 9, 15, 12, 14, 23, 22, 11, 33]",0.07568883895874023,0.34295129776000977,quantile_0.9,"[0, 2, 7, 6, 2, 7, 1, 1, 8, 1, 2, 0]",29.0
j10,37,33.0,reactive_quantile_0.9,2,60,1,True,"[0, 2, 6, 7, 3, 4, 1, 1, 7, 2, 4, 0]","[0, 0, 2, 0, 9, 15, 12, 14, 23, 35, 11, 37]","[0, 0, 2, 0, 9, 15, 12, 14, 23, 20, 11, 33]",0.07554197311401367,0.2995262145996094,quantile_0.9,"[0, 2, 6, 7, 3, 4, 1, 1, 7, 2, 4, 0]",25.0
j10,37,33.0,reactive_quantile_0.9,2,60,1,True,"[0, 2, 5, 7, 1, 5, 2, 1, 12, 2, 6, 0]","[0, 0, 2, 0, 9, 15, 12, 14, 23, 35, 11, 37]","[0, 0, 2, 0, 9, 14, 12, 7, 21, 19, 11, 31]",0.07722878456115723,0.20000720024108887,quantile_0.9,"[0, 2, 5, 7, 1, 5, 2, 1, 12, 2, 6, 0]",29.0
j10,37,33.0,reactive_quantile_0.9,2,60,1,True,"[0, 2, 4, 9, 3, 4, 1, 1, 8, 1, 3, 0]","[0, 0, 2, 0, 9, 15, 12, 14, 23, 35, 11, 37]","[0, 0, 2, 0, 9, 15, 12, 14, 23, 20, 11, 33]",0.07674908638000488,0.33570122718811035,quantile_0.9,"[0, 2, 4, 9, 3, 4, 1, 1, 8, 1, 3, 0]",25.0
j10,38,48.0,reactive_quantile_0.9,2,60,1,True,"[0, 8, 2, 6, 7, 2, 2, 2, 1, 7, 1, 0]","[0, 11, 0, 0, 20, 9, 43, 11, 45, 32, 49, 52]","[0, 11, 0, 0, 20, 9, 39, 11, 8, 32, 45, 48]",0.07942008972167969,0.4381887912750244,quantile_0.9,"[0, 8, 2, 6, 7, 2, 2, 2, 1, 7, 1, 0]",37.0
j10,38,50.0,reactive_quantile_0.9,2,60,1,True,"[0, 9, 4, 7, 8, 1, 1, 4, 1, 9, 1, 0]","[0, 11, 0, 0, 20, 9, 43, 11, 45, 32, 49, 52]","[0, 11, 0, 0, 20, 9, 41, 11, 8, 32, 47, 50]",0.08044695854187012,0.4853529930114746,quantile_0.9,"[0, 9, 4, 7, 8, 1, 1, 4, 1, 9, 1, 0]",40.0
j10,38,47.0,reactive_quantile_0.9,2,60,1,True,"[0, 7, 2, 11, 12, 1, 1, 3, 2, 6, 3, 0]","[0, 11, 0, 0, 20, 9, 43, 11, 45, 32, 49, 52]","[0, 11, 0, 0, 20, 9, 38, 11, 18, 32, 44, 47]",0.08016204833984375,0.33729982376098633,quantile_0.9,"[0, 7, 2, 11, 12, 1, 1, 3, 2, 6, 3, 0]",45.0
j10,38,52.0,reactive_quantile_0.9,2,60,1,True,"[0, 6, 3, 11, 12, 2, 2, 2, 1, 7, 1, 0]","[0, 11, 0, 0, 20, 9, 43, 11, 45, 32, 49, 52]","[0, 11, 0, 0, 20, 9, 43, 11, 45, 32, 49, 52]",0.08044195175170898,0.3102898597717285,quantile_0.9,"[0, 6, 3, 11, 12, 2, 2, 2, 1, 7, 1, 0]",45.0
j10,38,52.0,reactive_quantile_0.9,2,60,1,True,"[0, 5, 3, 9, 8, 2, 1, 5, 1, 11, 2, 0]","[0, 11, 0, 0, 20, 9, 43, 11, 45, 32, 49, 52]","[0, 11, 0, 0, 20, 9, 43, 11, 16, 32, 49, 52]",0.0806570053100586,0.41177988052368164,quantile_0.9,"[0, 5, 3, 9, 8, 2, 1, 5, 1, 11, 2, 0]",43.0
j10,38,51.0,reactive_quantile_0.9,2,60,1,True,"[0, 6, 5, 10, 6, 2, 2, 6, 1, 10, 1, 0]","[0, 11, 0, 0, 20, 9, 43, 11, 45, 32, 49, 52]","[0, 11, 0, 0, 20, 9, 42, 11, 17, 32, 48, 51]",0.08102679252624512,0.2927889823913574,quantile_0.9,"[0, 6, 5, 10, 6, 2, 2, 6, 1, 10, 1, 0]",40.0
j10,38,49.0,reactive_quantile_0.9,2,60,1,True,"[0, 8, 3, 8, 6, 1, 2, 4, 2, 8, 2, 0]","[0, 11, 0, 0, 20, 9, 43, 11, 45, 32, 49, 52]","[0, 11, 0, 0, 20, 9, 40, 11, 26, 32, 46, 49]",0.08090901374816895,0.41512298583984375,quantile_0.9,"[0, 8, 3, 8, 6, 1, 2, 4, 2, 8, 2, 0]",39.0
j10,38,52.0,reactive_quantile_0.9,2,60,1,True,"[0, 5, 4, 7, 9, 2, 1, 6, 2, 11, 2, 0]","[0, 11, 0, 0, 20, 9, 43, 11, 45, 32, 49, 52]","[0, 11, 0, 0, 20, 9, 43, 11, 17, 32, 49, 52]",0.08086109161376953,0.3402979373931885,quantile_0.9,"[0, 5, 4, 7, 9, 2, 1, 6, 2, 11, 2, 0]",41.0
j10,38,50.0,reactive_quantile_0.9,2,60,1,True,"[0, 8, 4, 6, 6, 1, 1, 3, 2, 9, 1, 0]","[0, 11, 0, 0, 20, 9, 43, 11, 45, 32, 49, 52]","[0, 11, 0, 0, 20, 9, 41, 11, 26, 32, 47, 50]",0.08198904991149902,0.49947166442871094,quantile_0.9,"[0, 8, 4, 6, 6, 1, 1, 3, 2, 9, 1, 0]",36.0
j10,38,52.0,reactive_quantile_0.9,2,60,1,True,"[0, 7, 4, 6, 6, 2, 2, 3, 2, 11, 1, 0]","[0, 11, 0, 0, 20, 9, 43, 11, 45, 32, 49, 52]","[0, 11, 0, 0, 20, 9, 43, 11, 18, 32, 49, 52]",0.07996010780334473,0.34638309478759766,quantile_0.9,"[0, 7, 4, 6, 6, 2, 2, 3, 2, 11, 1, 0]",37.0
j10,39,54.0,reactive_quantile_0.9,2,60,1,True,"[0, 3, 1, 2, 5, 2, 2, 4, 7, 10, 6, 0]","[0, 10, 0, 34, 0, 8, 8, 15, 45, 23, 39, 54]","[0, 10, 0, 34, 0, 8, 8, 15, 45, 23, 39, 54]",0.055589914321899414,0.3861079216003418,quantile_0.9,"[0, 3, 1, 2, 5, 2, 2, 4, 7, 10, 6, 0]",47.0
j10,39,54.0,reactive_quantile_0.9,2,60,1,True,"[0, 4, 2, 4, 8, 1, 4, 8, 9, 10, 4, 0]","[0, 10, 0, 34, 0, 8, 8, 15, 45, 23, 39, 54]","[0, 10, 0, 34, 0, 8, 8, 15, 45, 23, 39, 54]",0.056037187576293945,0.3833639621734619,quantile_0.9,"[0, 4, 2, 4, 8, 1, 4, 8, 9, 10, 4, 0]",49.0
j10,39,54.0,reactive_quantile_0.9,2,60,1,True,"[0, 2, 2, 4, 6, 1, 3, 5, 6, 11, 3, 0]","[0, 10, 0, 34, 0, 8, 8, 15, 45, 23, 39, 54]","[0, 10, 0, 34, 0, 8, 8, 15, 45, 23, 39, 54]",0.05704975128173828,0.4315319061279297,quantile_0.9,"[0, 2, 2, 4, 6, 1, 3, 5, 6, 11, 3, 0]",46.0
j10,39,54.0,reactive_quantile_0.9,2,60,1,True,"[0, 3, 2, 4, 5, 2, 2, 8, 7, 6, 2, 0]","[0, 10, 0, 34, 0, 8, 8, 15, 45, 23, 39, 54]","[0, 10, 0, 34, 0, 8, 8, 15, 45, 23, 39, 54]",0.05661416053771973,0.38753199577331543,quantile_0.9,"[0, 3, 2, 4, 5, 2, 2, 8, 7, 6, 2, 0]",43.0
j10,39,54.0,reactive_quantile_0.9,2,60,1,True,"[0, 3, 3, 3, 4, 1, 5, 5, 7, 9, 6, 0]","[0, 10, 0, 34, 0, 8, 8, 15, 45, 23, 39, 54]","[0, 10, 0, 34, 0, 8, 8, 15, 45, 23, 39, 54]",0.05795478820800781,0.38551878929138184,quantile_0.9,"[0, 3, 3, 3, 4, 1, 5, 5, 7, 9, 6, 0]",47.0
j10,39,53.0,reactive_quantile_0.9,2,60,1,True,"[0, 2, 2, 5, 8, 1, 6, 4, 11, 9, 3, 0]","[0, 10, 0, 34, 0, 8, 8, 15, 45, 23, 39, 54]","[0, 10, 0, 34, 0, 8, 8, 15, 42, 23, 39, 51]",0.05614113807678223,0.29169297218322754,quantile_0.9,"[0, 2, 2, 5, 8, 1, 6, 4, 11, 9, 3, 0]",46.0
j10,39,54.0,reactive_quantile_0.9,2,60,1,True,"[0, 4, 1, 2, 5, 2, 4, 6, 7, 6, 3, 0]","[0, 10, 0, 34, 0, 8, 8, 15, 45, 23, 39, 54]","[0, 10, 0, 34, 0, 8, 8, 15, 45, 23, 39, 54]",0.05626416206359863,0.43098902702331543,quantile_0.9,"[0, 4, 1, 2, 5, 2, 4, 6, 7, 6, 3, 0]",44.0
j10,39,54.0,reactive_quantile_0.9,2,60,1,True,"[0, 5, 3, 5, 8, 2, 3, 7, 6, 6, 4, 0]","[0, 10, 0, 34, 0, 8, 8, 15, 45, 23, 39, 54]","[0, 10, 0, 34, 0, 8, 8, 15, 45, 23, 39, 54]",0.05577516555786133,0.23911023139953613,quantile_0.9,"[0, 5, 3, 5, 8, 2, 3, 7, 6, 6, 4, 0]",46.0
j10,39,54.0,reactive_quantile_0.9,2,60,1,True,"[0, 4, 2, 5, 7, 1, 4, 4, 6, 7, 3, 0]","[0, 10, 0, 34, 0, 8, 8, 15, 45, 23, 39, 54]","[0, 10, 0, 34, 0, 8, 8, 15, 45, 23, 39, 54]",0.05559086799621582,0.4352908134460449,quantile_0.9,"[0, 4, 2, 5, 7, 1, 4, 4, 6, 7, 3, 0]",44.0
j10,39,54.0,reactive_quantile_0.9,2,60,1,True,"[0, 3, 1, 2, 8, 2, 4, 8, 9, 11, 5, 0]","[0, 10, 0, 34, 0, 8, 8, 15, 45, 23, 39, 54]","[0, 10, 0, 34, 0, 8, 8, 15, 45, 23, 39, 54]",0.05869102478027344,0.2886631488800049,quantile_0.9,"[0, 3, 1, 2, 8, 2, 4, 8, 9, 11, 5, 0]",52.0
j10,41,inf,reactive_quantile_0.9,2,60,1,False,"[0, 5, 8, 1, 2, 5, 11, 2, 2, 3, 9, 0]",,,inf,inf,quantile_0.9,"[0, 6, 8, 2, 3, 5, 12, 6, 5, 5, 9, 0]",41.0
j10,41,inf,reactive_quantile_0.9,2,60,1,False,"[0, 6, 5, 1, 1, 4, 11, 4, 2, 5, 9, 0]",,,inf,inf,quantile_0.9,"[0, 6, 8, 2, 3, 5, 12, 6, 5, 5, 9, 0]",44.0
j10,41,inf,reactive_quantile_0.9,2,60,1,False,"[0, 4, 8, 2, 3, 4, 10, 3, 3, 5, 5, 0]",,,inf,inf,quantile_0.9,"[0, 6, 8, 2, 3, 5, 12, 6, 5, 5, 9, 0]",42.0
j10,41,inf,reactive_quantile_0.9,2,60,1,False,"[0, 3, 5, 2, 2, 4, 7, 3, 2, 2, 6, 0]",,,inf,inf,quantile_0.9,"[0, 6, 8, 2, 3, 5, 12, 6, 5, 5, 9, 0]",38.0
j10,41,inf,reactive_quantile_0.9,2,60,1,False,"[0, 5, 4, 1, 3, 4, 7, 5, 2, 4, 5, 0]",,,inf,inf,quantile_0.9,"[0, 6, 8, 2, 3, 5, 12, 6, 5, 5, 9, 0]",40.0
j10,41,inf,reactive_quantile_0.9,2,60,1,False,"[0, 2, 5, 2, 2, 5, 6, 2, 3, 3, 9, 0]",,,inf,inf,quantile_0.9,"[0, 6, 8, 2, 3, 5, 12, 6, 5, 5, 9, 0]",36.0
j10,42,inf,reactive_quantile_0.9,2,60,1,False,"[0, 7, 10, 1, 1, 2, 2, 2, 2, 6, 1, 0]",,,inf,inf,quantile_0.9,"[0, 8, 12, 3, 1, 2, 3, 3, 6, 11, 1, 0]",34.0
j10,42,inf,reactive_quantile_0.9,2,60,1,False,"[0, 6, 10, 1, 1, 1, 1, 2, 4, 10, 1, 0]",,,inf,inf,quantile_0.9,"[0, 8, 12, 3, 1, 2, 3, 3, 6, 11, 1, 0]",37.0
j10,42,inf,reactive_quantile_0.9,2,60,1,False,"[0, 5, 7, 1, 1, 1, 2, 1, 2, 11, 1, 0]",,,inf,inf,quantile_0.9,"[0, 8, 12, 3, 1, 2, 3, 3, 6, 11, 1, 0]",36.0
j10,42,inf,reactive_quantile_0.9,2,60,1,False,"[0, 7, 10, 1, 1, 2, 1, 3, 6, 6, 1, 0]",,,inf,inf,quantile_0.9,"[0, 8, 12, 3, 1, 2, 3, 3, 6, 11, 1, 0]",34.0
j10,42,inf,reactive_quantile_0.9,2,60,1,False,"[0, 7, 7, 3, 1, 2, 1, 1, 3, 8, 1, 0]",,,inf,inf,quantile_0.9,"[0, 8, 12, 3, 1, 2, 3, 3, 6, 11, 1, 0]",33.0
j10,42,inf,reactive_quantile_0.9,2,60,1,False,"[0, 6, 7, 1, 1, 1, 2, 3, 6, 9, 1, 0]",,,inf,inf,quantile_0.9,"[0, 8, 12, 3, 1, 2, 3, 3, 6, 11, 1, 0]",35.0
j10,42,inf,reactive_quantile_0.9,2,60,1,False,"[0, 5, 9, 3, 1, 1, 1, 3, 4, 7, 1, 0]",,,inf,inf,quantile_0.9,"[0, 8, 12, 3, 1, 2, 3, 3, 6, 11, 1, 0]",36.0
j10,43,32.0,reactive_quantile_0.9,2,60,1,True,"[0, 11, 1, 1, 5, 3, 9, 2, 1, 3, 7, 0]","[0, 10, 0, 14, 1, 17, 2, 23, 29, 20, 25, 32]","[0, 10, 0, 14, 1, 17, 2, 23, 29, 20, 25, 32]",0.05119204521179199,0.33484745025634766,quantile_0.9,"[0, 11, 1, 1, 5, 3, 9, 2, 1, 3, 7, 0]",26.0
j10,43,32.0,reactive_quantile_0.9,2,60,1,True,"[0, 11, 1, 1, 6, 4, 10, 4, 1, 5, 7, 0]","[0, 10, 0, 14, 1, 17, 2, 23, 29, 20, 25, 32]","[0, 10, 0, 14, 1, 17, 2, 23, 29, 20, 25, 32]",0.049508094787597656,0.28850698471069336,quantile_0.9,"[0, 11, 1, 1, 6, 4, 10, 4, 1, 5, 7, 0]",30.0
j10,43,32.0,reactive_quantile_0.9,2,60,1,True,"[0, 8, 1, 1, 7, 6, 7, 3, 3, 2, 4, 0]","[0, 10, 0, 14, 1, 17, 2, 23, 29, 20, 25, 32]","[0, 10, 0, 14, 1, 17, 2, 23, 29, 20, 25, 32]",0.049506187438964844,0.33480405807495117,quantile_0.9,"[0, 8, 1, 1, 7, 6, 7, 3, 3, 2, 4, 0]",25.0
j10,43,32.0,reactive_quantile_0.9,2,60,1,True,"[0, 7, 1, 2, 6, 3, 6, 6, 2, 2, 3, 0]","[0, 10, 0, 14, 1, 17, 2, 23, 29, 20, 25, 32]","[0, 10, 0, 14, 1, 17, 2, 23, 29, 20, 25, 32]",0.050050973892211914,0.3820981979370117,quantile_0.9,"[0, 7, 1, 2, 6, 3, 6, 6, 2, 2, 3, 0]",24.0
j10,43,32.0,reactive_quantile_0.9,2,60,1,True,"[0, 11, 1, 3, 6, 2, 12, 5, 3, 3, 4, 0]","[0, 10, 0, 14, 1, 17, 2, 23, 29, 20, 25, 32]","[0, 10, 0, 14, 1, 17, 2, 23, 29, 20, 25, 32]",0.04861617088317871,0.24180197715759277,quantile_0.9,"[0, 11, 1, 3, 6, 2, 12, 5, 3, 3, 4, 0]",29.0
j10,43,32.0,reactive_quantile_0.9,2,60,1,True,"[0, 7, 1, 1, 5, 3, 9, 6, 3, 2, 3, 0]","[0, 10, 0, 14, 1, 17, 2, 23, 29, 20, 25, 32]","[0, 10, 0, 14, 1, 17, 2, 23, 29, 20, 17, 32]",0.0494389533996582,0.3380899429321289,quantile_0.9,"[0, 7, 1, 1, 5, 3, 9, 6, 3, 2, 3, 0]",24.0
j10,43,32.0,reactive_quantile_0.9,2,60,1,True,"[0, 11, 1, 2, 7, 2, 10, 3, 3, 5, 5, 0]","[0, 10, 0, 14, 1, 17, 2, 23, 29, 20, 25, 32]","[0, 10, 0, 14, 1, 17, 2, 23, 29, 20, 25, 32]",0.049909114837646484,0.28572916984558105,quantile_0.9,"[0, 11, 1, 2, 7, 2, 10, 3, 3, 5, 5, 0]",29.0
j10,43,32.0,reactive_quantile_0.9,2,60,1,True,"[0, 7, 1, 1, 6, 5, 12, 6, 2, 3, 6, 0]","[0, 10, 0, 14, 1, 17, 2, 23, 29, 20, 25, 32]","[0, 10, 0, 14, 1, 17, 2, 23, 29, 20, 25, 32]",0.050627946853637695,0.33400416374206543,quantile_0.9,"[0, 7, 1, 1, 6, 5, 12, 6, 2, 3, 6, 0]",29.0
j10,43,32.0,reactive_quantile_0.9,2,60,1,True,"[0, 6, 1, 1, 7, 4, 7, 5, 1, 4, 3, 0]","[0, 10, 0, 14, 1, 17, 2, 23, 29, 20, 25, 32]","[0, 10, 0, 14, 1, 17, 2, 23, 29, 20, 25, 32]",0.04885125160217285,0.4315378665924072,quantile_0.9,"[0, 6, 1, 1, 7, 4, 7, 5, 1, 4, 3, 0]",24.0
j10,43,32.0,reactive_quantile_0.9,2,60,1,True,"[0, 6, 1, 2, 6, 5, 6, 2, 2, 3, 7, 0]","[0, 10, 0, 14, 1, 17, 2, 23, 29, 20, 25, 32]","[0, 10, 0, 14, 1, 17, 2, 23, 29, 20, 25, 32]",0.04956793785095215,0.3846409320831299,quantile_0.9,"[0, 6, 1, 2, 6, 5, 6, 2, 2, 3, 7, 0]",25.0
j10,44,35.0,reactive_quantile_0.9,2,60,1,True,"[0, 2, 7, 1, 3, 6, 6, 2, 2, 1, 6, 0]","[0, 1, 14, 4, 0, 2, 7, 22, 16, 37, 25, 40]","[0, 1, 14, 4, 0, 2, 7, 22, 16, 32, 25, 35]",0.10691404342651367,0.43194127082824707,quantile_0.9,"[0, 2, 7, 1, 3, 6, 6, 2, 2, 1, 6, 0]",27.0
j10,44,36.0,reactive_quantile_0.9,2,60,1,True,"[0, 2, 8, 2, 7, 6, 5, 1, 1, 2, 8, 0]","[0, 1, 14, 4, 0, 2, 7, 22, 16, 37, 25, 40]","[0, 1, 14, 4, 0, 2, 7, 22, 16, 33, 25, 36]",0.10634231567382812,0.3871617317199707,quantile_0.9,"[0, 2, 8, 2, 7, 6, 5, 1, 1, 2, 8, 0]",30.0
j10,44,35.0,reactive_quantile_0.9,2,60,1,True,"[0, 1, 7, 1, 5, 9, 5, 1, 2, 2, 7, 0]","[0, 1, 14, 4, 0, 2, 7, 22, 16, 37, 25, 40]","[0, 1, 14, 4, 0, 2, 7, 22, 16, 32, 25, 35]",0.10625219345092773,0.3917970657348633,quantile_0.9,"[0, 1, 7, 1, 5, 9, 5, 1, 2, 2, 7, 0]",27.0
j10,44,35.0,reactive_quantile_0.9,2,60,1,True,"[0, 3, 4, 3, 4, 6, 4, 2, 1, 1, 7, 0]","[0, 1, 14, 4, 0, 2, 7, 22, 16, 37, 25, 40]","[0, 1, 14, 4, 0, 2, 7, 22, 16, 32, 25, 35]",0.10675787925720215,0.3869771957397461,quantile_0.9,"[0, 3, 4, 3, 4, 6, 4, 2, 1, 1, 7, 0]",25.0
j10,44,39.0,reactive_quantile_0.9,2,60,1,True,"[0, 1, 4, 2, 6, 7, 4, 1, 1, 3, 11, 0]","[0, 1, 14, 4, 0, 2, 7, 22, 16, 37, 25, 40]","[0, 1, 14, 4, 0, 2, 7, 22, 16, 36, 25, 39]",0.10584712028503418,0.438295841217041,quantile_0.9,"[0, 1, 4, 2, 6, 7, 4, 1, 1, 3, 11, 0]",29.0
j10,44,35.0,reactive_quantile_0.9,2,60,1,True,"[0, 2, 5, 1, 3, 6, 6, 1, 1, 1, 6, 0]","[0, 1, 14, 4, 0, 2, 7, 22, 16, 37, 25, 40]","[0, 1, 14, 4, 0, 2, 7, 22, 16, 32, 25, 35]",0.10857701301574707,0.482651948928833,quantile_0.9,"[0, 2, 5, 1, 3, 6, 6, 1, 1, 1, 6, 0]",24.0
j10,44,36.0,reactive_quantile_0.9,2,60,1,True,"[0, 2, 7, 2, 5, 5, 7, 2, 2, 3, 8, 0]","[0, 1, 14, 4, 0, 2, 7, 22, 16, 37, 25, 40]","[0, 1, 14, 4, 0, 2, 7, 22, 16, 33, 25, 36]",0.10527300834655762,0.3381359577178955,quantile_0.9,"[0, 2, 7, 2, 5, 5, 7, 2, 2, 3, 8, 0]",31.0
j10,44,35.0,reactive_quantile_0.9,2,60,1,True,"[0, 2, 4, 3, 4, 8, 7, 2, 2, 3, 6, 0]","[0, 1, 14, 4, 0, 2, 7, 22, 16, 37, 25, 40]","[0, 1, 14, 4, 0, 2, 7, 22, 16, 32, 25, 35]",0.10643601417541504,0.28684425354003906,quantile_0.9,"[0, 2, 4, 3, 4, 8, 7, 2, 2, 3, 6, 0]",28.0
j10,44,35.0,reactive_quantile_0.9,2,60,1,True,"[0, 1, 6, 3, 4, 8, 7, 3, 1, 3, 6, 0]","[0, 1, 14, 4, 0, 2, 7, 22, 16, 37, 25, 40]","[0, 1, 14, 4, 0, 2, 7, 22, 16, 32, 25, 35]",0.1078033447265625,0.2954230308532715,quantile_0.9,"[0, 1, 6, 3, 4, 8, 7, 3, 1, 3, 6, 0]",29.0
j10,44,38.0,reactive_quantile_0.9,2,60,1,True,"[0, 1, 5, 2, 6, 5, 3, 2, 2, 3, 10, 0]","[0, 1, 14, 4, 0, 2, 7, 22, 16, 37, 25, 40]","[0, 1, 14, 4, 0, 2, 7, 22, 16, 35, 25, 38]",0.10581207275390625,0.3907499313354492,quantile_0.9,"[0, 1, 5, 2, 6, 5, 3, 2, 2, 3, 10, 0]",29.0
j10,45,39.0,reactive_quantile_0.9,2,60,1,True,"[0, 8, 1, 1, 3, 1, 2, 9, 11, 1, 6, 0]","[0, 0, 12, 14, 11, 9, 9, 29, 18, 10, 18, 39]","[0, 0, 12, 14, 11, 9, 9, 29, 18, 10, 18, 39]",0.049520015716552734,0.29052114486694336,quantile_0.9,"[0, 8, 1, 1, 3, 1, 2, 9, 11, 1, 6, 0]",34.0
j10,45,39.0,reactive_quantile_0.9,2,60,1,True,"[0, 5, 1, 2, 7, 1, 2, 10, 7, 1, 8, 0]","[0, 0, 12, 14, 11, 9, 9, 29, 18, 10, 18, 39]","[0, 0, 12, 14, 11, 9, 9, 29, 18, 10, 18, 39]",0.04912686347961426,0.28705286979675293,quantile_0.9,"[0, 5, 1, 2, 7, 1, 2, 10, 7, 1, 8, 0]",36.0
j10,45,39.0,reactive_quantile_0.9,2,60,1,True,"[0, 9, 1, 3, 5, 1, 1, 9, 10, 1, 8, 0]","[0, 0, 12, 14, 11, 9, 9, 29, 18, 10, 18, 39]","[0, 0, 12, 14, 11, 9, 9, 29, 18, 10, 18, 39]",0.04956197738647461,0.23737692832946777,quantile_0.9,"[0, 9, 1, 3, 5, 1, 1, 9, 10, 1, 8, 0]",36.0
j10,45,39.0,reactive_quantile_0.9,2,60,1,True,"[0, 9, 1, 2, 5, 1, 1, 7, 7, 1, 6, 0]","[0, 0, 12, 14, 11, 9, 9, 29, 18, 10, 18, 39]","[0, 0, 12, 14, 11, 9, 9, 29, 18, 10, 18, 39]",0.049413204193115234,0.3683509826660156,quantile_0.9,"[0, 9, 1, 2, 5, 1, 1, 7, 7, 1, 6, 0]",33.0
j10,45,39.0,reactive_quantile_0.9,2,60,1,True,"[0, 6, 1, 2, 4, 1, 2, 6, 10, 1, 7, 0]","[0, 0, 12, 14, 11, 9, 9, 29, 18, 10, 18, 39]","[0, 0, 12, 14, 11, 9, 9, 29, 18, 10, 18, 39]",0.048969268798828125,0.3369789123535156,quantile_0.9,"[0, 6, 1, 2, 4, 1, 2, 6, 10, 1, 7, 0]",35.0
j10,45,39.0,reactive_quantile_0.9,2,60,1,True,"[0, 5, 1, 1, 6, 1, 3, 7, 6, 1, 9, 0]","[0, 0, 12, 14, 11, 9, 9, 29, 18, 10, 18, 39]","[0, 0, 12, 14, 11, 9, 9, 29, 18, 10, 18, 39]",0.04931020736694336,0.28713488578796387,quantile_0.9,"[0, 5, 1, 1, 6, 1, 3, 7, 6, 1, 9, 0]",34.0
j10,45,39.0,reactive_quantile_0.9,2,60,1,True,"[0, 6, 1, 2, 6, 1, 1, 6, 7, 1, 9, 0]","[0, 0, 12, 14, 11, 9, 9, 29, 18, 10, 18, 39]","[0, 0, 12, 14, 11, 9, 9, 29, 18, 10, 18, 39]",0.049784183502197266,0.3363640308380127,quantile_0.9,"[0, 6, 1, 2, 6, 1, 1, 6, 7, 1, 9, 0]",32.0
j10,45,38.0,reactive_quantile_0.9,2,60,1,True,"[0, 9, 1, 3, 7, 1, 1, 11, 9, 1, 7, 0]","[0, 0, 12, 14, 11, 9, 9, 29, 18, 10, 18, 39]","[0, 0, 12, 14, 11, 9, 9, 27, 18, 10, 18, 37]",0.05025076866149902,0.14261507987976074,quantile_0.9,"[0, 9, 1, 3, 7, 1, 1, 12, 9, 1, 7, 0]",38.0
j10,45,39.0,reactive_quantile_0.9,2,60,1,True,"[0, 7, 1, 1, 7, 1, 2, 8, 8, 1, 7, 0]","[0, 0, 12, 14, 11, 9, 9, 29, 18, 10, 18, 39]","[0, 0, 12, 14, 11, 9, 9, 29, 18, 10, 18, 39]",0.050662994384765625,0.28872108459472656,quantile_0.9,"[0, 7, 1, 1, 7, 1, 2, 8, 8, 1, 7, 0]",36.0
j10,45,39.0,reactive_quantile_0.9,2,60,1,True,"[0, 5, 1, 3, 4, 1, 3, 11, 10, 1, 9, 0]","[0, 0, 12, 14, 11, 9, 9, 29, 18, 10, 18, 39]","[0, 0, 12, 14, 11, 9, 9, 28, 18, 10, 18, 38]",0.05154895782470703,0.19546294212341309,quantile_0.9,"[0, 5, 1, 3, 4, 1, 3, 12, 10, 1, 9, 0]",37.0
j10,46,36.0,reactive_quantile_0.9,2,60,1,True,"[0, 3, 9, 1, 1, 5, 7, 5, 1, 7, 8, 0]","[0, 0, 0, 5, 11, 11, 28, 8, 19, 17, 28, 35]","[0, 0, 0, 5, 11, 11, 28, 8, 19, 17, 28, 35]",0.0486302375793457,0.43439602851867676,quantile_0.9,"[0, 3, 9, 1, 1, 5, 7, 5, 1, 7, 8, 0]",28.0
j10,46,35.0,reactive_quantile_0.9,2,60,1,True,"[0, 5, 11, 1, 1, 5, 6, 9, 1, 11, 6, 0]","[0, 0, 0, 5, 11, 11, 28, 8, 19, 17, 28, 35]","[0, 0, 0, 5, 11, 11, 28, 8, 19, 17, 28, 35]",0.049314022064208984,0.2885928153991699,quantile_0.9,"[0, 5, 11, 1, 1, 5, 6, 9, 1, 11, 6, 0]",33.0
j10,46,35.0,reactive_quantile_0.9,2,60,1,True,"[0, 2, 9, 1, 1, 8, 6, 9, 2, 7, 5, 0]","[0, 0, 0, 5, 11, 11, 28, 8, 19, 17, 28, 35]","[0, 0, 0, 5, 11, 11, 28, 8, 19, 17, 28, 35]",0.048306941986083984,0.34177398681640625,quantile_0.9,"[0, 2, 9, 1, 1, 8, 6, 9, 2, 7, 5, 0]",28.0
j10,46,31.0,reactive_quantile_0.9,2,60,1,True,"[0, 5, 6, 3, 2, 5, 5, 6, 2, 6, 8, 0]","[0, 0, 0, 5, 11, 11, 28, 8, 19, 17, 28, 35]","[0, 0, 0, 5, 11, 11, 23, 8, 19, 17, 23, 30]",0.0505220890045166,0.24016904830932617,quantile_0.9,"[0, 5, 6, 3, 2, 5, 5, 6, 2, 6, 8, 0]",27.0
j10,46,35.0,reactive_quantile_0.9,2,60,1,True,"[0, 3, 6, 1, 2, 7, 6, 6, 1, 9, 5, 0]","[0, 0, 0, 5, 11, 11, 28, 8, 19, 17, 28, 35]","[0, 0, 0, 5, 11, 11, 28, 8, 19, 17, 28, 35]",0.04872894287109375,0.4347720146179199,quantile_0.9,"[0, 3, 6, 1, 2, 7, 6, 6, 1, 9, 5, 0]",30.0
j10,46,35.0,reactive_quantile_0.9,2,60,1,True,"[0, 3, 9, 1, 1, 5, 7, 9, 1, 10, 4, 0]","[0, 0, 0, 5, 11, 11, 28, 8, 19, 17, 28, 35]","[0, 0, 0, 5, 11, 11, 28, 8, 19, 17, 28, 35]",0.04909014701843262,0.4341092109680176,quantile_0.9,"[0, 3, 9, 1, 1, 5, 7, 9, 1, 10, 4, 0]",31.0
j10,46,36.0,reactive_quantile_0.9,2,60,1,True,"[0, 3, 9, 2, 1, 4, 8, 6, 2, 8, 6, 0]","[0, 0, 0, 5, 11, 11, 28, 8, 19, 17, 28, 35]","[0, 0, 0, 5, 11, 11, 28, 8, 19, 17, 28, 35]",0.049108028411865234,0.38838887214660645,quantile_0.9,"[0, 3, 9, 2, 1, 4, 8, 6, 2, 8, 6, 0]",30.0
j10,46,32.0,reactive_quantile_0.9,2,60,1,True,"[0, 3, 6, 3, 2, 7, 8, 8, 2, 7, 7, 0]","[0, 0, 0, 5, 11, 11, 28, 8, 19, 17, 28, 35]","[0, 0, 0, 5, 11, 11, 24, 8, 19, 17, 24, 31]",0.04926109313964844,0.2900540828704834,quantile_0.9,"[0, 3, 6, 3, 2, 7, 8, 8, 2, 7, 7, 0]",29.0
j10,46,35.0,reactive_quantile_0.9,2,60,1,True,"[0, 4, 6, 1, 1, 6, 5, 8, 1, 8, 4, 0]","[0, 0, 0, 5, 11, 11, 28, 8, 19, 17, 28, 35]","[0, 0, 0, 5, 11, 11, 28, 8, 19, 17, 28, 35]",0.04778599739074707,0.4821138381958008,quantile_0.9,"[0, 4, 6, 1, 1, 6, 5, 8, 1, 8, 4, 0]",29.0
j10,46,36.0,reactive_quantile_0.9,2,60,1,True,"[0, 2, 7, 2, 2, 7, 4, 5, 2, 11, 8, 0]","[0, 0, 0, 5, 11, 11, 28, 8, 19, 17, 28, 35]","[0, 0, 0, 5, 11, 11, 28, 8, 19, 17, 28, 35]",0.04846787452697754,0.2912440299987793,quantile_0.9,"[0, 2, 7, 2, 2, 7, 4, 5, 2, 11, 8, 0]",32.0
j10,47,39.0,reactive_quantile_0.9,2,60,1,True,"[0, 6, 8, 1, 2, 4, 9, 2, 4, 2, 2, 0]","[0, 0, 15, 23, 7, 8, 23, 32, 15, 34, 23, 39]","[0, 0, 15, 23, 7, 8, 23, 32, 15, 34, 23, 39]",0.0768270492553711,0.2984590530395508,quantile_0.9,"[0, 6, 8, 1, 2, 4, 9, 2, 4, 2, 2, 0]",33.0
j10,47,38.0,reactive_quantile_0.9,2,60,1,True,"[0, 7, 8, 1, 4, 4, 8, 1, 6, 6, 2, 0]","[0, 0, 15, 23, 7, 8, 23, 32, 15, 34, 23, 39]","[0, 0, 15, 23, 7, 8, 23, 31, 15, 32, 23, 37]",0.07681632041931152,0.2464160919189453,quantile_0.9,"[0, 7, 8, 1, 4, 4, 8, 1, 6, 6, 2, 0]",33.0
j10,47,39.0,reactive_quantile_0.9,2,60,1,True,"[0, 7, 6, 1, 2, 5, 10, 2, 5, 3, 2, 0]","[0, 0, 15, 23, 7, 8, 23, 32, 15, 34, 23, 39]","[0, 0, 15, 23, 7, 8, 23, 32, 15, 34, 23, 39]",0.07576918601989746,0.2899448871612549,quantile_0.9,"[0, 7, 6, 1, 2, 5, 10, 2, 5, 3, 2, 0]",33.0
j10,47,39.0,reactive_quantile_0.9,2,60,1,True,"[0, 3, 5, 1, 3, 4, 7, 1, 8, 3, 1, 0]","[0, 0, 15, 23, 7, 8, 23, 32, 15, 34, 23, 39]","[0, 0, 15, 23, 7, 8, 23, 32, 15, 34, 23, 39]",0.07521486282348633,0.42740488052368164,quantile_0.9,"[0, 3, 5, 1, 3, 4, 7, 1, 8, 3, 1, 0]",32.0
j10,47,39.0,reactive_quantile_0.9,2,60,1,True,"[0, 3, 7, 1, 5, 5, 7, 1, 7, 3, 2, 0]","[0, 0, 15, 23, 7, 8, 23, 32, 15, 34, 23, 39]","[0, 0, 15, 23, 7, 8, 23, 32, 15, 34, 23, 39]",0.07611918449401855,0.36748790740966797,quantile_0.9,"[0, 3, 7, 1, 5, 5, 7, 1, 7, 3, 2, 0]",32.0
j10,47,38.0,reactive_quantile_0.9,2,60,1,True,"[0, 6, 8, 1, 2, 4, 9, 1, 6, 6, 1, 0]","[0, 0, 15, 23, 7, 8, 23, 32, 15, 34, 23, 39]","[0, 0, 15, 23, 7, 8, 23, 31, 15, 32, 23, 37]",0.0751039981842041,0.35138392448425293,quantile_0.9,"[0, 6, 8, 1, 2, 4, 9, 1, 6, 6, 1, 0]",33.0
j10,47,39.0,reactive_quantile_0.9,2,60,1,True,"[0, 6, 5, 1, 4, 3, 10, 2, 6, 4, 2, 0]","[0, 0, 15, 23, 7, 8, 23, 32, 15, 34, 23, 39]","[0, 0, 15, 23, 7, 8, 23, 32, 15, 34, 23, 39]",0.07666993141174316,0.360180139541626,quantile_0.9,"[0, 6, 5, 1, 4, 3, 10, 2, 6, 4, 2, 0]",33.0
j10,47,39.0,reactive_quantile_0.9,2,60,1,True,"[0, 3, 5, 1, 5, 7, 9, 2, 5, 5, 1, 0]","[0, 0, 15, 23, 7, 8, 23, 32, 15, 34, 23, 39]","[0, 0, 15, 23, 7, 8, 23, 32, 15, 34, 23, 39]",0.0763249397277832,0.29909300804138184,quantile_0.9,"[0, 3, 5, 1, 5, 7, 9, 2, 5, 5, 1, 0]",33.0
j10,47,39.0,reactive_quantile_0.9,2,60,1,True,"[0, 3, 4, 1, 4, 5, 7, 2, 7, 6, 1, 0]","[0, 0, 15, 23, 7, 8, 23, 32, 15, 34, 23, 39]","[0, 0, 15, 23, 7, 8, 23, 31, 15, 33, 23, 38]",0.07510781288146973,0.39679408073425293,quantile_0.9,"[0, 3, 4, 1, 4, 5, 7, 2, 7, 6, 1, 0]",34.0
j10,47,39.0,reactive_quantile_0.9,2,60,1,True,"[0, 3, 4, 1, 5, 4, 7, 2, 7, 2, 1, 0]","[0, 0, 15, 23, 7, 8, 23, 32, 15, 34, 23, 39]","[0, 0, 15, 23, 7, 8, 23, 32, 15, 34, 23, 39]",0.07654094696044922,0.37325119972229004,quantile_0.9,"[0, 3, 4, 1, 5, 4, 7, 2, 7, 2, 1, 0]",33.0
j10,48,inf,reactive_quantile_0.9,2,60,1,False,"[0, 8, 2, 1, 3, 1, 4, 10, 1, 1, 7, 0]",,,inf,inf,quantile_0.9,"[0, 11, 5, 2, 5, 1, 5, 12, 3, 1, 9, 0]",40.0
j10,48,inf,reactive_quantile_0.9,2,60,1,False,"[0, 7, 2, 1, 3, 1, 2, 6, 2, 1, 8, 0]",,,inf,inf,quantile_0.9,"[0, 11, 5, 2, 5, 1, 5, 12, 3, 1, 9, 0]",40.0
j10,49,28.0,reactive_quantile_0.9,2,60,1,True,"[0, 2, 9, 1, 1, 3, 4, 2, 1, 4, 4, 0]","[0, 3, 7, 19, 0, 7, 0, 14, 27, 19, 21, 28]","[0, 3, 7, 19, 0, 7, 0, 14, 23, 19, 21, 28]",0.052643775939941406,0.39067792892456055,quantile_0.9,"[0, 2, 9, 1, 1, 3, 4, 2, 1, 4, 4, 0]",25.0
j10,49,28.0,reactive_quantile_0.9,2,60,1,True,"[0, 2, 10, 1, 2, 7, 4, 3, 1, 8, 6, 0]","[0, 3, 7, 19, 0, 7, 0, 14, 27, 19, 21, 28]","[0, 3, 7, 19, 0, 7, 0, 14, 27, 19, 21, 28]",0.051194190979003906,0.24285006523132324,quantile_0.9,"[0, 2, 10, 1, 2, 7, 4, 3, 1, 8, 6, 0]",25.0
j10,49,29.0,reactive_quantile_0.9,2,60,1,True,"[0, 1, 9, 1, 1, 5, 7, 2, 1, 6, 8, 0]","[0, 3, 7, 19, 0, 7, 0, 14, 27, 19, 21, 28]","[0, 3, 7, 19, 0, 7, 0, 14, 25, 19, 21, 28]",0.04928398132324219,0.2907998561859131,quantile_0.9,"[0, 1, 9, 1, 1, 5, 7, 2, 1, 6, 8, 0]",29.0
j10,49,28.0,reactive_quantile_0.9,2,60,1,True,"[0, 2, 7, 1, 3, 3, 4, 2, 1, 5, 5, 0]","[0, 3, 7, 19, 0, 7, 0, 14, 27, 19, 21, 28]","[0, 3, 7, 19, 0, 7, 0, 14, 24, 19, 21, 28]",0.04962587356567383,0.33592891693115234,quantile_0.9,"[0, 2, 7, 1, 3, 3, 4, 2, 1, 5, 5, 0]",25.0
j10,49,28.0,reactive_quantile_0.9,2,60,1,True,"[0, 1, 10, 1, 2, 3, 3, 2, 1, 7, 6, 0]","[0, 3, 7, 19, 0, 7, 0, 14, 27, 19, 21, 28]","[0, 3, 7, 19, 0, 7, 0, 14, 26, 19, 21, 28]",0.0502316951751709,0.38172316551208496,quantile_0.9,"[0, 1, 10, 1, 2, 3, 3, 2, 1, 7, 6, 0]",24.0
j10,49,29.0,reactive_quantile_0.9,2,60,1,True,"[0, 2, 6, 1, 3, 6, 4, 2, 1, 7, 8, 0]","[0, 3, 7, 19, 0, 7, 0, 14, 27, 19, 21, 28]","[0, 3, 7, 19, 0, 7, 0, 14, 26, 19, 21, 28]",0.05114388465881348,0.2894010543823242,quantile_0.9,"[0, 2, 6, 1, 3, 6, 4, 2, 1, 7, 8, 0]",26.0
j10,49,28.0,reactive_quantile_0.9,2,60,1,True,"[0, 1, 7, 1, 1, 5, 7, 1, 1, 7, 5, 0]","[0, 3, 7, 19, 0, 7, 0, 14, 27, 19, 21, 28]","[0, 3, 7, 19, 0, 7, 0, 14, 26, 19, 21, 28]",0.0494840145111084,0.33403491973876953,quantile_0.9,"[0, 1, 7, 1, 1, 5, 7, 1, 1, 7, 5, 0]",27.0
j10,49,28.0,reactive_quantile_0.9,2,60,1,True,"[0, 3, 6, 1, 1, 4, 5, 3, 1, 5, 4, 0]","[0, 3, 7, 19, 0, 7, 0, 14, 27, 19, 21, 28]","[0, 3, 7, 19, 0, 7, 0, 14, 24, 19, 21, 28]",0.049237966537475586,0.2899479866027832,quantile_0.9,"[0, 3, 6, 1, 1, 4, 5, 3, 1, 5, 4, 0]",26.0
j10,49,28.0,reactive_quantile_0.9,2,60,1,True,"[0, 3, 7, 1, 3, 7, 6, 2, 1, 5, 7, 0]","[0, 3, 7, 19, 0, 7, 0, 14, 27, 19, 21, 28]","[0, 3, 7, 19, 0, 7, 0, 14, 27, 19, 21, 28]",0.04957413673400879,0.2401890754699707,quantile_0.9,"[0, 3, 7, 1, 3, 7, 6, 2, 1, 5, 7, 0]",27.0
j10,49,29.0,reactive_quantile_0.9,2,60,1,True,"[0, 3, 6, 1, 1, 5, 5, 2, 1, 7, 8, 0]","[0, 3, 7, 19, 0, 7, 0, 14, 27, 19, 21, 28]","[0, 3, 7, 19, 0, 7, 0, 14, 26, 19, 21, 28]",0.05005073547363281,0.29306602478027344,quantile_0.9,"[0, 3, 6, 1, 1, 5, 5, 2, 1, 7, 8, 0]",27.0
