,Activity,Product,Resource,Check_resource_type,Machine_id,Request moment,Retrieve moment,Start,Finish
0,0,3,Fermenter_1,Fermenter_1,0,9,9,9,85
1,0,19,Fermenter_2,Fermenter_2,0,0,0,0,102
2,0,9,Fermenter_4,Fermenter_4,0,12,12,12,118
3,2,3,Harvesting tanks B,Harvesting tanks B,2,61,61,61,130
4,1,3,Filters A,Filters A,1,101,101,101,130
5,1,19,Buffer tanks,Buffer tanks,0,117,117,117,148
6,2,19,Microfilter,Microfilter,0,119,119,119,148
7,2,9,Harvesting tanks B,Harvesting tanks B,3,98,98,98,157
8,1,9,Filters A,Filters A,2,129,129,129,157
9,4,19,Harvesting tanks B,Harvesting tanks B,0,71,71,71,158
10,3,19,Filters A,Filters A,0,117,117,117,158
11,5,19,Buffer tanks,Buffer tanks,1,132,132,132,160
12,6,19,Microfilter,Microfilter,1,132,132,132,160
13,0,5,Fermenter_1,Fermenter_1,0,15,85,85,161
14,6,9,Harvesting tanks B,Harvesting tanks B,4,98,98,98,166
15,5,9,Filters A,Filters A,1,129,130,130,167
16,0,1,Fermenter_3,Fermenter_3,0,3,3,3,168
17,7,19,Buffer tanks,Buffer tanks,2,145,145,145,171
18,8,19,Microfilter,Microfilter,2,145,145,145,171
19,0,7,Fermenter_2,Fermenter_2,0,21,102,102,184
20,2,7,Harvesting tanks B,Harvesting tanks B,3,161,161,161,193
21,1,7,Filters A,Filters A,0,177,177,177,193
22,7,9,Microfilter,Microfilter,1,130,160,160,196
23,3,9,Buffer tanks,Buffer tanks,1,129,160,160,197
24,4,3,Microfilter,Microfilter,0,104,148,148,198
25,3,3,Buffer tanks,Buffer tanks,0,101,148,148,201
26,2,5,Harvesting tanks B,Harvesting tanks B,2,137,137,137,206
27,1,5,Filters A,Filters A,2,177,177,177,206
28,2,16,Harvesting tanks B,Harvesting tanks B,5,180,180,180,206
29,8,9,Microfilter,Microfilter,2,130,171,171,207
30,4,9,Buffer tanks,Buffer tanks,2,129,171,171,208
31,0,16,Fermenter_5,Fermenter_5,0,48,48,48,210
32,10,9,Microfilter,Microfilter,1,141,196,196,230
33,9,9,Buffer tanks,Buffer tanks,1,141,197,197,231
34,12,9,Microfilter,Microfilter,0,141,198,198,234
35,11,9,Buffer tanks,Buffer tanks,0,141,201,201,237
36,5,3,Stabilization tanks,Stabilization tanks,2,154,154,154,247
37,4,16,Microfilter,Microfilter,2,195,207,207,249
38,3,16,Buffer tanks,Buffer tanks,2,195,208,208,250
39,2,1,Harvesting tanks B,Harvesting tanks B,1,138,138,138,251
40,1,1,Filters B,Filters B,0,153,153,153,251
41,1,16,Filters B,Filters B,0,195,251,251,262
42,9,19,Stabilization tanks,Stabilization tanks,0,148,148,148,264
43,13,9,Stabilization tanks,Stabilization tanks,3,141,141,141,266
44,4,7,Microfilter,Microfilter,0,177,234,234,276
45,3,1,Buffer tanks,Buffer tanks,3,153,153,153,277
46,4,1,Microfilter,Microfilter,3,153,153,153,277
47,3,7,Buffer tanks,Buffer tanks,0,177,237,237,279
48,0,11,Fermenter_4,Fermenter_4,0,18,118,118,280
49,4,5,Microfilter,Microfilter,1,180,230,230,280
50,1,2,Harvesting tanks A,Harvesting tanks A,0,258,258,258,282
51,3,5,Buffer tanks,Buffer tanks,1,177,231,231,284
52,0,4,Fermenter_2,Fermenter_2,0,27,184,184,286
53,0,6,Fermenter_1,Fermenter_1,0,33,161,161,305
54,0,49,Fermenter_5,Fermenter_5,0,168,210,210,306
55,1,11,Harvesting tanks B,Harvesting tanks B,0,257,257,257,307
56,5,7,Stabilization tanks,Stabilization tanks,6,219,219,219,312
57,2,49,Harvesting tanks B,Harvesting tanks B,1,291,291,291,312
58,5,5,Stabilization tanks,Stabilization tanks,5,230,230,230,323
59,5,16,Stabilization tanks,Stabilization tanks,4,237,237,237,326
60,0,2,Fermenter_3,Fermenter_3,0,6,168,168,327
61,5,2,Harvesting tanks B,Harvesting tanks B,2,258,258,258,328
62,4,2,Filters A,Filters A,0,282,282,282,328
63,2,11,Buffer tanks,Buffer tanks,2,272,272,272,330
64,3,11,Microfilter,Microfilter,2,272,272,272,330
65,2,6,Harvesting tanks B,Harvesting tanks B,3,277,277,277,338
66,1,6,Filters A,Filters A,1,308,308,308,338
67,1,49,Filters A,Filters A,0,300,328,328,340
68,5,11,Harvesting tanks B,Harvesting tanks B,4,257,257,257,341
69,4,11,Filters B,Filters B,0,272,272,272,341
70,3,6,Buffer tanks,Buffer tanks,0,308,308,308,353
71,4,6,Microfilter,Microfilter,3,310,310,310,353
72,6,11,Buffer tanks,Buffer tanks,3,307,307,307,364
73,7,11,Microfilter,Microfilter,0,307,307,307,364
74,5,1,Stabilization tanks,Stabilization tanks,1,277,277,277,366
75,5,6,Buffer tanks,Buffer tanks,1,324,324,324,367
76,6,6,Microfilter,Microfilter,1,324,324,324,367
77,1,23,Harvesting tanks A,Harvesting tanks A,2,337,337,337,369
78,2,2,Buffer tanks,Buffer tanks,2,282,330,330,374
79,3,2,Microfilter,Microfilter,2,282,330,330,374
80,4,4,Harvesting tanks B,Harvesting tanks B,5,255,255,255,376
81,3,4,Filters A,Filters A,2,312,312,312,376
82,1,10,Harvesting tanks B,Harvesting tanks B,0,325,325,325,381
83,2,10,Harvesting tanks A,Harvesting tanks A,1,325,325,325,386
84,0,14,Fermenter_2,Fermenter_2,0,42,286,286,388
85,6,2,Buffer tanks,Buffer tanks,0,312,353,353,392
86,7,2,Microfilter,Microfilter,3,312,353,353,392
87,1,13,Harvesting tanks A,Harvesting tanks A,0,369,369,369,393
88,0,10,Fermenter_4,Fermenter_4,0,24,280,280,397
89,2,23,Harvesting tanks A,Harvesting tanks A,3,337,337,337,400
90,3,49,Buffer tanks,Buffer tanks,2,300,374,374,403
91,4,49,Microfilter,Microfilter,2,300,374,374,403
92,4,10,Harvesting tanks B,Harvesting tanks B,1,325,325,325,413
93,3,10,Filters A,Filters A,1,361,361,361,413
94,5,49,Stabilization tanks,Stabilization tanks,2,329,329,329,418
95,2,4,Microfilter,Microfilter,0,315,364,364,419
96,1,4,Buffer tanks,Buffer tanks,3,312,364,364,422
97,5,4,Buffer tanks,Buffer tanks,1,345,367,367,422
98,6,4,Microfilter,Microfilter,1,345,367,367,422
99,2,13,Harvesting tanks A,Harvesting tanks A,2,369,369,369,427
100,0,23,Fermenter_1,Fermenter_1,0,36,305,305,430
101,7,10,Microfilter,Microfilter,3,396,396,396,430
102,9,10,Harvesting tanks B,Harvesting tanks B,2,379,379,379,436
103,8,10,Filters A,Filters A,0,397,397,397,436
104,6,10,Buffer tanks,Buffer tanks,2,397,403,403,436
105,8,2,Stabilization tanks,Stabilization tanks,9,303,303,303,440
106,4,14,Harvesting tanks B,Harvesting tanks B,3,357,357,357,444
107,3,14,Filters A,Filters A,2,403,403,403,444
108,2,14,Microfilter,Microfilter,0,405,419,419,448
109,3,23,Filters A,Filters A,1,422,422,422,448
110,6,14,Microfilter,Microfilter,1,418,422,422,450
111,4,23,Harvesting tanks B,Harvesting tanks B,4,337,341,341,452
112,1,14,Buffer tanks,Buffer tanks,1,403,422,422,453
113,7,6,Stabilization tanks,Stabilization tanks,8,353,353,353,456
114,5,10,Buffer tanks,Buffer tanks,0,361,392,392,456
115,6,23,Harvesting tanks B,Harvesting tanks B,5,413,413,413,456
116,5,23,Filters A,Filters A,0,437,437,437,456
117,8,11,Stabilization tanks,Stabilization tanks,7,330,330,330,457
118,8,14,Microfilter,Microfilter,3,431,431,431,457
119,5,14,Buffer tanks,Buffer tanks,2,418,436,436,464
120,2,78,Harvesting tanks B,Harvesting tanks B,0,438,438,438,464
121,1,78,Filters B,Filters B,0,453,453,453,464
122,0,78,Fermenter_5,Fermenter_5,0,267,306,306,468
123,0,13,Fermenter_3,Fermenter_3,0,39,327,327,477
124,7,14,Buffer tanks,Buffer tanks,1,431,453,453,479
125,11,23,Microfilter,Microfilter,1,438,450,450,483
126,10,10,Buffer tanks,Buffer tanks,3,393,422,422,484
127,8,23,Microfilter,Microfilter,0,424,448,448,484
128,7,4,Stabilization tanks,Stabilization tanks,10,370,370,370,489
129,0,17,Fermenter_2,Fermenter_2,0,51,388,388,490
130,9,23,Buffer tanks,Buffer tanks,2,438,464,464,490
131,13,23,Microfilter,Microfilter,3,439,457,457,493
132,7,23,Buffer tanks,Buffer tanks,0,422,456,456,494
133,11,10,Microfilter,Microfilter,2,362,403,403,496
134,10,23,Buffer tanks,Buffer tanks,1,453,479,479,497
135,3,13,Microfilter,Microfilter,0,458,484,484,521
136,12,23,Buffer tanks,Buffer tanks,3,437,484,484,522
137,4,78,Microfilter,Microfilter,1,453,483,483,525
138,3,78,Buffer tanks,Buffer tanks,2,453,490,490,532
139,4,17,Harvesting tanks B,Harvesting tanks B,2,459,459,459,546
140,3,17,Filters A,Filters A,2,505,505,505,546
141,12,10,Stabilization tanks,Stabilization tanks,0,394,394,394,548
142,9,14,Stabilization tanks,Stabilization tanks,3,434,434,434,550
143,2,17,Microfilter,Microfilter,1,507,525,525,554
144,0,8,Fermenter_4,Fermenter_4,0,30,397,397,555
145,14,23,Stabilization tanks,Stabilization tanks,6,460,460,460,564
146,0,43,Fermenter_5,Fermenter_5,0,270,468,468,564
147,4,13,Buffer tanks,Buffer tanks,0,448,494,494,565
148,2,43,Harvesting tanks B,Harvesting tanks B,5,549,549,549,570
149,1,43,Filters A,Filters A,2,558,558,558,570
150,5,13,Buffer tanks,Buffer tanks,1,458,497,497,571
151,7,13,Filters B,Filters B,0,427,464,464,573
152,0,21,Fermenter_1,Fermenter_1,0,63,430,430,574
153,6,13,Microfilter,Microfilter,3,448,493,493,577
154,1,15,Harvesting tanks B,Harvesting tanks B,0,522,522,522,578
155,4,8,Harvesting tanks B,Harvesting tanks B,3,533,533,533,578
156,3,8,Filters A,Filters A,1,548,548,548,578
157,8,13,Harvesting tanks B,Harvesting tanks B,1,369,413,413,580
158,6,17,Microfilter,Microfilter,1,520,554,554,582
159,2,15,Harvesting tanks A,Harvesting tanks A,1,522,522,522,583
160,5,78,Stabilization tanks,Stabilization tanks,5,495,495,495,584
161,1,18,Harvesting tanks A,Harvesting tanks A,0,574,574,574,589
162,0,15,Fermenter_3,Fermenter_3,0,45,477,477,594
163,1,17,Buffer tanks,Buffer tanks,0,505,565,565,596
164,5,17,Buffer tanks,Buffer tanks,1,520,571,571,599
165,8,17,Microfilter,Microfilter,3,533,577,577,603
166,13,13,Stabilization tanks,Stabilization tanks,4,458,458,458,607
167,2,21,Harvesting tanks B,Harvesting tanks B,4,546,546,546,607
168,1,21,Filters A,Filters A,0,577,577,577,607
169,2,8,Microfilter,Microfilter,1,548,582,582,610
170,10,13,Microfilter,Microfilter,2,427,496,496,621
171,3,15,Filters A,Filters A,2,558,570,570,622
172,7,17,Buffer tanks,Buffer tanks,0,533,596,596,622
173,1,0,Harvesting tanks A,Harvesting tanks A,2,607,607,607,624
174,1,8,Buffer tanks,Buffer tanks,1,548,599,599,627
175,6,8,Microfilter,Microfilter,3,563,603,603,631
176,9,15,Harvesting tanks B,Harvesting tanks B,5,576,576,576,633
177,8,15,Filters A,Filters A,1,594,594,594,633
178,4,15,Harvesting tanks B,Harvesting tanks B,2,522,546,546,634
179,12,13,Microfilter,Microfilter,0,437,521,521,647
180,9,13,Buffer tanks,Buffer tanks,3,427,522,522,647
181,5,8,Buffer tanks,Buffer tanks,0,563,622,622,650
182,9,17,Stabilization tanks,Stabilization tanks,2,536,536,536,652
183,4,21,Microfilter,Microfilter,1,579,610,610,653
184,1,24,Harvesting tanks A,Harvesting tanks A,0,574,589,589,655
185,14,13,Stabilization tanks,Stabilization tanks,1,519,519,519,656
186,11,13,Buffer tanks,Buffer tanks,2,437,532,532,658
187,2,18,Harvesting tanks A,Harvesting tanks A,3,574,574,574,659
188,4,43,Microfilter,Microfilter,3,558,631,631,660
189,6,21,Microfilter,Microfilter,2,593,621,621,664
190,0,24,Fermenter_1,Fermenter_1,0,72,574,574,665
191,2,0,Harvesting tanks A,Harvesting tanks A,1,607,607,607,668
192,3,21,Buffer tanks,Buffer tanks,1,577,627,627,672
193,5,43,Stabilization tanks,Stabilization tanks,7,587,587,587,676
194,0,18,Fermenter_2,Fermenter_2,0,57,490,490,677
195,3,43,Buffer tanks,Buffer tanks,0,558,650,650,679
196,4,0,Harvesting tanks B,Harvesting tanks B,1,607,607,607,680
197,3,0,Filters A,Filters A,1,641,641,641,680
198,7,15,Microfilter,Microfilter,0,593,647,647,681
199,0,0,Fermenter_4,Fermenter_4,0,54,555,555,683
200,7,8,Stabilization tanks,Stabilization tanks,9,576,576,576,684
201,5,21,Buffer tanks,Buffer tanks,3,593,647,647,690
202,5,18,Harvesting tanks B,Harvesting tanks B,0,649,649,649,691
203,3,18,Filters A,Filters A,0,672,672,672,691
204,4,18,Filters A,Filters A,2,680,680,680,691
205,6,18,Harvesting tanks B,Harvesting tanks B,3,574,578,578,695
206,3,24,Harvesting tanks B,Harvesting tanks B,2,640,640,640,699
207,8,0,Harvesting tanks B,Harvesting tanks B,4,607,607,607,700
208,2,12,Harvesting tanks A,Harvesting tanks A,2,639,639,639,700
209,8,18,Microfilter,Microfilter,3,673,673,673,700
210,7,0,Filters A,Filters A,1,676,680,680,704
211,6,15,Buffer tanks,Buffer tanks,1,594,672,672,705
212,11,18,Microfilter,Microfilter,2,681,681,681,708
213,0,12,Fermenter_3,Fermenter_3,0,69,594,594,711
214,6,0,Microfilter,Microfilter,0,654,681,681,715
215,7,18,Buffer tanks,Buffer tanks,3,672,690,690,718
216,2,24,Filters A,Filters A,0,669,691,691,721
217,5,15,Buffer tanks,Buffer tanks,2,558,658,658,722
218,2,92,Harvesting tanks B,Harvesting tanks B,5,696,696,696,722
219,1,92,Filters B,Filters B,0,711,711,711,722
220,7,21,Stabilization tanks,Stabilization tanks,8,622,622,622,725
221,0,92,Fermenter_5,Fermenter_5,0,276,564,564,726
222,5,0,Buffer tanks,Buffer tanks,2,678,722,722,727
223,9,18,Buffer tanks,Buffer tanks,1,680,705,705,728
224,1,12,Harvesting tanks B,Harvesting tanks B,1,639,680,680,736
225,10,18,Buffer tanks,Buffer tanks,3,689,718,718,737
226,10,15,Buffer tanks,Buffer tanks,0,590,679,679,741
227,12,0,Microfilter,Microfilter,2,678,708,708,741
228,3,12,Filters A,Filters A,2,675,691,691,743
229,12,15,Stabilization tanks,Stabilization tanks,10,591,591,591,745
230,11,15,Microfilter,Microfilter,1,559,653,653,746
231,8,12,Filters A,Filters A,1,711,711,711,750
232,9,12,Harvesting tanks B,Harvesting tanks B,3,693,695,695,752
233,1,22,Harvesting tanks A,Harvesting tanks A,3,735,735,735,752
234,4,92,Microfilter,Microfilter,0,711,715,715,757
235,10,0,Microfilter,Microfilter,3,641,700,700,760
236,1,20,Harvesting tanks A,Harvesting tanks A,0,718,718,718,772
237,9,0,Buffer tanks,Buffer tanks,2,654,727,727,774
238,4,12,Harvesting tanks B,Harvesting tanks B,0,639,691,691,779
239,3,92,Buffer tanks,Buffer tanks,3,711,737,737,779
240,7,12,Microfilter,Microfilter,1,710,746,746,780
241,5,24,Microfilter,Microfilter,2,671,741,741,794
242,2,22,Harvesting tanks A,Harvesting tanks A,1,735,735,735,796
243,4,24,Buffer tanks,Buffer tanks,0,669,741,741,796
244,12,18,Stabilization tanks,Stabilization tanks,0,700,700,700,797
245,11,0,Buffer tanks,Buffer tanks,1,641,728,728,798
246,13,0,Stabilization tanks,Stabilization tanks,3,662,662,662,800
247,0,20,Fermenter_2,Fermenter_2,0,60,677,677,802
248,4,22,Harvesting tanks B,Harvesting tanks B,5,735,735,735,808
249,3,22,Filters A,Filters A,0,769,769,769,808
250,0,22,Fermenter_4,Fermenter_4,0,66,683,683,811
251,6,12,Buffer tanks,Buffer tanks,3,711,779,779,812
252,6,24,Stabilization tanks,Stabilization tanks,5,724,724,724,813
253,2,20,Buffer tanks,Buffer tanks,3,790,812,812,813
254,4,20,Microfilter,Microfilter,1,790,790,790,818
255,0,104,Fermenter_5,Fermenter_5,0,312,726,726,822
256,6,20,Harvesting tanks B,Harvesting tanks B,4,718,718,718,824
257,1,26,Harvesting tanks A,Harvesting tanks A,2,801,801,801,825
258,0,29,Fermenter_1,Fermenter_1,0,87,665,665,827
259,7,22,Filters A,Filters A,2,804,804,804,828
260,2,104,Harvesting tanks B,Harvesting tanks B,0,807,807,807,828
261,1,104,Filters A,Filters A,0,816,816,816,828
262,8,22,Harvesting tanks B,Harvesting tanks B,1,735,736,736,829
263,5,12,Buffer tanks,Buffer tanks,2,675,774,774,838
264,3,20,Buffer tanks,Buffer tanks,3,791,813,813,840
265,5,92,Stabilization tanks,Stabilization tanks,6,753,753,753,842
266,2,29,Harvesting tanks B,Harvesting tanks B,2,804,804,804,849
267,1,29,Filters B,Filters B,0,819,819,819,849
268,11,12,Microfilter,Microfilter,0,676,757,757,850
269,8,20,Microfilter,Microfilter,2,772,794,794,856
270,10,12,Buffer tanks,Buffer tanks,0,707,796,796,858
271,12,12,Stabilization tanks,Stabilization tanks,4,708,708,708,862
272,5,22,Buffer tanks,Buffer tanks,0,806,858,858,863
273,0,26,Fermenter_3,Fermenter_3,0,78,711,711,870
274,5,26,Harvesting tanks B,Harvesting tanks B,3,801,801,801,871
275,4,26,Filters A,Filters A,1,825,825,825,871
276,3,29,Buffer tanks,Buffer tanks,1,819,819,819,872
277,4,29,Microfilter,Microfilter,3,819,819,819,872
278,10,20,Microfilter,Microfilter,1,781,818,818,880
279,6,22,Microfilter,Microfilter,0,782,850,850,884
280,1,25,Harvesting tanks A,Harvesting tanks A,3,843,843,843,897
281,7,20,Buffer tanks,Buffer tanks,2,772,838,838,900
282,5,20,Filters B,Filters B,0,772,849,849,901
283,9,20,Buffer tanks,Buffer tanks,3,781,840,840,902
284,12,22,Microfilter,Microfilter,3,806,872,872,905
285,9,22,Buffer tanks,Buffer tanks,0,782,863,863,910
286,1,36,Harvesting tanks B,Harvesting tanks B,4,856,856,856,912
287,10,22,Microfilter,Microfilter,2,769,856,856,916
288,2,36,Harvesting tanks A,Harvesting tanks A,0,856,856,856,917
289,7,26,Microfilter,Microfilter,0,855,884,884,923
290,3,26,Microfilter,Microfilter,1,825,880,880,924
291,11,20,Stabilization tanks,Stabilization tanks,1,791,791,791,927
292,0,25,Fermenter_2,Fermenter_2,0,75,802,802,927
293,13,22,Stabilization tanks,Stabilization tanks,9,790,790,790,928
294,0,36,Fermenter_4,Fermenter_4,0,90,811,811,928
295,1,27,Harvesting tanks A,Harvesting tanks A,1,911,911,911,931
296,5,104,Stabilization tanks,Stabilization tanks,10,845,845,845,934
297,4,104,Microfilter,Microfilter,3,816,905,905,934
298,12,20,Stabilization tanks,Stabilization tanks,7,843,843,843,936
299,3,104,Buffer tanks,Buffer tanks,0,816,910,910,939
300,2,25,Buffer tanks,Buffer tanks,0,915,939,939,940
301,6,26,Buffer tanks,Buffer tanks,3,855,902,902,941
302,11,22,Buffer tanks,Buffer tanks,1,769,872,872,942
303,4,36,Harvesting tanks B,Harvesting tanks B,0,856,856,856,944
304,3,36,Filters A,Filters A,2,892,892,892,944
305,2,26,Buffer tanks,Buffer tanks,2,825,900,900,944
306,4,25,Microfilter,Microfilter,2,915,916,916,944
307,6,25,Harvesting tanks B,Harvesting tanks B,5,843,843,843,949
308,5,25,Filters B,Filters B,0,897,901,901,953
309,5,29,Stabilization tanks,Stabilization tanks,2,872,872,872,965
310,2,27,Harvesting tanks A,Harvesting tanks A,2,911,911,911,965
311,9,36,Harvesting tanks B,Harvesting tanks B,1,910,910,910,967
312,8,36,Filters A,Filters A,0,928,928,928,967
313,3,25,Buffer tanks,Buffer tanks,0,916,940,940,967
314,7,36,Microfilter,Microfilter,3,927,934,934,968
315,0,31,Fermenter_1,Fermenter_1,0,93,827,827,971
316,2,109,Harvesting tanks B,Harvesting tanks B,2,954,954,954,980
317,1,109,Filters B,Filters B,0,969,969,969,980
318,8,26,Stabilization tanks,Stabilization tanks,8,846,846,846,983
319,0,109,Fermenter_5,Fermenter_5,0,327,822,822,984
320,8,25,Microfilter,Microfilter,0,897,923,923,985
321,10,25,Microfilter,Microfilter,1,906,924,924,986
322,0,28,Fermenter_2,Fermenter_2,0,84,927,927,988
323,6,36,Buffer tanks,Buffer tanks,0,928,967,967,1000
324,7,25,Buffer tanks,Buffer tanks,3,897,941,941,1003
325,9,25,Buffer tanks,Buffer tanks,1,906,942,942,1004
326,2,31,Harvesting tanks B,Harvesting tanks B,3,943,943,943,1004
327,1,31,Filters A,Filters A,1,974,974,974,1004
328,0,27,Fermenter_3,Fermenter_3,0,81,870,870,1005
329,5,36,Buffer tanks,Buffer tanks,2,892,944,944,1008
330,4,109,Microfilter,Microfilter,3,969,969,969,1011
331,2,28,Harvesting tanks B,Harvesting tanks B,0,975,975,975,1026
332,1,28,Filters A,Filters A,2,1009,1009,1009,1026
333,4,31,Microfilter,Microfilter,0,976,985,985,1028
334,6,31,Microfilter,Microfilter,1,990,990,990,1033
335,11,36,Microfilter,Microfilter,2,893,944,944,1037
336,8,27,Harvesting tanks B,Harvesting tanks B,4,911,912,912,1043
337,3,109,Buffer tanks,Buffer tanks,3,969,1003,1003,1045
338,0,35,Fermenter_1,Fermenter_1,0,105,971,971,1047
339,3,31,Buffer tanks,Buffer tanks,1,974,1004,1004,1049
340,5,31,Buffer tanks,Buffer tanks,2,990,1008,1008,1051
341,11,25,Stabilization tanks,Stabilization tanks,0,916,916,916,1052
342,7,27,Filters B,Filters B,0,965,980,980,1057
343,1,34,Harvesting tanks A,Harvesting tanks A,3,1000,1000,1000,1060
344,12,25,Stabilization tanks,Stabilization tanks,3,968,968,968,1061
345,10,36,Buffer tanks,Buffer tanks,0,924,1000,1000,1062
346,4,27,Microfilter,Microfilter,3,973,1011,1011,1067
347,12,36,Stabilization tanks,Stabilization tanks,5,925,925,925,1079
348,0,34,Fermenter_4,Fermenter_4,0,102,928,928,1086
349,6,27,Microfilter,Microfilter,0,981,1028,1028,1086
350,4,28,Microfilter,Microfilter,3,1011,1067,1067,1087
351,0,32,Fermenter_2,Fermenter_2,0,96,988,988,1090
352,10,27,Microfilter,Microfilter,1,989,1033,1033,1091
353,2,35,Harvesting tanks B,Harvesting tanks B,2,1023,1023,1023,1092
354,1,35,Filters A,Filters A,2,1063,1063,1063,1092
355,3,27,Buffer tanks,Buffer tanks,3,981,1045,1045,1093
356,3,34,Harvesting tanks B,Harvesting tanks B,5,1000,1000,1000,1099
357,2,34,Filters A,Filters A,0,1078,1078,1078,1099
358,5,109,Stabilization tanks,Stabilization tanks,6,1011,1011,1011,1100
359,6,28,Microfilter,Microfilter,0,1019,1086,1086,1105
360,0,33,Fermenter_3,Fermenter_3,0,99,1005,1005,1107
361,9,27,Buffer tanks,Buffer tanks,2,989,1051,1051,1109
362,1,39,Harvesting tanks A,Harvesting tanks A,0,1047,1047,1047,1113
363,3,28,Buffer tanks,Buffer tanks,3,1009,1093,1093,1115
364,7,31,Stabilization tanks,Stabilization tanks,4,1019,1019,1019,1122
365,5,27,Buffer tanks,Buffer tanks,1,965,1049,1049,1123
366,6,34,Microfilter,Microfilter,3,1080,1087,1087,1125
367,7,28,Stabilization tanks,Stabilization tanks,7,1031,1031,1031,1127
368,5,28,Buffer tanks,Buffer tanks,2,1019,1109,1109,1128
369,8,34,Harvesting tanks B,Harvesting tanks B,1,1063,1063,1063,1131
370,7,34,Filters A,Filters A,1,1096,1096,1096,1131
371,12,27,Microfilter,Microfilter,2,965,1037,1037,1132
372,0,39,Fermenter_1,Fermenter_1,0,111,1047,1047,1138
373,13,27,Stabilization tanks,Stabilization tanks,1,989,989,989,1140
374,14,27,Stabilization tanks,Stabilization tanks,9,1024,1024,1024,1140
375,10,34,Microfilter,Microfilter,1,1110,1110,1110,1143
376,5,34,Buffer tanks,Buffer tanks,1,1096,1123,1123,1145
377,4,34,Buffer tanks,Buffer tanks,3,1078,1115,1115,1147
378,11,27,Buffer tanks,Buffer tanks,0,973,1062,1062,1149
379,15,27,Stabilization tanks,Stabilization tanks,10,1060,1060,1060,1153
380,4,33,Harvesting tanks B,Harvesting tanks B,0,1076,1076,1076,1155
381,4,35,Microfilter,Microfilter,0,1066,1105,1105,1155
382,3,33,Filters A,Filters A,0,1122,1122,1122,1155
383,9,33,Harvesting tanks B,Harvesting tanks B,4,1076,1076,1076,1163
384,9,34,Buffer tanks,Buffer tanks,2,1104,1128,1128,1167
385,1,52,Harvesting tanks A,Harvesting tanks A,2,1148,1148,1148,1168
386,2,33,Microfilter,Microfilter,1,1124,1143,1143,1170
387,3,39,Harvesting tanks B,Harvesting tanks B,2,1113,1113,1113,1172
388,8,33,Filters A,Filters A,1,1122,1131,1131,1172
389,4,32,Harvesting tanks B,Harvesting tanks B,3,1059,1059,1059,1180
390,3,32,Filters A,Filters A,2,1116,1116,1116,1180
391,2,32,Microfilter,Microfilter,3,1119,1125,1125,1180
392,6,33,Microfilter,Microfilter,0,1136,1155,1155,1180
393,2,39,Filters A,Filters A,0,1142,1155,1155,1185
394,1,37,Harvesting tanks B,Harvesting tanks B,5,1131,1131,1131,1187
395,2,37,Harvesting tanks A,Harvesting tanks A,1,1131,1131,1131,1192
396,1,33,Buffer tanks,Buffer tanks,2,1122,1167,1167,1196
397,10,33,Microfilter,Microfilter,1,1136,1170,1170,1197
398,3,35,Buffer tanks,Buffer tanks,1,1063,1145,1145,1198
399,0,30,Fermenter_2,Fermenter_2,0,108,1090,1090,1202
400,2,52,Harvesting tanks A,Harvesting tanks A,3,1148,1148,1148,1202
401,0,37,Fermenter_4,Fermenter_4,0,117,1086,1086,1203
402,6,32,Microfilter,Microfilter,2,1149,1149,1149,1204
403,5,32,Buffer tanks,Buffer tanks,0,1149,1149,1149,1204
404,1,32,Buffer tanks,Buffer tanks,3,1116,1147,1147,1205
405,1,38,Harvesting tanks A,Harvesting tanks A,0,1165,1165,1165,1205
406,5,35,Stabilization tanks,Stabilization tanks,8,1116,1116,1116,1209
407,4,37,Harvesting tanks B,Harvesting tanks B,1,1131,1131,1131,1219
408,5,33,Buffer tanks,Buffer tanks,2,1136,1196,1196,1221
409,3,37,Filters A,Filters A,1,1167,1172,1172,1224
410,2,30,Harvesting tanks B,Harvesting tanks B,4,1175,1175,1175,1225
411,7,33,Buffer tanks,Buffer tanks,1,1136,1198,1198,1225
412,1,30,Filters A,Filters A,0,1184,1185,1185,1226
413,11,34,Stabilization tanks,Stabilization tanks,2,1110,1110,1110,1232
414,5,39,Microfilter,Microfilter,0,1144,1180,1180,1233
415,12,33,Microfilter,Microfilter,3,1124,1180,1180,1234
416,2,38,Harvesting tanks A,Harvesting tanks A,2,1165,1168,1168,1236
417,7,37,Microfilter,Microfilter,1,1202,1202,1202,1236
418,0,52,Fermenter_3,Fermenter_3,0,120,1107,1107,1242
419,9,37,Harvesting tanks B,Harvesting tanks B,0,1185,1185,1185,1242
420,8,37,Filters A,Filters A,2,1203,1203,1203,1242
421,6,37,Buffer tanks,Buffer tanks,1,1203,1225,1225,1258
422,11,33,Buffer tanks,Buffer tanks,0,1122,1204,1204,1260
423,4,39,Buffer tanks,Buffer tanks,3,1142,1205,1205,1260
424,0,38,Fermenter_1,Fermenter_1,0,114,1138,1138,1261
425,13,33,Stabilization tanks,Stabilization tanks,3,1136,1136,1136,1271
426,3,38,Filters A,Filters A,1,1255,1255,1255,1278
427,7,52,Filters B,Filters B,0,1202,1202,1202,1279
428,5,37,Buffer tanks,Buffer tanks,2,1167,1221,1221,1285
429,6,39,Stabilization tanks,Stabilization tanks,5,1197,1197,1197,1286
430,6,38,Harvesting tanks B,Harvesting tanks B,5,1246,1246,1246,1286
431,5,38,Filters A,Filters A,0,1268,1268,1268,1286
432,4,52,Microfilter,Microfilter,3,1210,1234,1234,1290
433,7,32,Stabilization tanks,Stabilization tanks,0,1174,1174,1174,1293
434,4,38,Harvesting tanks B,Harvesting tanks B,3,1165,1180,1180,1293
435,6,52,Microfilter,Microfilter,1,1218,1236,1236,1294
436,11,37,Microfilter,Microfilter,2,1168,1204,1204,1297
437,4,30,Microfilter,Microfilter,0,1184,1233,1233,1298
438,8,52,Harvesting tanks B,Harvesting tanks B,2,1148,1172,1172,1303
439,0,47,Fermenter_2,Fermenter_2,0,141,1202,1202,1304
440,1,44,Harvesting tanks B,Harvesting tanks B,4,1248,1248,1248,1304
441,3,52,Buffer tanks,Buffer tanks,3,1218,1260,1260,1308
442,2,44,Harvesting tanks A,Harvesting tanks A,1,1248,1248,1248,1309
443,0,44,Fermenter_4,Fermenter_4,0,132,1203,1203,1320
444,10,37,Buffer tanks,Buffer tanks,1,1199,1258,1258,1320
445,1,40,Harvesting tanks A,Harvesting tanks A,3,1242,1242,1242,1323
446,3,30,Buffer tanks,Buffer tanks,0,1184,1260,1260,1325
447,8,38,Microfilter,Microfilter,2,1257,1297,1297,1331
448,11,38,Microfilter,Microfilter,0,1269,1298,1298,1331
449,4,44,Harvesting tanks B,Harvesting tanks B,0,1248,1248,1248,1336
450,3,44,Filters A,Filters A,1,1284,1284,1284,1336
451,0,40,Fermenter_3,Fermenter_3,0,129,1242,1242,1340
452,5,30,Stabilization tanks,Stabilization tanks,4,1249,1249,1249,1342
453,10,52,Microfilter,Microfilter,3,1226,1290,1290,1348
454,12,37,Stabilization tanks,Stabilization tanks,6,1200,1200,1200,1354
455,5,52,Buffer tanks,Buffer tanks,2,1202,1285,1285,1359
456,9,44,Harvesting tanks B,Harvesting tanks B,5,1302,1302,1302,1359
457,8,44,Filters A,Filters A,0,1320,1320,1320,1359
458,4,47,Harvesting tanks B,Harvesting tanks B,1,1273,1273,1273,1360
459,3,47,Filters A,Filters A,2,1319,1319,1319,1360
460,3,40,Harvesting tanks B,Harvesting tanks B,3,1323,1323,1323,1360
461,2,47,Microfilter,Microfilter,0,1321,1331,1331,1360
462,7,38,Buffer tanks,Buffer tanks,0,1255,1325,1325,1361
463,1,48,Harvesting tanks A,Harvesting tanks A,1,1334,1334,1334,1362
464,2,40,Filters A,Filters A,1,1332,1336,1336,1364
465,9,52,Buffer tanks,Buffer tanks,3,1226,1308,1308,1366
466,13,38,Microfilter,Microfilter,2,1270,1331,1331,1366
467,5,40,Harvesting tanks B,Harvesting tanks B,2,1323,1323,1323,1369
468,6,47,Microfilter,Microfilter,3,1334,1348,1348,1376
469,13,52,Stabilization tanks,Stabilization tanks,7,1226,1226,1226,1377
470,14,52,Stabilization tanks,Stabilization tanks,1,1261,1261,1261,1377
471,10,38,Buffer tanks,Buffer tanks,0,1283,1361,1361,1380
472,1,41,Harvesting tanks A,Harvesting tanks A,0,1319,1319,1319,1383
473,9,38,Buffer tanks,Buffer tanks,2,1269,1359,1359,1384
474,8,47,Microfilter,Microfilter,0,1347,1360,1360,1386
475,12,52,Microfilter,Microfilter,1,1202,1294,1294,1389
476,15,52,Stabilization tanks,Stabilization tanks,9,1297,1297,1297,1390
477,14,38,Stabilization tanks,Stabilization tanks,10,1291,1291,1291,1394
478,4,40,Filters A,Filters A,0,1332,1359,1359,1396
479,7,44,Microfilter,Microfilter,2,1319,1366,1366,1400
480,12,38,Buffer tanks,Buffer tanks,3,1268,1366,1366,1403
481,2,48,Harvesting tanks A,Harvesting tanks A,3,1334,1334,1334,1406
482,11,52,Buffer tanks,Buffer tanks,1,1210,1320,1320,1407
483,1,47,Buffer tanks,Buffer tanks,0,1319,1380,1380,1411
484,5,47,Buffer tanks,Buffer tanks,2,1334,1384,1384,1412
485,0,48,Fermenter_2,Fermenter_2,0,144,1304,1304,1426
486,7,47,Buffer tanks,Buffer tanks,3,1347,1403,1403,1429
487,2,41,Harvesting tanks A,Harvesting tanks A,2,1319,1319,1319,1431
488,1,45,Harvesting tanks A,Harvesting tanks A,1,1395,1395,1395,1436
489,9,40,Microfilter,Microfilter,0,1332,1386,1386,1440
490,0,41,Fermenter_1,Fermenter_1,0,123,1261,1261,1442
491,10,40,Microfilter,Microfilter,1,1332,1389,1389,1443
492,6,44,Buffer tanks,Buffer tanks,0,1320,1411,1411,1444
493,0,50,Fermenter_3,Fermenter_3,0,150,1340,1340,1446
494,4,41,Harvesting tanks B,Harvesting tanks B,4,1319,1319,1319,1455
495,3,41,Filters A,Filters A,2,1437,1437,1437,1455
496,4,48,Harvesting tanks B,Harvesting tanks B,5,1400,1400,1400,1456
497,3,48,Filters A,Filters A,0,1433,1433,1433,1456
498,6,41,Harvesting tanks B,Harvesting tanks B,0,1418,1418,1418,1459
499,5,41,Filters A,Filters A,1,1441,1441,1441,1459
500,9,47,Stabilization tanks,Stabilization tanks,8,1350,1350,1350,1466
501,11,44,Microfilter,Microfilter,3,1285,1376,1376,1469
502,12,44,Stabilization tanks,Stabilization tanks,2,1317,1317,1317,1471
503,5,44,Buffer tanks,Buffer tanks,1,1284,1407,1407,1471
504,8,41,Microfilter,Microfilter,2,1438,1438,1438,1471
505,10,44,Buffer tanks,Buffer tanks,2,1316,1412,1412,1474
506,11,40,Stabilization tanks,Stabilization tanks,3,1380,1380,1380,1475
507,10,41,Microfilter,Microfilter,0,1442,1442,1442,1475
508,2,45,Harvesting tanks A,Harvesting tanks A,0,1395,1395,1395,1476
509,6,40,Buffer tanks,Buffer tanks,3,1332,1429,1429,1477
510,1,53,Harvesting tanks A,Harvesting tanks A,3,1456,1456,1456,1484
511,6,48,Harvesting tanks B,Harvesting tanks B,1,1334,1360,1360,1488
512,8,48,Microfilter,Microfilter,1,1430,1443,1443,1489
513,5,48,Filters A,Filters A,2,1428,1455,1455,1489
514,8,40,Buffer tanks,Buffer tanks,1,1366,1471,1471,1491
515,7,40,Buffer tanks,Buffer tanks,0,1332,1444,1444,1498
516,0,45,Fermenter_4,Fermenter_4,0,135,1320,1320,1500
517,7,41,Buffer tanks,Buffer tanks,2,1437,1474,1474,1508
518,9,41,Buffer tanks,Buffer tanks,3,1441,1477,1477,1511
519,4,45,Harvesting tanks B,Harvesting tanks B,3,1395,1395,1395,1512
520,3,45,Filters A,Filters A,0,1489,1489,1489,1512
521,2,50,Harvesting tanks B,Harvesting tanks B,5,1426,1456,1456,1515
522,11,48,Microfilter,Microfilter,3,1435,1469,1469,1515
523,13,48,Microfilter,Microfilter,2,1447,1471,1471,1516
524,6,50,Harvesting tanks B,Harvesting tanks B,0,1426,1459,1459,1527
525,2,53,Harvesting tanks A,Harvesting tanks A,2,1456,1456,1456,1528
526,7,45,Microfilter,Microfilter,0,1490,1490,1490,1536
527,7,48,Buffer tanks,Buffer tanks,1,1428,1491,1491,1539
528,1,50,Filters A,Filters A,0,1457,1512,1512,1540
529,10,48,Buffer tanks,Buffer tanks,2,1447,1508,1508,1542
530,9,45,Harvesting tanks B,Harvesting tanks B,2,1475,1475,1475,1545
531,8,45,Filters A,Filters A,1,1505,1505,1505,1545
532,9,48,Buffer tanks,Buffer tanks,0,1433,1498,1498,1546
533,0,53,Fermenter_2,Fermenter_2,0,159,1426,1426,1548
534,12,48,Buffer tanks,Buffer tanks,3,1452,1511,1511,1551
535,7,50,Microfilter,Microfilter,3,1458,1515,1515,1551
536,8,50,Microfilter,Microfilter,2,1458,1516,1516,1552
537,2,42,Harvesting tanks A,Harvesting tanks A,1,1500,1500,1500,1561
538,12,45,Harvesting tanks B,Harvesting tanks B,4,1475,1475,1475,1564
539,11,45,Filters A,Filters A,2,1505,1505,1505,1564
540,11,41,Stabilization tanks,Stabilization tanks,5,1471,1471,1471,1568
541,14,45,Microfilter,Microfilter,1,1525,1525,1525,1568
542,1,46,Harvesting tanks A,Harvesting tanks A,0,1552,1552,1552,1569
543,10,50,Microfilter,Microfilter,0,1469,1536,1536,1570
544,0,42,Fermenter_3,Fermenter_3,0,153,1446,1446,1571
545,6,45,Buffer tanks,Buffer tanks,2,1505,1542,1542,1573
546,5,45,Buffer tanks,Buffer tanks,1,1489,1539,1539,1575
547,5,50,Filters A,Filters A,0,1457,1540,1540,1577
548,4,53,Harvesting tanks B,Harvesting tanks B,1,1522,1522,1522,1578
549,3,53,Filters A,Filters A,1,1555,1555,1555,1578
550,14,48,Stabilization tanks,Stabilization tanks,0,1476,1476,1476,1581
551,1,42,Harvesting tanks B,Harvesting tanks B,0,1500,1527,1527,1585
552,0,54,Fermenter_1,Fermenter_1,0,126,1442,1442,1586
553,12,50,Microfilter,Microfilter,3,1469,1551,1551,1587
554,4,42,Harvesting tanks B,Harvesting tanks B,2,1553,1553,1553,1592
555,10,45,Buffer tanks,Buffer tanks,0,1505,1546,1546,1593
556,13,50,Stabilization tanks,Stabilization tanks,6,1469,1469,1469,1594
557,3,42,Filters A,Filters A,1,1574,1578,1578,1596
558,8,53,Microfilter,Microfilter,2,1552,1552,1552,1598
559,5,53,Filters A,Filters A,2,1550,1564,1564,1598
560,13,45,Buffer tanks,Buffer tanks,3,1514,1551,1551,1605
561,3,50,Buffer tanks,Buffer tanks,2,1457,1573,1573,1610
562,4,50,Buffer tanks,Buffer tanks,1,1457,1575,1575,1612
563,2,46,Harvesting tanks A,Harvesting tanks A,3,1552,1552,1552,1613
564,11,53,Microfilter,Microfilter,1,1557,1568,1568,1614
565,13,53,Microfilter,Microfilter,0,1569,1570,1570,1615
566,9,42,Harvesting tanks B,Harvesting tanks B,4,1553,1564,1564,1618
567,2,54,Harvesting tanks B,Harvesting tanks B,5,1558,1558,1558,1619
568,1,54,Filters A,Filters A,0,1589,1589,1589,1619
569,9,50,Buffer tanks,Buffer tanks,0,1469,1593,1593,1627
570,0,46,Fermenter_4,Fermenter_4,0,138,1500,1500,1628
571,8,42,Filters A,Filters A,1,1574,1596,1596,1629
572,4,54,Microfilter,Microfilter,3,1591,1591,1591,1634
573,6,53,Harvesting tanks B,Harvesting tanks B,3,1456,1512,1512,1640
574,11,50,Buffer tanks,Buffer tanks,3,1469,1605,1605,1641
575,6,54,Microfilter,Microfilter,2,1605,1605,1605,1648
576,0,51,Fermenter_2,Fermenter_2,0,162,1548,1548,1650
577,7,46,Filters A,Filters A,1,1621,1629,1629,1653
578,15,45,Stabilization tanks,Stabilization tanks,4,1525,1525,1525,1657
579,4,46,Harvesting tanks B,Harvesting tanks B,0,1552,1585,1585,1658
580,7,53,Buffer tanks,Buffer tanks,2,1550,1610,1610,1658
581,3,46,Filters A,Filters A,0,1586,1619,1619,1658
582,9,53,Buffer tanks,Buffer tanks,1,1555,1612,1612,1660
583,10,53,Buffer tanks,Buffer tanks,0,1569,1627,1627,1661
584,14,42,Microfilter,Microfilter,0,1575,1615,1615,1664
585,6,42,Microfilter,Microfilter,1,1539,1614,1614,1668
586,6,46,Microfilter,Microfilter,3,1599,1634,1634,1668
587,11,42,Filters A,Filters A,2,1538,1598,1598,1679
588,12,53,Buffer tanks,Buffer tanks,3,1574,1641,1641,1681
589,1,65,Harvesting tanks B,Harvesting tanks B,5,1625,1625,1625,1683
590,8,46,Harvesting tanks B,Harvesting tanks B,2,1552,1592,1592,1685
591,2,65,Harvesting tanks A,Harvesting tanks A,2,1625,1625,1625,1686
592,0,65,Fermenter_3,Fermenter_3,0,195,1571,1571,1696
593,12,42,Harvesting tanks B,Harvesting tanks B,1,1500,1578,1578,1697
594,12,46,Microfilter,Microfilter,0,1623,1664,1664,1697
595,2,51,Microfilter,Microfilter,1,1667,1668,1668,1697
596,14,53,Stabilization tanks,Stabilization tanks,7,1598,1598,1598,1703
597,3,54,Buffer tanks,Buffer tanks,2,1589,1658,1658,1703
598,5,54,Buffer tanks,Buffer tanks,1,1605,1660,1660,1703
599,4,51,Harvesting tanks B,Harvesting tanks B,4,1619,1619,1619,1706
600,3,51,Filters A,Filters A,1,1665,1665,1665,1706
601,1,80,Harvesting tanks A,Harvesting tanks A,1,1644,1644,1644,1708
602,10,46,Microfilter,Microfilter,2,1586,1648,1648,1708
603,6,51,Microfilter,Microfilter,3,1680,1680,1680,1708
604,7,42,Buffer tanks,Buffer tanks,3,1574,1681,1681,1709
605,5,46,Buffer tanks,Buffer tanks,3,1623,1709,1709,1714
606,5,42,Buffer tanks,Buffer tanks,0,1538,1661,1661,1716
607,15,42,Stabilization tanks,Stabilization tanks,9,1569,1569,1569,1717
608,4,65,Harvesting tanks B,Harvesting tanks B,3,1678,1678,1678,1717
609,3,65,Filters A,Filters A,0,1699,1699,1699,1717
610,8,51,Microfilter,Microfilter,0,1693,1697,1697,1723
611,1,59,Harvesting tanks A,Harvesting tanks A,3,1700,1700,1700,1730
612,9,65,Harvesting tanks B,Harvesting tanks B,0,1678,1678,1678,1732
613,8,65,Filters A,Filters A,2,1699,1699,1699,1732
614,1,57,Harvesting tanks A,Harvesting tanks A,1,1680,1708,1708,1736
615,7,54,Stabilization tanks,Stabilization tanks,1,1634,1634,1634,1737
616,13,42,Buffer tanks,Buffer tanks,1,1584,1703,1703,1743
617,13,46,Stabilization tanks,Stabilization tanks,10,1607,1607,1607,1745
618,10,42,Buffer tanks,Buffer tanks,2,1574,1703,1703,1745
619,6,65,Microfilter,Microfilter,1,1664,1697,1697,1751
620,2,80,Harvesting tanks A,Harvesting tanks A,0,1644,1644,1644,1756
621,14,65,Microfilter,Microfilter,2,1700,1708,1708,1757
622,9,46,Buffer tanks,Buffer tanks,3,1599,1714,1714,1761
623,0,80,Fermenter_1,Fermenter_1,0,156,1586,1586,1767
624,2,59,Harvesting tanks A,Harvesting tanks A,2,1700,1700,1700,1770
625,0,57,Fermenter_2,Fermenter_2,0,171,1650,1650,1772
626,5,51,Buffer tanks,Buffer tanks,2,1680,1745,1745,1773
627,1,51,Buffer tanks,Buffer tanks,1,1665,1743,1743,1774
628,3,80,Filters A,Filters A,0,1762,1762,1762,1780
629,6,80,Harvesting tanks B,Harvesting tanks B,1,1743,1743,1743,1784
630,5,80,Filters A,Filters A,2,1766,1766,1766,1784
631,11,46,Buffer tanks,Buffer tanks,0,1586,1716,1716,1786
632,11,65,Filters A,Filters A,1,1663,1706,1706,1787
633,7,51,Buffer tanks,Buffer tanks,3,1693,1761,1761,1787
634,0,59,Fermenter_4,Fermenter_4,0,147,1628,1628,1795
635,8,80,Microfilter,Microfilter,3,1763,1763,1763,1796
636,10,80,Microfilter,Microfilter,0,1767,1767,1767,1800
637,12,65,Harvesting tanks B,Harvesting tanks B,5,1625,1683,1683,1802
638,2,57,Harvesting tanks A,Harvesting tanks A,3,1680,1730,1730,1802
639,4,57,Harvesting tanks B,Harvesting tanks B,0,1746,1746,1746,1802
640,7,65,Buffer tanks,Buffer tanks,1,1699,1774,1774,1802
641,3,59,Filters A,Filters A,0,1776,1780,1780,1807
642,4,59,Harvesting tanks B,Harvesting tanks B,4,1700,1706,1706,1809
643,1,85,Harvesting tanks A,Harvesting tanks A,1,1786,1786,1786,1810
644,3,57,Filters A,Filters A,1,1779,1787,1787,1810
645,9,51,Stabilization tanks,Stabilization tanks,8,1696,1696,1696,1812
646,4,80,Harvesting tanks B,Harvesting tanks B,2,1644,1685,1685,1821
647,13,65,Buffer tanks,Buffer tanks,3,1709,1787,1787,1827
648,5,65,Buffer tanks,Buffer tanks,2,1663,1773,1773,1828
649,10,65,Buffer tanks,Buffer tanks,0,1699,1786,1786,1828
650,7,80,Buffer tanks,Buffer tanks,1,1762,1802,1802,1836
651,6,59,Microfilter,Microfilter,1,1777,1777,1777,1838
652,5,57,Filters A,Filters A,0,1774,1807,1807,1841
653,15,65,Stabilization tanks,Stabilization tanks,2,1694,1694,1694,1842
654,8,59,Microfilter,Microfilter,2,1787,1787,1787,1848
655,0,85,Fermenter_3,Fermenter_3,0,201,1696,1696,1855
656,10,59,Microfilter,Microfilter,3,1792,1796,1796,1856
657,4,85,Filters A,Filters A,1,1810,1810,1810,1856
658,9,80,Buffer tanks,Buffer tanks,3,1766,1827,1827,1861
659,12,59,Harvesting tanks B,Harvesting tanks B,3,1765,1765,1765,1870
660,11,59,Filters A,Filters A,2,1786,1786,1786,1870
661,5,85,Harvesting tanks B,Harvesting tanks B,5,1786,1802,1802,1872
662,0,56,Fermenter_2,Fermenter_2,0,177,1772,1772,1884
663,8,57,Microfilter,Microfilter,1,1776,1838,1838,1884
664,9,59,Buffer tanks,Buffer tanks,1,1802,1836,1836,1886
665,1,76,Harvesting tanks A,Harvesting tanks A,0,1825,1825,1825,1889
666,5,59,Buffer tanks,Buffer tanks,2,1776,1828,1828,1890
667,7,59,Buffer tanks,Buffer tanks,0,1786,1828,1828,1890
668,11,80,Stabilization tanks,Stabilization tanks,3,1796,1796,1796,1893
669,11,57,Microfilter,Microfilter,2,1781,1848,1848,1894
670,14,59,Microfilter,Microfilter,0,1837,1837,1837,1896
671,13,57,Microfilter,Microfilter,3,1793,1856,1856,1901
672,2,56,Harvesting tanks B,Harvesting tanks B,2,1857,1857,1857,1907
673,1,56,Filters A,Filters A,2,1866,1870,1870,1911
674,6,57,Harvesting tanks B,Harvesting tanks B,1,1680,1784,1784,1912
675,10,57,Buffer tanks,Buffer tanks,0,1793,1890,1890,1924
676,14,57,Stabilization tanks,Stabilization tanks,0,1822,1822,1822,1927
677,3,85,Microfilter,Microfilter,1,1810,1884,1884,1928
678,7,85,Microfilter,Microfilter,2,1840,1894,1894,1933
679,7,57,Buffer tanks,Buffer tanks,1,1774,1886,1886,1934
680,2,76,Harvesting tanks A,Harvesting tanks A,2,1825,1825,1825,1937
681,9,57,Buffer tanks,Buffer tanks,2,1779,1890,1890,1938
682,0,76,Fermenter_1,Fermenter_1,0,204,1767,1767,1948
683,0,55,Fermenter_4,Fermenter_4,0,165,1795,1795,1957
684,4,76,Harvesting tanks B,Harvesting tanks B,0,1825,1825,1825,1961
685,3,76,Filters A,Filters A,0,1943,1943,1943,1961
686,12,57,Buffer tanks,Buffer tanks,0,1798,1924,1924,1964
687,13,59,Buffer tanks,Buffer tanks,3,1792,1861,1861,1965
688,6,76,Harvesting tanks B,Harvesting tanks B,4,1924,1924,1924,1965
689,5,76,Filters A,Filters A,1,1947,1947,1947,1965
690,1,79,Harvesting tanks B,Harvesting tanks B,2,1909,1909,1909,1967
691,8,85,Stabilization tanks,Stabilization tanks,6,1831,1831,1831,1968
692,2,79,Harvesting tanks A,Harvesting tanks A,3,1909,1909,1909,1970
693,6,85,Buffer tanks,Buffer tanks,2,1840,1938,1938,1977
694,8,76,Microfilter,Microfilter,0,1944,1944,1944,1977
695,2,85,Buffer tanks,Buffer tanks,1,1810,1934,1934,1978
696,0,79,Fermenter_3,Fermenter_3,0,210,1855,1855,1980
697,10,76,Microfilter,Microfilter,3,1948,1948,1948,1981
698,1,55,Harvesting tanks B,Harvesting tanks B,3,1934,1934,1934,1984
699,15,59,Stabilization tanks,Stabilization tanks,5,1829,1829,1829,1989
700,4,56,Microfilter,Microfilter,1,1866,1928,1928,1993
701,0,61,Fermenter_2,Fermenter_2,0,183,1884,1884,1996
702,7,76,Buffer tanks,Buffer tanks,0,1943,1964,1964,1998
703,9,76,Buffer tanks,Buffer tanks,3,1947,1965,1965,1999
704,4,79,Harvesting tanks B,Harvesting tanks B,1,1962,1962,1962,2001
705,3,79,Filters A,Filters A,2,1983,1983,1983,2001
706,3,55,Microfilter,Microfilter,2,1949,1949,1949,2007
707,1,67,Harvesting tanks A,Harvesting tanks A,1,1980,1980,1980,2012
708,9,79,Harvesting tanks B,Harvesting tanks B,0,1962,1962,1962,2016
709,8,79,Filters A,Filters A,0,1983,1983,1983,2016
710,5,55,Harvesting tanks B,Harvesting tanks B,5,1934,1934,1934,2018
711,4,55,Filters B,Filters B,0,1949,1949,1949,2018
712,2,61,Harvesting tanks B,Harvesting tanks B,2,1969,1969,1969,2019
713,5,56,Stabilization tanks,Stabilization tanks,7,1931,1931,1931,2024
714,1,58,Harvesting tanks A,Harvesting tanks A,2,2009,2009,2009,2026
715,6,79,Microfilter,Microfilter,3,1948,1981,1981,2035
716,2,55,Buffer tanks,Buffer tanks,1,1949,1978,1978,2036
717,7,55,Microfilter,Microfilter,0,1984,1984,1984,2041
718,1,66,Harvesting tanks A,Harvesting tanks A,1,2021,2021,2021,2041
719,3,56,Buffer tanks,Buffer tanks,2,1866,1977,1977,2042
720,14,79,Microfilter,Microfilter,1,1984,1993,1993,2042
721,1,61,Filters A,Filters A,2,1978,2001,2001,2042
722,2,67,Harvesting tanks A,Harvesting tanks A,0,1980,1980,1980,2043
723,11,79,Filters A,Filters A,1,1947,1965,1965,2046
724,5,79,Buffer tanks,Buffer tanks,3,1947,1999,1999,2054
725,6,55,Buffer tanks,Buffer tanks,0,1984,1998,1998,2055
726,7,79,Buffer tanks,Buffer tanks,1,1983,2036,2036,2064
727,2,58,Harvesting tanks A,Harvesting tanks A,3,2009,2009,2009,2070
728,4,61,Microfilter,Microfilter,2,1978,2007,2007,2072
729,0,67,Fermenter_1,Fermenter_1,0,216,1948,1948,2073
730,11,76,Stabilization tanks,Stabilization tanks,4,1977,1977,1977,2074
731,0,72,Fermenter_2,Fermenter_2,0,189,1996,1996,2078
732,2,66,Harvesting tanks A,Harvesting tanks A,2,2021,2026,2026,2080
733,12,79,Harvesting tanks B,Harvesting tanks B,4,1909,1965,1965,2084
734,10,79,Buffer tanks,Buffer tanks,2,1983,2042,2042,2084
735,0,58,Fermenter_4,Fermenter_4,0,174,1957,1957,2085
736,3,58,Filters A,Filters A,1,2043,2046,2046,2085
737,4,58,Harvesting tanks B,Harvesting tanks B,0,2009,2016,2016,2089
738,3,67,Filters A,Filters A,0,2065,2065,2065,2091
739,13,79,Buffer tanks,Buffer tanks,3,1993,2054,2054,2094
740,4,67,Harvesting tanks B,Harvesting tanks B,3,1980,1984,1984,2095
741,6,67,Harvesting tanks B,Harvesting tanks B,1,2056,2056,2056,2099
742,5,67,Filters A,Filters A,2,2080,2080,2080,2099
743,7,67,Buffer tanks,Buffer tanks,1,2065,2065,2065,2103
744,8,67,Microfilter,Microfilter,3,2067,2067,2067,2103
745,6,58,Microfilter,Microfilter,2,2056,2072,2072,2106
746,1,72,Filters A,Filters A,0,2071,2091,2091,2107
747,7,58,Filters A,Filters A,1,2078,2085,2085,2109
748,9,67,Buffer tanks,Buffer tanks,2,2081,2084,2084,2110
749,8,58,Harvesting tanks B,Harvesting tanks B,5,2009,2018,2018,2111
750,11,67,Microfilter,Microfilter,0,2081,2081,2081,2114
751,10,67,Buffer tanks,Buffer tanks,3,2096,2096,2096,2114
752,0,66,Fermenter_3,Fermenter_3,0,219,1980,1980,2115
753,5,58,Buffer tanks,Buffer tanks,2,2080,2110,2110,2115
754,2,72,Harvesting tanks B,Harvesting tanks B,4,2055,2084,2084,2116
755,13,67,Microfilter,Microfilter,1,2082,2082,2082,2118
756,3,61,Buffer tanks,Buffer tanks,0,1978,2055,2055,2120
757,15,79,Stabilization tanks,Stabilization tanks,1,1978,1978,1978,2126
758,8,55,Stabilization tanks,Stabilization tanks,9,2007,2007,2007,2134
759,5,61,Stabilization tanks,Stabilization tanks,10,2043,2043,2043,2136
760,1,75,Harvesting tanks A,Harvesting tanks A,1,2073,2073,2073,2139
761,12,58,Microfilter,Microfilter,2,2080,2106,2106,2139
762,12,67,Buffer tanks,Buffer tanks,1,2080,2103,2103,2141
763,0,77,Fermenter_2,Fermenter_2,0,192,2078,2078,2144
764,8,66,Harvesting tanks B,Harvesting tanks B,2,2021,2021,2021,2152
765,7,66,Filters B,Filters B,0,2075,2075,2075,2152
766,9,58,Buffer tanks,Buffer tanks,3,2056,2114,2114,2161
767,10,58,Microfilter,Microfilter,3,2043,2103,2103,2163
768,2,77,Harvesting tanks B,Harvesting tanks B,3,2132,2132,2132,2163
769,1,77,Filters A,Filters A,0,2142,2142,2142,2163
770,0,75,Fermenter_1,Fermenter_1,0,225,2073,2073,2164
771,3,66,Buffer tanks,Buffer tanks,0,2091,2120,2120,2168
772,4,66,Microfilter,Microfilter,0,2083,2114,2114,2170
773,6,66,Microfilter,Microfilter,1,2091,2118,2118,2176
774,11,58,Buffer tanks,Buffer tanks,2,2043,2115,2115,2185
775,1,64,Harvesting tanks A,Harvesting tanks A,0,2115,2115,2115,2196
776,10,66,Microfilter,Microfilter,2,2099,2139,2139,2197
777,3,75,Harvesting tanks B,Harvesting tanks B,0,2139,2139,2139,2198
778,2,75,Filters A,Filters A,2,2168,2168,2168,2198
779,13,58,Stabilization tanks,Stabilization tanks,2,2064,2064,2064,2202
780,0,73,Fermenter_4,Fermenter_4,0,180,2085,2085,2204
781,5,72,Stabilization tanks,Stabilization tanks,5,2113,2113,2113,2206
782,14,67,Stabilization tanks,Stabilization tanks,8,2103,2103,2103,2207
783,4,72,Microfilter,Microfilter,0,2071,2170,2170,2212
784,0,64,Fermenter_3,Fermenter_3,0,231,2115,2115,2213
785,5,66,Buffer tanks,Buffer tanks,1,2075,2141,2141,2215
786,9,66,Buffer tanks,Buffer tanks,3,2099,2161,2161,2219
787,3,72,Buffer tanks,Buffer tanks,2,2071,2185,2185,2227
788,1,82,Harvesting tanks A,Harvesting tanks A,3,2196,2196,2196,2228
789,4,77,Microfilter,Microfilter,2,2142,2197,2197,2228
790,5,75,Microfilter,Microfilter,1,2170,2176,2176,2229
791,3,64,Harvesting tanks B,Harvesting tanks B,4,2196,2196,2196,2233
792,2,64,Filters A,Filters A,2,2205,2205,2205,2233
793,5,64,Harvesting tanks B,Harvesting tanks B,2,2196,2196,2196,2242
794,6,77,Microfilter,Microfilter,0,2153,2212,2212,2243
795,3,73,Harvesting tanks B,Harvesting tanks B,1,2185,2185,2185,2245
796,4,73,Harvesting tanks B,Harvesting tanks B,5,2185,2185,2185,2245
797,1,73,Filters A,Filters A,1,2219,2219,2219,2245
798,2,73,Filters A,Filters A,0,2219,2219,2219,2245
799,0,71,Fermenter_2,Fermenter_2,0,213,2144,2144,2246
800,13,66,Stabilization tanks,Stabilization tanks,3,2099,2099,2099,2250
801,14,66,Stabilization tanks,Stabilization tanks,0,2134,2134,2134,2250
802,3,77,Buffer tanks,Buffer tanks,3,2142,2219,2219,2250
803,11,66,Buffer tanks,Buffer tanks,0,2083,2168,2168,2255
804,12,66,Microfilter,Microfilter,3,2075,2163,2163,2258
805,5,77,Buffer tanks,Buffer tanks,2,2153,2227,2227,2258
806,2,82,Harvesting tanks A,Harvesting tanks A,2,2196,2196,2196,2259
807,15,66,Stabilization tanks,Stabilization tanks,6,2170,2170,2170,2263
808,4,75,Buffer tanks,Buffer tanks,1,2168,2215,2215,2270
809,4,64,Filters A,Filters A,2,2205,2233,2233,2270
810,1,94,Harvesting tanks A,Harvesting tanks A,1,2254,2254,2254,2274
811,7,77,Stabilization tanks,Stabilization tanks,4,2173,2173,2173,2277
812,7,73,Microfilter,Microfilter,2,2219,2228,2228,2282
813,8,73,Microfilter,Microfilter,1,2219,2229,2229,2283
814,0,82,Fermenter_1,Fermenter_1,0,246,2164,2164,2289
815,9,64,Microfilter,Microfilter,0,2205,2243,2243,2297
816,4,71,Harvesting tanks B,Harvesting tanks B,3,2215,2215,2215,2302
817,3,71,Filters A,Filters A,1,2261,2261,2261,2302
818,5,73,Buffer tanks,Buffer tanks,3,2219,2250,2250,2304
819,6,64,Buffer tanks,Buffer tanks,2,2205,2258,2258,2306
820,3,82,Filters A,Filters A,0,2281,2281,2281,2307
821,2,94,Harvesting tanks A,Harvesting tanks A,0,2254,2254,2254,2308
822,4,82,Harvesting tanks B,Harvesting tanks B,0,2196,2198,2198,2309
823,6,73,Buffer tanks,Buffer tanks,0,2219,2255,2255,2309
824,0,62,Fermenter_4,Fermenter_4,0,186,2204,2204,2310
825,2,71,Microfilter,Microfilter,2,2263,2282,2282,2311
826,6,71,Microfilter,Microfilter,1,2276,2283,2283,2311
827,6,75,Stabilization tanks,Stabilization tanks,7,2223,2223,2223,2312
828,10,64,Microfilter,Microfilter,3,2205,2258,2258,2312
829,6,82,Harvesting tanks B,Harvesting tanks B,4,2272,2272,2272,2315
830,5,82,Filters A,Filters A,2,2296,2296,2296,2315
831,8,71,Microfilter,Microfilter,0,2289,2297,2297,2323
832,7,64,Buffer tanks,Buffer tanks,1,2205,2270,2270,2324
833,8,64,Buffer tanks,Buffer tanks,3,2239,2304,2304,2324
834,1,71,Buffer tanks,Buffer tanks,2,2261,2306,2306,2337
835,5,71,Buffer tanks,Buffer tanks,0,2276,2309,2309,2337
836,11,82,Microfilter,Microfilter,1,2297,2311,2311,2344
837,8,82,Microfilter,Microfilter,2,2283,2311,2311,2347
838,0,94,Fermenter_3,Fermenter_3,0,282,2213,2213,2348
839,0,89,Fermenter_2,Fermenter_2,0,222,2246,2246,2348
840,11,64,Stabilization tanks,Stabilization tanks,10,2253,2253,2253,2348
841,13,82,Microfilter,Microfilter,3,2298,2312,2312,2348
842,2,62,Harvesting tanks B,Harvesting tanks B,2,2290,2290,2290,2349
843,1,62,Filters A,Filters A,1,2321,2321,2321,2349
844,7,71,Buffer tanks,Buffer tanks,1,2289,2324,2324,2350
845,1,84,Harvesting tanks A,Harvesting tanks A,3,2321,2321,2321,2353
846,10,82,Buffer tanks,Buffer tanks,0,2312,2337,2337,2355
847,6,62,Harvesting tanks B,Harvesting tanks B,1,2290,2290,2290,2358
848,5,62,Filters A,Filters A,0,2321,2321,2321,2358
849,7,62,Microfilter,Microfilter,0,2322,2323,2323,2359
850,7,82,Buffer tanks,Buffer tanks,3,2281,2324,2324,2362
851,9,82,Buffer tanks,Buffer tanks,2,2297,2337,2337,2363
852,9,73,Stabilization tanks,Stabilization tanks,1,2273,2273,2273,2366
853,10,73,Stabilization tanks,Stabilization tanks,9,2273,2273,2273,2366
854,8,62,Microfilter,Microfilter,1,2322,2344,2344,2380
855,10,62,Microfilter,Microfilter,2,2333,2347,2347,2381
856,2,84,Harvesting tanks A,Harvesting tanks A,2,2321,2321,2321,2384
857,12,62,Microfilter,Microfilter,3,2333,2348,2348,2384
858,8,94,Harvesting tanks B,Harvesting tanks B,5,2254,2254,2254,2385
859,7,94,Filters B,Filters B,0,2308,2308,2308,2385
860,12,82,Buffer tanks,Buffer tanks,1,2296,2350,2350,2388
861,3,62,Buffer tanks,Buffer tanks,0,2321,2355,2355,2392
862,9,62,Buffer tanks,Buffer tanks,2,2333,2363,2363,2397
863,4,62,Buffer tanks,Buffer tanks,3,2321,2362,2362,2399
864,4,89,Harvesting tanks B,Harvesting tanks B,3,2317,2317,2317,2404
865,3,89,Filters A,Filters A,2,2363,2363,2363,2404
866,9,71,Stabilization tanks,Stabilization tanks,2,2292,2292,2292,2408
867,0,84,Fermenter_1,Fermenter_1,0,252,2289,2289,2414
868,0,68,Fermenter_2,Fermenter_2,0,228,2348,2348,2414
869,4,94,Microfilter,Microfilter,0,2316,2359,2359,2415
870,14,82,Stabilization tanks,Stabilization tanks,5,2319,2319,2319,2423
871,11,62,Buffer tanks,Buffer tanks,1,2333,2388,2388,2424
872,1,60,Harvesting tanks A,Harvesting tanks A,1,2385,2385,2385,2426
873,4,84,Harvesting tanks B,Harvesting tanks B,0,2321,2321,2321,2432
874,3,84,Filters A,Filters A,1,2406,2406,2406,2432
875,2,68,Harvesting tanks B,Harvesting tanks B,3,2402,2404,2404,2435
876,6,94,Microfilter,Microfilter,1,2324,2380,2380,2438
877,10,94,Microfilter,Microfilter,2,2332,2381,2381,2439
878,3,94,Buffer tanks,Buffer tanks,0,2324,2392,2392,2440
879,6,84,Harvesting tanks B,Harvesting tanks B,4,2397,2397,2397,2440
880,5,84,Filters A,Filters A,0,2421,2421,2421,2440
881,2,89,Microfilter,Microfilter,0,2365,2415,2415,2444
882,2,96,Harvesting tanks A,Harvesting tanks A,3,2393,2393,2393,2454
883,9,94,Buffer tanks,Buffer tanks,3,2332,2399,2399,2457
884,13,62,Stabilization tanks,Stabilization tanks,8,2333,2333,2333,2458
885,0,96,Fermenter_3,Fermenter_3,0,288,2348,2348,2465
886,8,89,Microfilter,Microfilter,2,2391,2439,2439,2465
887,2,60,Harvesting tanks A,Harvesting tanks A,0,2385,2385,2385,2466
888,6,89,Microfilter,Microfilter,1,2378,2438,2438,2466
889,5,94,Buffer tanks,Buffer tanks,2,2308,2397,2397,2471
890,1,89,Buffer tanks,Buffer tanks,0,2363,2440,2440,2471
891,1,70,Harvesting tanks A,Harvesting tanks A,2,2444,2444,2444,2472
892,12,94,Microfilter,Microfilter,3,2308,2384,2384,2479
893,8,84,Microfilter,Microfilter,0,2408,2444,2444,2480
894,13,94,Stabilization tanks,Stabilization tanks,3,2332,2332,2332,2483
895,14,94,Stabilization tanks,Stabilization tanks,0,2367,2367,2367,2483
896,5,89,Buffer tanks,Buffer tanks,3,2378,2457,2457,2485
897,1,96,Harvesting tanks B,Harvesting tanks B,0,2393,2432,2432,2488
898,0,60,Fermenter_4,Fermenter_4,0,198,2310,2310,2490
899,15,94,Stabilization tanks,Stabilization tanks,6,2403,2403,2403,2496
900,7,89,Buffer tanks,Buffer tanks,2,2391,2471,2471,2497
901,11,84,Microfilter,Microfilter,2,2422,2465,2465,2498
902,1,88,Harvesting tanks A,Harvesting tanks A,3,2476,2476,2476,2501
903,4,60,Harvesting tanks B,Harvesting tanks B,2,2385,2385,2385,2502
904,13,84,Microfilter,Microfilter,1,2423,2466,2466,2502
905,3,60,Filters A,Filters A,2,2479,2479,2479,2502
906,9,96,Harvesting tanks B,Harvesting tanks B,4,2447,2447,2447,2504
907,7,84,Buffer tanks,Buffer tanks,0,2406,2471,2471,2509
908,9,89,Stabilization tanks,Stabilization tanks,4,2394,2394,2394,2510
909,11,94,Buffer tanks,Buffer tanks,1,2316,2424,2424,2511
910,9,84,Buffer tanks,Buffer tanks,3,2422,2485,2485,2511
911,10,84,Buffer tanks,Buffer tanks,2,2437,2497,2497,2515
912,2,70,Harvesting tanks A,Harvesting tanks A,1,2444,2444,2444,2516
913,4,96,Harvesting tanks B,Harvesting tanks B,3,2393,2435,2435,2523
914,1,68,Filters A,Filters A,2,2412,2502,2502,2523
915,7,60,Microfilter,Microfilter,3,2480,2480,2480,2526
916,4,68,Microfilter,Microfilter,2,2412,2498,2498,2529
917,6,68,Microfilter,Microfilter,1,2423,2502,2502,2533
918,9,60,Harvesting tanks B,Harvesting tanks B,1,2465,2465,2465,2535
919,8,60,Filters A,Filters A,1,2495,2495,2495,2535
920,0,70,Fermenter_2,Fermenter_2,0,237,2414,2414,2536
921,6,60,Buffer tanks,Buffer tanks,3,2495,2511,2511,2542
922,7,68,Stabilization tanks,Stabilization tanks,1,2443,2443,2443,2547
923,12,84,Buffer tanks,Buffer tanks,0,2421,2509,2509,2547
924,5,60,Buffer tanks,Buffer tanks,1,2479,2511,2511,2547
925,14,84,Stabilization tanks,Stabilization tanks,7,2444,2444,2444,2548
926,12,60,Harvesting tanks B,Harvesting tanks B,5,2465,2465,2465,2554
927,11,60,Filters A,Filters A,0,2495,2495,2495,2554
928,14,60,Microfilter,Microfilter,0,2515,2515,2515,2558
929,7,96,Microfilter,Microfilter,3,2464,2526,2526,2560
930,10,60,Buffer tanks,Buffer tanks,2,2495,2515,2515,2562
931,4,70,Harvesting tanks B,Harvesting tanks B,0,2510,2510,2510,2566
932,0,102,Fermenter_3,Fermenter_3,0,306,2465,2465,2571
933,2,88,Harvesting tanks A,Harvesting tanks A,0,2476,2476,2476,2571
934,8,96,Filters A,Filters A,1,2465,2535,2535,2574
935,3,96,Filters A,Filters A,2,2429,2523,2523,2575
936,3,70,Filters A,Filters A,0,2543,2554,2554,2577
937,3,68,Buffer tanks,Buffer tanks,0,2412,2547,2547,2578
938,5,68,Buffer tanks,Buffer tanks,1,2423,2547,2547,2578
939,0,88,Fermenter_1,Fermenter_1,0,264,2414,2414,2583
940,8,70,Microfilter,Microfilter,1,2540,2540,2540,2586
941,6,88,Harvesting tanks B,Harvesting tanks B,3,2561,2561,2561,2588
942,5,88,Filters A,Filters A,0,2577,2577,2577,2588
943,3,88,Filters A,Filters A,2,2571,2575,2575,2590
944,2,69,Harvesting tanks A,Harvesting tanks A,2,2535,2535,2535,2596
945,13,60,Buffer tanks,Buffer tanks,3,2504,2542,2542,2596
946,11,70,Microfilter,Microfilter,0,2545,2558,2558,2604
947,13,70,Microfilter,Microfilter,3,2557,2560,2560,2605
948,0,69,Fermenter_4,Fermenter_4,0,207,2490,2490,2607
949,5,70,Filters A,Filters A,1,2538,2574,2574,2608
950,2,102,Harvesting tanks B,Harvesting tanks B,1,2551,2551,2551,2610
951,6,96,Buffer tanks,Buffer tanks,0,2465,2578,2578,2611
952,8,88,Microfilter,Microfilter,1,2571,2586,2586,2611
953,4,88,Harvesting tanks B,Harvesting tanks B,4,2476,2504,2504,2614
954,12,96,Stabilization tanks,Stabilization tanks,9,2462,2462,2462,2616
955,1,102,Filters A,Filters A,0,2582,2588,2588,2616
956,11,96,Microfilter,Microfilter,2,2430,2529,2529,2622
957,6,102,Harvesting tanks B,Harvesting tanks B,5,2551,2554,2554,2622
958,1,69,Harvesting tanks B,Harvesting tanks B,0,2535,2566,2566,2622
959,5,96,Buffer tanks,Buffer tanks,2,2429,2562,2562,2626
960,5,102,Filters A,Filters A,2,2582,2590,2590,2627
961,11,88,Microfilter,Microfilter,0,2577,2604,2604,2629
962,6,70,Harvesting tanks B,Harvesting tanks B,2,2444,2502,2502,2630
963,0,90,Fermenter_2,Fermenter_2,0,240,2536,2536,2638
964,10,96,Buffer tanks,Buffer tanks,1,2461,2578,2578,2640
965,7,102,Microfilter,Microfilter,3,2583,2605,2605,2641
966,7,70,Buffer tanks,Buffer tanks,3,2538,2596,2596,2644
967,15,60,Stabilization tanks,Stabilization tanks,10,2515,2515,2515,2647
968,8,102,Microfilter,Microfilter,1,2583,2611,2611,2647
969,8,69,Filters A,Filters A,0,2607,2616,2616,2655
970,10,102,Microfilter,Microfilter,2,2594,2622,2622,2656
971,0,97,Fermenter_1,Fermenter_1,0,291,2583,2583,2659
972,9,70,Buffer tanks,Buffer tanks,0,2543,2611,2611,2659
973,3,69,Filters A,Filters A,1,2571,2608,2608,2660
974,10,70,Buffer tanks,Buffer tanks,2,2557,2626,2626,2660
975,12,102,Microfilter,Microfilter,0,2594,2629,2629,2665
976,9,69,Harvesting tanks B,Harvesting tanks B,1,2589,2610,2610,2667
977,7,88,Buffer tanks,Buffer tanks,3,2571,2644,2644,2669
978,7,69,Microfilter,Microfilter,3,2606,2641,2641,2675
979,4,69,Harvesting tanks B,Harvesting tanks B,3,2535,2588,2588,2676
980,1,74,Harvesting tanks A,Harvesting tanks A,3,2659,2659,2659,2676
981,10,88,Buffer tanks,Buffer tanks,2,2584,2660,2660,2678
982,12,70,Buffer tanks,Buffer tanks,1,2562,2640,2640,2680
983,9,88,Buffer tanks,Buffer tanks,0,2577,2659,2659,2681
984,2,90,Microfilter,Microfilter,2,2655,2656,2656,2685
985,14,70,Stabilization tanks,Stabilization tanks,2,2586,2586,2586,2691
986,12,88,Stabilization tanks,Stabilization tanks,5,2596,2596,2596,2691
987,3,90,Filters A,Filters A,2,2653,2653,2653,2694
988,6,90,Microfilter,Microfilter,0,2668,2668,2668,2696
989,4,90,Harvesting tanks B,Harvesting tanks B,4,2607,2614,2614,2701
990,2,97,Harvesting tanks B,Harvesting tanks B,0,2635,2635,2635,2704
991,1,97,Filters A,Filters A,0,2675,2675,2675,2704
992,3,102,Buffer tanks,Buffer tanks,3,2582,2669,2669,2706
993,8,90,Microfilter,Microfilter,3,2681,2681,2681,2707
994,9,102,Buffer tanks,Buffer tanks,1,2594,2680,2680,2714
995,4,102,Buffer tanks,Buffer tanks,2,2582,2678,2678,2715
996,11,102,Buffer tanks,Buffer tanks,0,2594,2681,2681,2717
997,13,102,Stabilization tanks,Stabilization tanks,8,2594,2594,2594,2719
998,2,74,Harvesting tanks A,Harvesting tanks A,1,2659,2659,2659,2720
999,4,74,Harvesting tanks B,Harvesting tanks B,2,2659,2659,2659,2732
1000,3,74,Filters A,Filters A,1,2693,2693,2693,2732
1001,0,74,Fermenter_4,Fermenter_4,0,234,2607,2607,2735
1002,0,107,Fermenter_3,Fermenter_3,0,321,2571,2571,2736
1003,0,81,Fermenter_2,Fermenter_2,0,243,2638,2638,2740
1004,11,69,Microfilter,Microfilter,1,2572,2647,2647,2740
1005,6,74,Microfilter,Microfilter,3,2706,2707,2707,2741
1006,4,97,Microfilter,Microfilter,0,2678,2696,2696,2746
1007,6,69,Buffer tanks,Buffer tanks,1,2607,2714,2714,2747
1008,1,90,Buffer tanks,Buffer tanks,0,2653,2717,2717,2748
1009,0,86,Fermenter_1,Fermenter_1,0,300,2659,2659,2752
1010,7,74,Filters A,Filters A,2,2728,2728,2728,2752
1011,12,69,Stabilization tanks,Stabilization tanks,3,2604,2604,2604,2758
1012,8,74,Harvesting tanks B,Harvesting tanks B,1,2659,2667,2667,2760
1013,5,69,Buffer tanks,Buffer tanks,3,2571,2706,2706,2770
1014,12,74,Microfilter,Microfilter,3,2730,2741,2741,2774
1015,7,90,Buffer tanks,Buffer tanks,0,2681,2748,2748,2774
1016,5,90,Buffer tanks,Buffer tanks,1,2668,2747,2747,2775
1017,10,69,Buffer tanks,Buffer tanks,2,2603,2715,2715,2777
1018,5,74,Buffer tanks,Buffer tanks,1,2730,2775,2775,2780
1019,1,114,Harvesting tanks A,Harvesting tanks A,2,2777,2777,2777,2797
1020,9,90,Stabilization tanks,Stabilization tanks,0,2684,2684,2684,2800
1021,10,74,Microfilter,Microfilter,1,2693,2740,2740,2800
1022,0,83,Fermenter_2,Fermenter_2,0,249,2740,2740,2806
1023,2,86,Harvesting tanks B,Harvesting tanks B,4,2727,2727,2727,2810
1024,1,86,Filters A,Filters A,1,2773,2773,2773,2810
1025,2,107,Harvesting tanks B,Harvesting tanks B,5,2706,2706,2706,2819
1026,1,107,Filters B,Filters B,0,2721,2721,2721,2819
1027,5,97,Stabilization tanks,Stabilization tanks,4,2728,2728,2728,2821
1028,2,81,Microfilter,Microfilter,0,2769,2769,2769,2824
1029,9,74,Buffer tanks,Buffer tanks,2,2706,2777,2777,2824
1030,3,97,Buffer tanks,Buffer tanks,0,2675,2774,2774,2827
1031,4,81,Harvesting tanks B,Harvesting tanks B,3,2709,2709,2709,2830
1032,3,81,Filters A,Filters A,0,2766,2766,2766,2830
1033,2,114,Harvesting tanks A,Harvesting tanks A,3,2777,2777,2777,2831
1034,2,83,Harvesting tanks B,Harvesting tanks B,4,2794,2810,2810,2841
1035,4,107,Microfilter,Microfilter,2,2721,2721,2721,2845
1036,11,74,Buffer tanks,Buffer tanks,1,2693,2780,2780,2850
1037,1,83,Filters A,Filters A,0,2804,2830,2830,2851
1038,13,74,Stabilization tanks,Stabilization tanks,1,2714,2714,2714,2852
1039,6,81,Microfilter,Microfilter,3,2799,2799,2799,2854
1040,1,63,Harvesting tanks A,Harvesting tanks A,0,2807,2807,2807,2867
1041,4,86,Microfilter,Microfilter,1,2775,2800,2800,2869
1042,0,114,Fermenter_3,Fermenter_3,0,342,2736,2736,2871
1043,1,91,Harvesting tanks A,Harvesting tanks A,1,2833,2833,2833,2873
1044,1,81,Buffer tanks,Buffer tanks,2,2766,2824,2824,2882
1045,5,81,Buffer tanks,Buffer tanks,0,2799,2827,2827,2882
1046,0,63,Fermenter_4,Fermenter_4,0,255,2735,2735,2893
1047,3,107,Buffer tanks,Buffer tanks,3,2721,2770,2770,2894
1048,2,91,Harvesting tanks A,Harvesting tanks A,2,2833,2833,2833,2901
1049,3,63,Harvesting tanks B,Harvesting tanks B,0,2807,2807,2807,2906
1050,2,63,Filters A,Filters A,2,2885,2885,2885,2906
1051,8,114,Harvesting tanks B,Harvesting tanks B,1,2777,2777,2777,2908
1052,7,114,Filters B,Filters B,0,2831,2831,2831,2908
1053,4,114,Microfilter,Microfilter,3,2839,2854,2854,2910
1054,0,101,Fermenter_1,Fermenter_1,0,303,2752,2752,2914
1055,4,63,Buffer tanks,Buffer tanks,2,2885,2885,2885,2917
1056,3,86,Buffer tanks,Buffer tanks,1,2773,2850,2850,2921
1057,6,63,Microfilter,Microfilter,0,2887,2887,2887,2925
1058,5,63,Buffer tanks,Buffer tanks,0,2903,2903,2903,2925
1059,6,114,Microfilter,Microfilter,1,2847,2869,2869,2927
1060,0,91,Fermenter_2,Fermenter_2,0,273,2806,2806,2928
1061,5,86,Stabilization tanks,Stabilization tanks,9,2844,2844,2844,2933
1062,5,107,Stabilization tanks,Stabilization tanks,6,2845,2845,2845,2934
1063,2,101,Harvesting tanks B,Harvesting tanks B,5,2891,2891,2891,2936
1064,8,63,Harvesting tanks B,Harvesting tanks B,2,2870,2870,2870,2938
1065,7,63,Filters A,Filters A,1,2903,2903,2903,2938
1066,1,101,Filters B,Filters B,0,2906,2908,2908,2938
1067,7,83,Stabilization tanks,Stabilization tanks,3,2835,2835,2835,2939
1068,7,81,Stabilization tanks,Stabilization tanks,7,2824,2824,2824,2943
1069,4,91,Harvesting tanks B,Harvesting tanks B,3,2833,2833,2833,2946
1070,3,91,Filters A,Filters A,0,2923,2923,2923,2946
1071,9,63,Buffer tanks,Buffer tanks,3,2911,2911,2911,2950
1072,10,63,Microfilter,Microfilter,2,2917,2917,2917,2950
1073,6,91,Harvesting tanks B,Harvesting tanks B,4,2902,2902,2902,2952
1074,5,91,Filters A,Filters A,2,2935,2935,2935,2952
1075,4,83,Microfilter,Microfilter,1,2804,2927,2927,2958
1076,3,114,Buffer tanks,Buffer tanks,2,2847,2917,2917,2965
1077,10,114,Microfilter,Microfilter,3,2855,2910,2910,2968
1078,6,83,Microfilter,Microfilter,2,2815,2950,2950,2981
1079,9,114,Buffer tanks,Buffer tanks,0,2855,2925,2925,2983
1080,5,114,Buffer tanks,Buffer tanks,1,2831,2921,2921,2995
1081,3,83,Buffer tanks,Buffer tanks,2,2804,2965,2965,2996
1082,8,91,Microfilter,Microfilter,3,2925,2968,2968,3002
1083,13,114,Stabilization tanks,Stabilization tanks,2,2855,2855,2855,3006
1084,14,114,Stabilization tanks,Stabilization tanks,5,2890,2890,2890,3006
1085,4,101,Microfilter,Microfilter,1,2906,2958,2958,3011
1086,11,91,Microfilter,Microfilter,2,2937,2981,2981,3014
1087,5,83,Buffer tanks,Buffer tanks,0,2815,2983,2983,3014
1088,15,114,Stabilization tanks,Stabilization tanks,8,2926,2926,2926,3019
1089,12,114,Microfilter,Microfilter,0,2831,2925,2925,3020
1090,0,103,Fermenter_1,Fermenter_1,0,309,2914,2914,3026
1091,0,93,Fermenter_2,Fermenter_2,0,279,2928,2928,3030
1092,7,91,Buffer tanks,Buffer tanks,2,2923,2996,2996,3032
1093,0,115,Fermenter_3,Fermenter_3,0,345,2871,2871,3036
1094,13,91,Microfilter,Microfilter,3,2937,3002,3002,3036
1095,11,114,Buffer tanks,Buffer tanks,3,2839,2950,2950,3037
1096,11,63,Stabilization tanks,Stabilization tanks,10,2917,2917,2917,3039
1097,9,91,Buffer tanks,Buffer tanks,0,2937,3014,3014,3039
1098,3,101,Buffer tanks,Buffer tanks,1,2906,2995,2995,3048
1099,2,103,Harvesting tanks B,Harvesting tanks B,2,3008,3008,3008,3050
1100,1,103,Filters A,Filters A,1,3027,3027,3027,3050
1101,5,101,Stabilization tanks,Stabilization tanks,0,2959,2959,2959,3052
1102,10,91,Buffer tanks,Buffer tanks,2,2949,3032,3032,3053
1103,0,108,Fermenter_4,Fermenter_4,0,258,2893,2893,3055
1104,14,91,Stabilization tanks,Stabilization tanks,4,2959,2959,2959,3060
1105,4,103,Microfilter,Microfilter,3,3028,3036,3036,3061
1106,12,91,Buffer tanks,Buffer tanks,3,2935,3037,3037,3073
1107,1,108,Harvesting tanks B,Harvesting tanks B,1,3032,3032,3032,3082
1108,6,103,Microfilter,Microfilter,3,3039,3061,3061,3085
1109,1,95,Harvesting tanks A,Harvesting tanks A,1,3060,3060,3060,3088
1110,1,106,Harvesting tanks A,Harvesting tanks A,3,3058,3058,3058,3090
1111,3,103,Buffer tanks,Buffer tanks,3,3027,3073,3073,3099
1112,3,108,Microfilter,Microfilter,2,3047,3047,3047,3105
1113,2,108,Buffer tanks,Buffer tanks,1,3047,3048,3048,3106
1114,1,117,Harvesting tanks A,Harvesting tanks A,1,3078,3088,3088,3112
1115,5,108,Harvesting tanks B,Harvesting tanks B,5,3032,3032,3032,3116
1116,2,115,Harvesting tanks B,Harvesting tanks B,0,3006,3006,3006,3119
1117,1,115,Filters B,Filters B,0,3021,3021,3021,3119
1118,4,93,Harvesting tanks B,Harvesting tanks B,3,2999,2999,2999,3120
1119,3,93,Filters A,Filters A,0,3056,3056,3056,3120
1120,2,106,Harvesting tanks A,Harvesting tanks A,0,3058,3058,3058,3121
1121,5,103,Buffer tanks,Buffer tanks,3,3039,3099,3099,3123
1122,2,95,Harvesting tanks A,Harvesting tanks A,2,3060,3060,3060,3132
1123,6,108,Buffer tanks,Buffer tanks,2,3082,3082,3082,3139
1124,7,108,Microfilter,Microfilter,0,3082,3082,3082,3139
1125,2,93,Microfilter,Microfilter,3,3059,3085,3085,3140
1126,4,115,Microfilter,Microfilter,1,3021,3021,3021,3145
1127,2,117,Harvesting tanks A,Harvesting tanks A,3,3078,3090,3090,3148
1128,0,106,Fermenter_1,Fermenter_1,0,318,3026,3026,3151
1129,0,95,Fermenter_2,Fermenter_2,0,285,3030,3030,3152
1130,7,103,Stabilization tanks,Stabilization tanks,6,3053,3053,3053,3156
1131,6,93,Microfilter,Microfilter,2,3089,3105,3105,3160
1132,3,115,Buffer tanks,Buffer tanks,0,3021,3039,3039,3163
1133,1,93,Buffer tanks,Buffer tanks,1,3056,3106,3106,3164
1134,4,106,Harvesting tanks B,Harvesting tanks B,4,3058,3058,3058,3169
1135,3,106,Filters A,Filters A,2,3143,3143,3143,3169
1136,6,106,Harvesting tanks B,Harvesting tanks B,2,3134,3134,3134,3177
1137,5,106,Filters A,Filters A,1,3158,3158,3158,3177
1138,5,93,Buffer tanks,Buffer tanks,3,3089,3123,3123,3178
1139,7,106,Buffer tanks,Buffer tanks,2,3143,3143,3143,3181
1140,8,106,Microfilter,Microfilter,0,3145,3145,3145,3181
1141,4,95,Harvesting tanks B,Harvesting tanks B,1,3126,3126,3126,3182
1142,3,95,Filters A,Filters A,0,3159,3159,3159,3182
1143,0,117,Fermenter_3,Fermenter_3,0,351,3036,3036,3186
1144,4,108,Filters B,Filters B,0,3047,3119,3119,3188
1145,9,106,Buffer tanks,Buffer tanks,0,3159,3163,3163,3189
1146,11,106,Microfilter,Microfilter,3,3159,3159,3159,3192
1147,10,106,Buffer tanks,Buffer tanks,1,3174,3174,3174,3192
1148,13,106,Microfilter,Microfilter,1,3160,3160,3160,3196
1149,5,95,Filters A,Filters A,2,3154,3169,3169,3203
1150,8,95,Microfilter,Microfilter,2,3156,3160,3160,3206
1151,0,98,Fermenter_2,Fermenter_2,0,294,3152,3152,3213
1152,12,106,Buffer tanks,Buffer tanks,3,3158,3178,3178,3216
1153,0,87,Fermenter_4,Fermenter_4,0,261,3055,3055,3217
1154,10,95,Buffer tanks,Buffer tanks,1,3173,3192,3192,3226
1155,11,95,Microfilter,Microfilter,0,3161,3181,3181,3227
1156,7,95,Buffer tanks,Buffer tanks,2,3154,3181,3181,3229
1157,8,108,Stabilization tanks,Stabilization tanks,9,3105,3105,3105,3232
1158,7,93,Stabilization tanks,Stabilization tanks,3,3114,3114,3114,3233
1159,3,117,Microfilter,Microfilter,1,3167,3196,3196,3233
1160,5,115,Stabilization tanks,Stabilization tanks,1,3145,3145,3145,3234
1161,9,95,Buffer tanks,Buffer tanks,0,3159,3189,3189,3237
1162,13,95,Microfilter,Microfilter,3,3173,3192,3192,3237
1163,6,95,Harvesting tanks B,Harvesting tanks B,5,3060,3116,3116,3244
1164,1,87,Harvesting tanks B,Harvesting tanks B,3,3194,3194,3194,3244
1165,2,98,Harvesting tanks B,Harvesting tanks B,1,3200,3200,3200,3251
1166,1,98,Filters A,Filters A,1,3234,3234,3234,3251
1167,12,95,Buffer tanks,Buffer tanks,3,3178,3216,3216,3256
1168,0,100,Fermenter_1,Fermenter_1,0,324,3151,3151,3263
1169,2,100,Harvesting tanks B,Harvesting tanks B,2,3238,3238,3238,3263
1170,5,87,Harvesting tanks B,Harvesting tanks B,4,3194,3194,3194,3278
1171,14,106,Stabilization tanks,Stabilization tanks,7,3181,3181,3181,3285
1172,8,117,Harvesting tanks B,Harvesting tanks B,0,3078,3119,3119,3286
1173,6,117,Microfilter,Microfilter,2,3157,3206,3206,3290
1174,0,119,Fermenter_3,Fermenter_3,0,357,3186,3186,3292
1175,3,87,Microfilter,Microfilter,3,3209,3237,3237,3295
1176,7,117,Filters B,Filters B,0,3136,3188,3188,3297
1177,4,117,Buffer tanks,Buffer tanks,1,3157,3226,3226,3297
1178,5,117,Buffer tanks,Buffer tanks,2,3167,3229,3229,3303
1179,14,95,Stabilization tanks,Stabilization tanks,2,3202,3202,3202,3307
1180,4,100,Microfilter,Microfilter,3,3248,3295,3295,3314
1181,13,117,Stabilization tanks,Stabilization tanks,5,3167,3167,3167,3316
1182,2,119,Harvesting tanks B,Harvesting tanks B,5,3272,3272,3272,3331
1183,1,119,Filters A,Filters A,0,3303,3303,3303,3331
1184,6,100,Microfilter,Microfilter,3,3253,3314,3314,3332
1185,1,99,Harvesting tanks A,Harvesting tanks A,2,3292,3292,3292,3333
1186,1,116,Harvesting tanks A,Harvesting tanks A,1,3308,3308,3308,3337
1187,6,119,Harvesting tanks B,Harvesting tanks B,3,3272,3272,3272,3340
1188,5,119,Filters A,Filters A,2,3303,3303,3303,3340
1189,7,87,Microfilter,Microfilter,2,3244,3290,3290,3347
1190,8,100,Microfilter,Microfilter,3,3258,3332,3332,3349
1191,10,117,Microfilter,Microfilter,0,3136,3227,3227,3352
1192,7,98,Stabilization tanks,Stabilization tanks,4,3256,3256,3256,3352
1193,2,87,Buffer tanks,Buffer tanks,1,3209,3297,3297,3355
1194,0,111,Fermenter_1,Fermenter_1,0,333,3263,3263,3356
1195,12,117,Microfilter,Microfilter,1,3146,3233,3233,3359
1196,6,87,Buffer tanks,Buffer tanks,2,3244,3303,3303,3360
1197,9,117,Buffer tanks,Buffer tanks,0,3136,3237,3237,3362
1198,9,100,Stabilization tanks,Stabilization tanks,0,3267,3267,3267,3364
1199,14,117,Stabilization tanks,Stabilization tanks,8,3228,3228,3228,3365
1200,4,87,Filters B,Filters B,0,3209,3297,3297,3366
1201,4,98,Microfilter,Microfilter,2,3236,3347,3347,3367
1202,6,98,Microfilter,Microfilter,3,3244,3349,3349,3368
1203,2,99,Harvesting tanks A,Harvesting tanks A,3,3292,3292,3292,3373
1204,3,100,Buffer tanks,Buffer tanks,1,3248,3355,3355,3374
1205,5,100,Buffer tanks,Buffer tanks,2,3253,3360,3360,3378
1206,7,100,Buffer tanks,Buffer tanks,0,3258,3362,3362,3379
1207,2,116,Harvesting tanks A,Harvesting tanks A,0,3308,3308,3308,3380
1208,1,100,Filters B,Filters B,0,3248,3366,3366,3381
1209,11,117,Buffer tanks,Buffer tanks,3,3146,3256,3256,3382
1210,3,116,Harvesting tanks B,Harvesting tanks B,1,3308,3308,3308,3386
1211,7,119,Microfilter,Microfilter,0,3304,3352,3352,3388
1212,8,87,Stabilization tanks,Stabilization tanks,10,3267,3267,3267,3394
1213,8,119,Microfilter,Microfilter,1,3304,3359,3359,3395
1214,3,98,Buffer tanks,Buffer tanks,1,3234,3374,3374,3396
1215,0,99,Fermenter_4,Fermenter_4,0,297,3217,3217,3397
1216,5,98,Buffer tanks,Buffer tanks,2,3244,3378,3378,3397
1217,10,119,Microfilter,Microfilter,2,3315,3367,3367,3401
1218,12,119,Microfilter,Microfilter,3,3315,3368,3368,3404
1219,4,99,Harvesting tanks B,Harvesting tanks B,0,3292,3292,3292,3409
1220,3,99,Filters A,Filters A,2,3386,3386,3386,3409
1221,0,116,Fermenter_2,Fermenter_2,0,348,3213,3213,3412
1222,3,119,Buffer tanks,Buffer tanks,0,3303,3379,3379,3416
1223,4,119,Buffer tanks,Buffer tanks,3,3303,3382,3382,3419
1224,5,116,Harvesting tanks B,Harvesting tanks B,2,3308,3308,3308,3423
1225,4,116,Filters A,Filters A,1,3369,3369,3369,3423
1226,1,105,Harvesting tanks A,Harvesting tanks A,2,3383,3383,3383,3423
1227,9,119,Buffer tanks,Buffer tanks,1,3315,3396,3396,3430
1228,11,119,Buffer tanks,Buffer tanks,2,3315,3397,3397,3433
1229,13,119,Stabilization tanks,Stabilization tanks,6,3315,3315,3315,3440
1230,9,99,Harvesting tanks B,Harvesting tanks B,5,3372,3372,3372,3442
1231,7,99,Microfilter,Microfilter,2,3387,3401,3401,3447
1232,8,99,Filters A,Filters A,2,3402,3409,3409,3449
1233,2,105,Harvesting tanks A,Harvesting tanks A,1,3383,3383,3383,3451
1234,8,116,Harvesting tanks B,Harvesting tanks B,4,3347,3347,3347,3452
1235,6,116,Buffer tanks,Buffer tanks,0,3405,3416,3416,3452
1236,7,116,Filters A,Filters A,0,3417,3417,3417,3452
1237,10,116,Microfilter,Microfilter,0,3415,3415,3415,3456
1238,12,99,Harvesting tanks B,Harvesting tanks B,3,3372,3372,3372,3461
1239,14,99,Microfilter,Microfilter,3,3422,3422,3422,3465
1240,2,111,Harvesting tanks B,Harvesting tanks B,1,3331,3386,3386,3469
1241,5,99,Buffer tanks,Buffer tanks,2,3386,3433,3433,3469
1242,0,105,Fermenter_1,Fermenter_1,0,354,3356,3356,3479
1243,11,99,Filters A,Filters A,1,3402,3423,3423,3482
1244,6,99,Buffer tanks,Buffer tanks,0,3402,3452,3452,3483
1245,1,111,Filters A,Filters A,2,3377,3449,3449,3486
1246,3,105,Filters A,Filters A,0,3473,3473,3473,3496
1247,6,105,Harvesting tanks B,Harvesting tanks B,2,3464,3464,3464,3504
1248,5,105,Filters A,Filters A,1,3486,3486,3486,3504
1249,9,116,Buffer tanks,Buffer tanks,3,3369,3419,3419,3506
1250,12,116,Microfilter,Microfilter,1,3371,3395,3395,3507
1251,8,105,Microfilter,Microfilter,0,3475,3475,3475,3509
1252,11,116,Buffer tanks,Buffer tanks,1,3402,3430,3430,3511
1253,1,118,Harvesting tanks A,Harvesting tanks A,3,3472,3472,3472,3513
1254,4,111,Microfilter,Microfilter,2,3379,3447,3447,3516
1255,10,99,Buffer tanks,Buffer tanks,2,3402,3469,3469,3516
1256,11,105,Microfilter,Microfilter,3,3487,3487,3487,3520
1257,4,105,Harvesting tanks B,Harvesting tanks B,0,3383,3409,3409,3522
1258,5,111,Stabilization tanks,Stabilization tanks,1,3448,3448,3448,3537
1259,13,99,Buffer tanks,Buffer tanks,0,3411,3483,3483,3537
1260,9,105,Buffer tanks,Buffer tanks,2,3487,3516,3516,3541
1261,13,105,Microfilter,Microfilter,1,3488,3507,3507,3542
1262,7,105,Buffer tanks,Buffer tanks,1,3473,3511,3511,3547
1263,2,118,Harvesting tanks A,Harvesting tanks A,0,3472,3472,3472,3553
1264,15,99,Stabilization tanks,Stabilization tanks,3,3422,3422,3422,3554
1265,10,105,Buffer tanks,Buffer tanks,0,3501,3537,3537,3556
1266,13,116,Stabilization tanks,Stabilization tanks,9,3415,3415,3415,3572
1267,0,118,Fermenter_4,Fermenter_4,0,315,3397,3397,3577
1268,3,111,Buffer tanks,Buffer tanks,3,3377,3506,3506,3577
1269,12,105,Buffer tanks,Buffer tanks,2,3486,3541,3541,3578
1270,4,118,Harvesting tanks B,Harvesting tanks B,5,3472,3472,3472,3589
1271,3,118,Filters A,Filters A,2,3566,3566,3566,3589
1272,5,118,Buffer tanks,Buffer tanks,1,3566,3566,3566,3602
1273,14,105,Stabilization tanks,Stabilization tanks,7,3509,3509,3509,3612
1274,7,118,Microfilter,Microfilter,0,3567,3567,3567,3613
1275,6,118,Buffer tanks,Buffer tanks,0,3582,3582,3582,3613
1276,9,118,Harvesting tanks B,Harvesting tanks B,4,3552,3552,3552,3622
1277,8,118,Filters A,Filters A,0,3582,3582,3582,3622
1278,10,118,Buffer tanks,Buffer tanks,3,3582,3582,3582,3629
1279,12,118,Harvesting tanks B,Harvesting tanks B,3,3552,3552,3552,3641
1280,11,118,Filters A,Filters A,1,3582,3582,3582,3641
1281,13,118,Buffer tanks,Buffer tanks,2,3591,3591,3591,3645
1282,14,118,Microfilter,Microfilter,2,3602,3602,3602,3645
1283,15,118,Stabilization tanks,Stabilization tanks,2,3602,3602,3602,3734
1284,0,110,Fermenter_4,Fermenter_4,0,330,3577,3577,3739
1285,1,110,Harvesting tanks B,Harvesting tanks B,1,3716,3716,3716,3766
1286,2,110,Buffer tanks,Buffer tanks,1,3731,3731,3731,3789
1287,3,110,Microfilter,Microfilter,3,3731,3731,3731,3789
1288,5,110,Harvesting tanks B,Harvesting tanks B,2,3716,3716,3716,3800
1289,4,110,Filters B,Filters B,0,3731,3731,3731,3800
1290,6,110,Buffer tanks,Buffer tanks,0,3766,3766,3766,3823
1291,7,110,Microfilter,Microfilter,1,3766,3766,3766,3823
1292,1,112,Harvesting tanks A,Harvesting tanks A,2,3811,3811,3811,3841
1293,2,112,Harvesting tanks A,Harvesting tanks A,1,3811,3811,3811,3881
1294,0,112,Fermenter_4,Fermenter_4,0,336,3739,3739,3906
1295,4,112,Harvesting tanks B,Harvesting tanks B,0,3811,3811,3811,3914
1296,3,112,Filters A,Filters A,2,3887,3887,3887,3914
1297,8,110,Stabilization tanks,Stabilization tanks,5,3789,3789,3789,3916
1298,5,112,Buffer tanks,Buffer tanks,3,3887,3887,3887,3949
1299,6,112,Microfilter,Microfilter,0,3888,3888,3888,3949
1300,7,112,Buffer tanks,Buffer tanks,2,3897,3897,3897,3959
1301,8,112,Microfilter,Microfilter,2,3898,3898,3898,3959
1302,10,112,Microfilter,Microfilter,3,3903,3903,3903,3963
1303,9,112,Buffer tanks,Buffer tanks,1,3913,3913,3913,3963
1304,12,112,Harvesting tanks B,Harvesting tanks B,5,3876,3876,3876,3981
1305,11,112,Filters A,Filters A,0,3897,3897,3897,3981
1306,13,112,Buffer tanks,Buffer tanks,0,3903,3903,3903,4007
1307,14,112,Microfilter,Microfilter,1,3948,3948,3948,4007
1308,0,113,Fermenter_4,Fermenter_4,0,339,3906,3906,4064
1309,1,113,Buffer tanks,Buffer tanks,3,4057,4057,4057,4085
1310,2,113,Microfilter,Microfilter,0,4057,4057,4057,4085
1311,4,113,Harvesting tanks B,Harvesting tanks B,4,4042,4042,4042,4087
1312,3,113,Filters A,Filters A,1,4057,4057,4057,4087
1313,15,112,Stabilization tanks,Stabilization tanks,4,3940,3940,3940,4100
1314,5,113,Buffer tanks,Buffer tanks,2,4072,4072,4072,4100
1315,6,113,Microfilter,Microfilter,2,4072,4072,4072,4100
1316,7,113,Stabilization tanks,Stabilization tanks,0,4085,4085,4085,4193
